timestamp,pv_power_kw,home_load_kw,irradiance_w_m2,cloud_cover_pct,temperature_c,buy_price_eur_kwh,sell_price_eur_kwh
2025-03-01T00:00:00,0.0,0.5567,0.0,6.5,4.1,0.06486,0.05686
2025-03-01T00:15:00,0.022,0.4685,15.6,19.4,3.0,0.06901,0.06101
2025-03-01T00:30:00,0.015,0.3947,11.0,12.2,4.5,0.06296,0.05496
2025-03-01T00:45:00,0.006,0.5504,4.5,14.2,4.3,0.07131,0.06331
2025-03-01T01:00:00,0.0,0.4548,0.0,19.0,1.2,0.06497,0.05697
2025-03-01T01:15:00,0.0121,0.4359,9.1,25.0,2.6,0.0685,0.0605
2025-03-01T01:30:00,0.0,0.6109,0.0,14.2,2.7,0.05725,0.04925
2025-03-01T01:45:00,0.0207,0.419,15.9,16.4,1.6,0.06708,0.05908
2025-03-01T02:00:00,0.0,0.4392,0.0,25.7,3.1,0.05487,0.04687
2025-03-01T02:15:00,0.0065,0.4623,4.6,11.2,3.6,0.05279,0.04479
2025-03-01T02:30:00,0.0,0.4778,0.0,17.7,2.0,0.06318,0.05518
2025-03-01T02:45:00,0.0,0.4066,0.0,20.3,1.0,0.05961,0.05161
2025-03-01T03:00:00,0.0,0.5864,0.0,18.5,2.8,0.06601,0.05801
2025-03-01T03:15:00,0.0,0.376,0.0,10.0,2.0,0.07852,0.07052
2025-03-01T03:30:00,0.0,0.4351,0.0,26.0,2.0,0.06012,0.05212
2025-03-01T03:45:00,0.0,0.4876,0.0,18.5,3.2,0.06146,0.05346
2025-03-01T04:00:00,0.0084,0.5014,6.1,18.1,1.1,0.06661,0.05861
2025-03-01T04:15:00,0.0,0.4362,0.0,6.5,2.8,0.06864,0.06064
2025-03-01T04:30:00,0.0141,0.4289,10.3,15.7,3.9,0.06511,0.05711
2025-03-01T04:45:00,0.0,0.4959,0.0,15.5,3.2,0.06569,0.05769
2025-03-01T05:00:00,0.0,0.4766,0.0,26.2,3.1,0.07227,0.06427
2025-03-01T05:15:00,0.0,0.5708,0.0,15.6,3.8,0.0728,0.0648
2025-03-01T05:30:00,0.0,0.5308,0.0,12.3,4.0,0.06569,0.05769
2025-03-01T05:45:00,0.0,0.6309,0.0,16.9,3.4,0.07431,0.06631
2025-03-01T06:00:00,0.0,0.7824,0.0,20.0,4.2,0.0786,0.0706
2025-03-01T06:15:00,0.0311,0.8026,21.7,19.6,4.9,0.07629,0.06829
2025-03-01T06:30:00,0.0,0.9239,0.0,22.2,4.1,0.08889,0.08089
2025-03-01T06:45:00,0.0731,0.9898,54.5,13.5,4.5,0.08709,0.07909
2025-03-01T07:00:00,0.0924,1.0232,65.8,20.4,3.6,0.10279,0.09479
2025-03-01T07:15:00,0.1089,1.0041,79.0,12.1,4.5,0.1022,0.0942
2025-03-01T07:30:00,0.1549,1.0099,115.3,9.5,6.7,0.10457,0.09657
2025-03-01T07:45:00,0.2012,0.9431,143.4,21.4,5.5,0.102,0.094
2025-03-01T08:00:00,0.273,1.096,206.5,7.1,6.7,0.10455,0.09655
2025-03-01T08:15:00,0.2975,1.0184,226.2,10.6,6.4,0.0911,0.0831
2025-03-01T08:30:00,0.3079,0.7268,232.4,14.0,6.2,0.09227,0.08427
2025-03-01T08:45:00,0.4079,0.8662,288.9,11.4,7.5,0.09558,0.08758
2025-03-01T09:00:00,0.3907,0.6615,287.7,19.0,6.9,0.07371,0.06571
2025-03-01T09:15:00,0.3632,0.5771,258.4,29.4,8.1,0.08377,0.07577
2025-03-01T09:30:00,0.4437,0.5715,337.9,19.2,7.5,0.05997,0.05197
2025-03-01T09:45:00,0.451,0.5114,350.6,15.8,7.2,0.06668,0.05868
2025-03-01T10:00:00,0.494,0.4743,360.8,16.4,9.3,0.04898,0.04098
2025-03-01T10:15:00,0.4386,0.4203,325.9,23.8,7.4,0.05105,0.04305
2025-03-01T10:30:00,0.529,0.5987,412.9,18.7,9.2,0.04002,0.03202
2025-03-01T10:45:00,0.5881,0.5092,430.2,19.6,10.1,0.02344,0.01544
2025-03-01T11:00:00,0.5741,0.553,398.6,27.9,10.1,0.03418,0.02618
2025-03-01T11:15:00,0.6602,0.4653,482.6,7.4,9.5,0.02996,0.02196
2025-03-01T11:30:00,0.5934,0.4261,455.4,25.5,10.4,0.01614,0.00814
2025-03-01T11:45:00,0.6458,0.457,485.5,9.3,10.9,0.01074,0.00274
2025-03-01T12:00:00,0.6226,0.2604,469.3,18.3,11.5,0.00793,-7e-05
2025-03-01T12:15:00,0.69,0.3499,539.5,1.2,11.3,0.00025,-0.00775
2025-03-01T12:30:00,0.6418,0.3389,487.3,13.8,11.2,0.01065,0.00265
2025-03-01T12:45:00,0.6027,0.4093,458.8,8.9,11.8,-0.00045,-0.00845
2025-03-01T13:00:00,0.5902,0.5691,440.7,22.6,11.3,0.00208,-0.00592
2025-03-01T13:15:00,0.6193,0.468,463.0,14.3,11.5,-0.00197,-0.00997
2025-03-01T13:30:00,0.5284,0.4936,387.7,25.9,11.8,0.00024,-0.00776
2025-03-01T13:45:00,0.5644,0.5099,409.8,15.7,11.7,-0.00169,-0.00969
2025-03-01T14:00:00,0.5429,0.4512,394.9,13.1,11.8,0.0162,0.0082
2025-03-01T14:15:00,0.4887,0.4232,359.8,19.0,11.9,0.01103,0.00303
2025-03-01T14:30:00,0.4537,0.315,343.3,15.9,13.7,0.02159,0.01359
2025-03-01T14:45:00,0.4243,0.4109,311.4,17.1,12.1,0.02015,0.01215
2025-03-01T15:00:00,0.3856,0.4116,282.2,21.1,12.0,0.02053,0.01253
2025-03-01T15:15:00,0.4109,0.4369,274.9,15.6,12.7,0.02766,0.01966
2025-03-01T15:30:00,0.2833,0.5124,210.8,19.8,11.3,0.03142,0.02342
2025-03-01T15:45:00,0.3456,0.4287,252.1,1.4,13.7,0.04021,0.03221
2025-03-01T16:00:00,0.2364,0.5427,170.6,24.9,12.7,0.0435,0.0355
2025-03-01T16:15:00,0.2042,0.5608,147.0,16.9,10.8,0.04978,0.04178
2025-03-01T16:30:00,0.1421,0.6087,111.3,12.4,12.8,0.0494,0.0414
2025-03-01T16:45:00,0.0911,0.5726,67.5,27.1,11.7,0.0592,0.0512
2025-03-01T17:00:00,0.0449,0.8112,34.6,18.8,10.2,0.08063,0.07263
2025-03-01T17:15:00,0.0,0.7446,0.0,12.6,11.4,0.0736,0.0656
2025-03-01T17:30:00,0.0,0.7916,0.0,16.3,11.2,0.07841,0.07041
2025-03-01T17:45:00,0.0,1.0019,0.0,20.0,11.6,0.09392,0.08592
2025-03-01T18:00:00,0.0007,1.0719,0.5,7.1,11.5,0.10737,0.09937
2025-03-01T18:15:00,0.0,1.1159,0.0,12.4,11.3,0.09686,0.08886
2025-03-01T18:30:00,0.0158,1.1716,11.3,13.1,11.1,0.11035,0.10235
2025-03-01T18:45:00,0.0,1.2303,0.0,17.1,10.9,0.11291,0.10491
2025-03-01T19:00:00,0.0,1.3106,0.0,19.4,9.8,0.11005,0.10205
2025-03-01T19:15:00,0.0036,1.3947,2.6,20.4,9.5,0.12757,0.11957
2025-03-01T19:30:00,0.0,1.3308,0.0,16.2,8.5,0.12406,0.11606
2025-03-01T19:45:00,0.0222,1.4181,16.4,8.6,8.7,0.12413,0.11613
2025-03-01T20:00:00,0.0,1.2749,0.0,18.4,8.7,0.11723,0.10923
2025-03-01T20:15:00,0.0616,1.2842,43.9,12.2,7.7,0.12121,0.11321
2025-03-01T20:30:00,0.0185,1.2219,13.7,11.4,9.1,0.11093,0.10293
2025-03-01T20:45:00,0.0045,1.0809,3.4,4.5,8.8,0.10824,0.10024
2025-03-01T21:00:00,0.0131,1.0503,9.8,9.8,7.2,0.09693,0.08893
2025-03-01T21:15:00,0.0,0.95,0.0,11.2,6.8,0.09064,0.08264
2025-03-01T21:30:00,0.0425,0.7866,32.9,8.8,6.6,0.10045,0.09245
2025-03-01T21:45:00,0.0165,0.7088,12.3,12.7,6.4,0.08426,0.07626
2025-03-01T22:00:00,0.0,0.6928,0.0,25.1,6.0,0.08444,0.07644
2025-03-01T22:15:00,0.0029,0.7221,2.1,17.7,5.5,0.07849,0.07049
2025-03-01T22:30:00,0.035,0.7006,24.5,16.5,4.9,0.07269,0.06469
2025-03-01T22:45:00,0.0,0.4975,0.0,13.9,5.7,0.06957,0.06157
2025-03-01T23:00:00,0.0187,0.5454,13.5,19.5,3.6,0.07426,0.06626
2025-03-01T23:15:00,0.0,0.5843,0.0,18.7,4.2,0.06704,0.05904
2025-03-01T23:30:00,0.0,0.5046,0.0,18.1,4.4,0.06673,0.05873
2025-03-01T23:45:00,0.0,0.5671,0.0,18.0,3.9,0.0669,0.0589
2025-03-02T00:00:00,0.0,0.4486,0.0,27.6,3.9,0.07206,0.06406
2025-03-02T00:15:00,0.0,0.4302,0.0,17.1,2.9,0.06908,0.06108
2025-03-02T00:30:00,0.0263,0.4473,18.9,16.0,4.1,0.0673,0.0593
2025-03-02T00:45:00,0.0201,0.4552,14.4,14.2,3.3,0.06162,0.05362
2025-03-02T01:00:00,0.0084,0.48,6.0,14.3,2.5,0.05671,0.04871
2025-03-02T01:15:00,0.0247,0.3073,18.8,9.1,1.8,0.0707,0.0627
2025-03-02T01:30:00,0.0,0.4035,0.0,21.6,2.6,0.0708,0.0628
2025-03-02T01:45:00,0.0,0.47,0.0,17.2,0.9,0.06416,0.05616
2025-03-02T02:00:00,0.0,0.4489,0.0,17.8,1.8,0.06825,0.06025
2025-03-02T02:15:00,0.0202,0.5788,14.3,18.0,1.9,0.06969,0.06169
2025-03-02T02:30:00,0.0,0.4744,0.0,19.9,2.6,0.06999,0.06199
2025-03-02T02:45:00,0.049,0.4447,36.4,22.2,2.9,0.07054,0.06254
2025-03-02T03:00:00,0.0272,0.5078,20.5,21.0,1.5,0.06229,0.05429
2025-03-02T03:15:00,0.0,0.5795,0.0,24.8,1.6,0.07414,0.06614
2025-03-02T03:30:00,0.0042,0.3721,3.1,24.9,3.2,0.05763,0.04963
2025-03-02T03:45:00,0.0047,0.4605,3.7,9.9,2.4,0.07038,0.06238
2025-03-02T04:00:00,0.0,0.4575,0.0,16.8,3.3,0.06834,0.06034
2025-03-02T04:15:00,0.0,0.4853,0.0,19.7,1.5,0.07092,0.06292
2025-03-02T04:30:00,0.0281,0.5639,20.3,13.3,2.9,0.07744,0.06944
2025-03-02T04:45:00,0.0096,0.5306,7.0,16.5,3.0,0.07583,0.06783
2025-03-02T05:00:00,0.0137,0.5738,10.7,19.8,3.2,0.06118,0.05318
2025-03-02T05:15:00,0.0,0.6195,0.0,23.7,3.0,0.05954,0.05154
2025-03-02T05:30:00,0.0019,0.5767,1.4,16.4,3.4,0.07679,0.06879
2025-03-02T05:45:00,0.0,0.5789,0.0,14.7,4.5,0.06869,0.06069
2025-03-02T06:00:00,0.0,0.7037,0.0,15.2,4.4,0.0783,0.0703
2025-03-02T06:15:00,0.0,0.7802,0.0,24.2,3.9,0.08764,0.07964
2025-03-02T06:30:00,0.0,0.8234,0.0,13.6,5.4,0.07745,0.06945
2025-03-02T06:45:00,0.0236,0.892,17.6,23.3,4.2,0.07955,0.07155
2025-03-02T07:00:00,0.0827,0.953,59.9,9.0,5.6,0.09848,0.09048
2025-03-02T07:15:00,0.1496,1.0139,110.4,24.8,5.2,0.10126,0.09326
2025-03-02T07:30:00,0.1269,1.0366,96.7,24.2,6.2,0.1025,0.0945
2025-03-02T07:45:00,0.2219,1.0648,164.9,23.7,6.1,0.10569,0.09769
2025-03-02T08:00:00,0.2633,0.9833,200.7,21.2,5.4,0.09999,0.09199
2025-03-02T08:15:00,0.3178,0.8995,222.6,22.4,5.6,0.09386,0.08586
2025-03-02T08:30:00,0.3455,0.8367,263.5,11.8,7.1,0.09788,0.08988
2025-03-02T08:45:00,0.3889,0.7811,271.6,22.2,6.3,0.08735,0.07935
2025-03-02T09:00:00,0.4103,0.7107,308.1,20.6,7.0,0.07634,0.06834
2025-03-02T09:15:00,0.4029,0.6642,309.4,17.0,8.4,0.08138,0.07338
2025-03-02T09:30:00,0.3902,0.6512,289.7,30.1,8.2,0.06968,0.06168
2025-03-02T09:45:00,0.4846,0.5134,339.8,23.9,7.8,0.0641,0.0561
2025-03-02T10:00:00,0.5361,0.5631,392.7,12.5,9.0,0.04755,0.03955
2025-03-02T10:15:00,0.5543,0.4003,389.0,22.5,9.5,0.04177,0.03377
2025-03-02T10:30:00,0.5492,0.5089,394.0,19.9,10.4,0.03248,0.02448
2025-03-02T10:45:00,0.5379,0.5226,391.8,25.6,10.7,0.02649,0.01849
2025-03-02T11:00:00,0.5732,0.3989,429.9,21.4,11.3,0.02691,0.01891
2025-03-02T11:15:00,0.6692,0.5129,479.9,4.1,11.3,0.01557,0.00757
2025-03-02T11:30:00,0.6063,0.4607,444.2,17.3,11.7,0.01754,0.00954
2025-03-02T11:45:00,0.57,0.4594,425.9,21.6,10.1,0.0132,0.0052
2025-03-02T12:00:00,0.6282,0.4621,463.4,23.7,9.2,0.01975,0.01175
2025-03-02T12:15:00,0.6168,0.4853,444.4,20.2,9.7,-0.00361,-0.01161
2025-03-02T12:30:00,0.5939,0.3803,432.7,17.8,11.0,0.00799,-1e-05
2025-03-02T12:45:00,0.5885,0.4523,417.1,28.2,11.8,0.00085,-0.00715
2025-03-02T13:00:00,0.6243,0.3697,430.1,22.3,12.3,0.00087,-0.00713
2025-03-02T13:15:00,0.6213,0.4052,448.1,11.9,12.8,-0.00734,-0.01534
2025-03-02T13:30:00,0.5911,0.4712,424.3,14.5,13.1,-0.00016,-0.00816
2025-03-02T13:45:00,0.5007,0.348,360.3,27.8,11.1,0.00908,0.00108
2025-03-02T14:00:00,0.52,0.4931,376.2,22.2,11.6,0.00687,-0.00113
2025-03-02T14:15:00,0.4902,0.4791,361.7,22.3,12.2,0.01123,0.00323
2025-03-02T14:30:00,0.4167,0.3935,312.2,36.0,12.3,0.01291,0.00491
2025-03-02T14:45:00,0.4664,0.4062,347.8,24.8,13.0,0.02595,0.01795
2025-03-02T15:00:00,0.4129,0.4137,312.3,14.6,12.6,0.02362,0.01562
2025-03-02T15:15:00,0.392,0.4502,282.2,15.5,12.7,0.01557,0.00757
2025-03-02T15:30:00,0.309,0.5514,236.5,18.5,13.0,0.02988,0.02188
2025-03-02T15:45:00,0.3298,0.5995,243.3,9.5,12.7,0.02769,0.01969
2025-03-02T16:00:00,0.1935,0.4781,146.1,20.4,13.5,0.02568,0.01768
2025-03-02T16:15:00,0.2025,0.4847,152.6,8.7,13.0,0.04792,0.03992
2025-03-02T16:30:00,0.1625,0.5314,117.0,15.3,10.4,0.06527,0.05727
2025-03-02T16:45:00,0.1242,0.6126,90.9,16.3,12.5,0.06399,0.05599
2025-03-02T17:00:00,0.0777,0.6626,55.6,17.1,12.1,0.06339,0.05539
2025-03-02T17:15:00,0.0083,0.7677,6.3,14.9,13.2,0.07176,0.06376
2025-03-02T17:30:00,0.0251,0.9184,18.8,13.8,11.6,0.09134,0.08334
2025-03-02T17:45:00,0.0,0.8354,0.0,27.5,11.2,0.09271,0.08471
2025-03-02T18:00:00,0.0,1.002,0.0,20.8,11.1,0.09911,0.09111
2025-03-02T18:15:00,0.0,0.9488,0.0,14.3,10.6,0.10518,0.09718
2025-03-02T18:30:00,0.0,1.138,0.0,23.3,9.2,0.11177,0.10377
2025-03-02T18:45:00,0.0,1.2094,0.0,16.7,9.6,0.12148,0.11348
2025-03-02T19:00:00,0.009,1.2133,6.6,26.7,10.2,0.1239,0.1159
2025-03-02T19:15:00,0.0,1.3844,0.0,14.4,10.6,0.12443,0.11643
2025-03-02T19:30:00,0.0087,1.3008,6.1,10.4,9.7,0.11793,0.10993
2025-03-02T19:45:00,0.0026,1.3426,2.0,15.9,8.3,0.12676,0.11876
2025-03-02T20:00:00,0.0,1.3071,0.0,20.2,7.6,0.11763,0.10963
2025-03-02T20:15:00,0.0,1.2799,0.0,27.1,6.4,0.12504,0.11704
2025-03-02T20:30:00,0.0,1.1439,0.0,24.6,5.1,0.10654,0.09854
2025-03-02T20:45:00,0.0184,0.9852,14.3,18.5,8.0,0.10826,0.10026
2025-03-02T21:00:00,0.0,1.0849,0.0,29.0,7.5,0.10353,0.09553
2025-03-02T21:15:00,0.0043,0.9033,3.1,12.9,8.5,0.08999,0.08199
2025-03-02T21:30:00,0.0041,0.8015,3.1,21.8,5.1,0.10277,0.09477
2025-03-02T21:45:00,0.0,0.8393,0.0,16.6,7.1,0.09606,0.08806
2025-03-02T22:00:00,0.0081,0.5813,6.0,14.5,5.5,0.0799,0.0719
2025-03-02T22:15:00,0.0,0.6469,0.0,30.0,5.5,0.08332,0.07532
2025-03-02T22:30:00,0.0052,0.4763,3.9,34.4,4.2,0.07761,0.06961
2025-03-02T22:45:00,0.0213,0.5724,15.3,22.5,5.7,0.05694,0.04894
2025-03-02T23:00:00,0.0052,0.5531,3.9,7.2,3.7,0.07198,0.06398
2025-03-02T23:15:00,0.0024,0.4423,1.8,30.1,3.8,0.06848,0.06048
2025-03-02T23:30:00,0.0105,0.4328,7.9,22.8,3.3,0.06813,0.06013
2025-03-02T23:45:00,0.0,0.4855,0.0,28.5,2.3,0.0603,0.0523
2025-03-03T00:00:00,0.0317,0.3555,23.4,30.1,4.5,0.06338,0.05538
2025-03-03T00:15:00,0.0,0.3631,0.0,25.0,4.2,0.06393,0.05593
2025-03-03T00:30:00,0.0167,0.3341,12.8,32.8,4.3,0.07213,0.06413
2025-03-03T00:45:00,0.0211,0.3369,15.9,17.2,4.2,0.06701,0.05901
2025-03-03T01:00:00,0.0,0.3605,0.0,13.0,2.8,0.06497,0.05697
2025-03-03T01:15:00,0.0102,0.3933,7.5,22.3,2.7,0.07417,0.06617
2025-03-03T01:30:00,0.0,0.4807,0.0,21.4,2.9,0.06167,0.05367
2025-03-03T01:45:00,0.0117,0.3439,8.1,25.3,2.5,0.06266,0.05466
2025-03-03T02:00:00,0.0,0.3926,0.0,23.4,3.1,0.0541,0.0461
2025-03-03T02:15:00,0.0338,0.3318,25.2,18.8,2.6,0.07442,0.06642
2025-03-03T02:30:00,0.0,0.327,0.0,23.4,2.1,0.07079,0.06279
2025-03-03T02:45:00,0.0014,0.4691,1.1,22.8,1.9,0.07051,0.06251
2025-03-03T03:00:00,0.002,0.339,1.4,14.9,2.8,0.06904,0.06104
2025-03-03T03:15:00,0.0265,0.4612,19.4,25.1,2.0,0.06571,0.05771
2025-03-03T03:30:00,0.0,0.4063,0.0,9.9,1.4,0.0664,0.0584
2025-03-03T03:45:00,0.0226,0.4311,16.1,14.2,3.2,0.06369,0.05569
2025-03-03T04:00:00,0.0,0.2937,0.0,18.0,2.6,0.06416,0.05616
2025-03-03T04:15:00,0.011,0.2792,8.0,11.4,2.8,0.06601,0.05801
2025-03-03T04:30:00,0.0,0.4894,0.0,32.8,3.1,0.07524,0.06724
2025-03-03T04:45:00,0.0214,0.3738,16.0,17.8,2.3,0.07026,0.06226
2025-03-03T05:00:00,0.0,0.3894,0.0,26.2,2.2,0.06771,0.05971
2025-03-03T05:15:00,0.0108,0.439,7.9,20.9,3.6,0.06621,0.05821
2025-03-03T05:30:00,0.0179,0.4963,13.1,31.3,1.0,0.0681,0.0601
2025-03-03T05:45:00,0.0,0.4398,0.0,19.4,3.4,0.08443,0.07643
2025-03-03T06:00:00,0.0,0.6928,0.0,25.6,2.8,0.08146,0.07346
2025-03-03T06:15:00,0.0,0.6569,0.0,22.7,5.3,0.08308,0.07508
2025-03-03T06:30:00,0.0116,0.7865,8.8,23.8,5.7,0.08533,0.07733
2025-03-03T06:45:00,0.0289,0.9128,21.4,18.8,3.9,0.08569,0.07769
2025-03-03T07:00:00,0.0971,0.8784,69.5,23.4,5.9,0.0967,0.0887
2025-03-03T07:15:00,0.1044,0.8277,77.7,21.6,4.6,0.10648,0.09848
2025-03-03T07:30:00,0.1845,0.9314,131.6,13.5,6.9,0.10195,0.09395
2025-03-03T07:45:00,0.18,0.8555,139.4,7.7,7.5,0.10453,0.09653
2025-03-03T08:00:00,0.2716,0.8588,204.1,12.2,5.5,0.1044,0.0964
2025-03-03T08:15:00,0.2839,0.8033,215.8,26.5,6.4,0.10433,0.09633
2025-03-03T08:30:00,0.2955,0.7342,231.4,26.8,7.0,0.09025,0.08225
2025-03-03T08:45:00,0.3735,0.5966,258.5,32.8,6.1,0.09293,0.08493
2025-03-03T09:00:00,0.4101,0.4822,302.8,17.1,7.4,0.08251,0.07451
2025-03-03T09:15:00,0.4435,0.5584,307.2,22.3,8.2,0.08541,0.07741
2025-03-03T09:30:00,0.4752,0.4261,344.3,22.1,8.1,0.06754,0.05954
2025-03-03T09:45:00,0.4338,0.4546,330.1,25.6,9.5,0.06764,0.05964
2025-03-03T10:00:00,0.5342,0.3574,378.0,24.0,9.1,0.06559,0.05759
2025-03-03T10:15:00,0.5301,0.3506,382.9,28.4,8.9,0.04727,0.03927
2025-03-03T10:30:00,0.5602,0.4237,388.4,20.8,9.5,0.0388,0.0308
2025-03-03T10:45:00,0.5896,0.2463,423.7,20.1,11.6,0.0374,0.0294
2025-03-03T11:00:00,0.6422,0.3006,475.4,10.8,11.3,0.03069,0.02269
2025-03-03T11:15:00,0.6001,0.351,435.3,27.7,8.9,0.01977,0.01177
2025-03-03T11:30:00,0.6444,0.3449,477.3,16.2,10.4,0.02411,0.01611
2025-03-03T11:45:00,0.54,0.2876,410.6,32.2,10.5,0.02963,0.02163
2025-03-03T12:00:00,0.5842,0.3121,434.8,24.6,10.9,0.01281,0.00481
2025-03-03T12:15:00,0.6508,0.2279,464.1,17.9,10.9,0.0106,0.0026
2025-03-03T12:30:00,0.5503,0.4302,417.6,23.5,10.1,0.00369,-0.00431
2025-03-03T12:45:00,0.6046,0.2726,431.9,24.8,10.7,0.01075,0.00275
2025-03-03T13:00:00,0.5942,0.3516,420.9,20.6,13.4,0.00096,-0.00704
2025-03-03T13:15:00,0.6585,0.2494,482.3,12.6,11.6,0.00217,-0.00583
2025-03-03T13:30:00,0.5321,0.2887,395.8,24.5,11.6,0.01758,0.00958
2025-03-03T13:45:00,0.5387,0.2783,387.0,27.6,11.7,0.00626,-0.00174
2025-03-03T14:00:00,0.5722,0.2654,427.8,16.6,13.6,0.02061,0.01261
2025-03-03T14:15:00,0.4909,0.2668,352.6,22.9,12.5,0.02626,0.01826
2025-03-03T14:30:00,0.4926,0.364,356.0,22.5,11.6,0.02215,0.01415
2025-03-03T14:45:00,0.414,0.2976,305.3,22.2,13.4,0.0278,0.0198
2025-03-03T15:00:00,0.3533,0.244,263.9,32.9,12.4,0.04042,0.03242
2025-03-03T15:15:00,0.3215,0.4032,243.5,30.5,11.3,0.03203,0.02403
2025-03-03T15:30:00,0.3186,0.3964,235.5,28.3,12.0,0.0344,0.0264
2025-03-03T15:45:00,0.2624,0.3769,199.9,30.8,10.5,0.03482,0.02682
2025-03-03T16:00:00,0.2426,0.3991,179.2,24.1,13.7,0.0484,0.0404
2025-03-03T16:15:00,0.2048,0.418,149.9,21.9,12.5,0.06249,0.05449
2025-03-03T16:30:00,0.1323,0.3858,98.4,23.5,12.1,0.06514,0.05714
2025-03-03T16:45:00,0.1532,0.5339,111.2,20.1,13.9,0.05981,0.05181
2025-03-03T17:00:00,0.0616,0.5678,44.0,15.3,11.3,0.06673,0.05873
2025-03-03T17:15:00,0.0153,0.6205,11.7,18.1,11.8,0.07554,0.06754
2025-03-03T17:30:00,0.0,0.7313,0.0,28.6,9.9,0.08724,0.07924
2025-03-03T17:45:00,0.0238,0.7856,18.0,11.0,12.7,0.09126,0.08326
2025-03-03T18:00:00,0.0,0.8199,0.0,12.9,11.4,0.10067,0.09267
2025-03-03T18:15:00,0.0224,1.01,16.6,28.6,10.6,0.10772,0.09972
2025-03-03T18:30:00,0.0088,0.9989,6.3,26.2,9.9,0.11008,0.10208
2025-03-03T18:45:00,0.002,1.0379,1.4,33.5,8.8,0.11666,0.10866
2025-03-03T19:00:00,0.0,1.243,0.0,19.3,10.0,0.12201,0.11401
2025-03-03T19:15:00,0.0,1.1711,0.0,28.6,10.3,0.12277,0.11477
2025-03-03T19:30:00,0.0096,1.2329,7.1,34.6,7.9,0.1273,0.1193
2025-03-03T19:45:00,0.0,1.296,0.0,16.9,8.2,0.13499,0.12699
2025-03-03T20:00:00,0.0,1.1863,0.0,14.6,8.9,0.12533,0.11733
2025-03-03T20:15:00,0.0,1.147,0.0,25.7,9.7,0.11884,0.11084
2025-03-03T20:30:00,0.019,1.0024,14.8,28.4,7.3,0.10407,0.09607
2025-03-03T20:45:00,0.0,0.9076,0.0,32.5,8.8,0.11143,0.10343
2025-03-03T21:00:00,0.0,0.8118,0.0,28.5,6.8,0.09191,0.08391
2025-03-03T21:15:00,0.0216,0.8145,16.5,33.3,6.5,0.08949,0.08149
2025-03-03T21:30:00,0.0063,0.6803,4.4,23.3,6.1,0.09757,0.08957
2025-03-03T21:45:00,0.0,0.5924,0.0,20.9,6.1,0.09154,0.08354
2025-03-03T22:00:00,0.0,0.583,0.0,24.9,6.6,0.08179,0.07379
2025-03-03T22:15:00,0.0168,0.4275,12.9,22.7,6.5,0.06843,0.06043
2025-03-03T22:30:00,0.0146,0.4902,10.9,29.6,5.8,0.07311,0.06511
2025-03-03T22:45:00,0.0132,0.4912,10.0,21.0,4.5,0.06855,0.06055
2025-03-03T23:00:00,0.0169,0.4533,12.7,20.6,4.9,0.0743,0.0663
2025-03-03T23:15:00,0.0,0.4615,0.0,24.8,5.6,0.08239,0.07439
2025-03-03T23:30:00,0.0096,0.3694,7.4,18.6,4.5,0.06894,0.06094
2025-03-03T23:45:00,0.0,0.3156,0.0,27.7,3.1,0.06209,0.05409
2025-03-04T00:00:00,0.0,0.3487,0.0,30.6,2.7,0.05798,0.04998
2025-03-04T00:15:00,0.0323,0.3221,23.1,45.3,1.1,0.06466,0.05666
2025-03-04T00:30:00,0.0084,0.2676,6.1,34.3,4.1,0.06394,0.05594
2025-03-04T00:45:00,0.008,0.3969,6.3,43.9,2.9,0.05809,0.05009
2025-03-04T01:00:00,0.0346,0.3311,26.1,45.5,2.8,0.0657,0.0577
2025-03-04T01:15:00,0.0,0.3883,0.0,34.6,2.7,0.05809,0.05009
2025-03-04T01:30:00,0.0,0.4149,0.0,37.2,1.9,0.07167,0.06367
2025-03-04T01:45:00,0.0159,0.1863,11.9,37.8,1.9,0.07138,0.06338
2025-03-04T02:00:00,0.0,0.2848,0.0,35.5,2.2,0.07151,0.06351
2025-03-04T02:15:00,0.0077,0.3097,5.3,54.8,2.5,0.06216,0.05416
2025-03-04T02:30:00,0.0,0.3617,0.0,45.0,2.0,0.06809,0.06009
2025-03-04T02:45:00,0.0,0.3005,0.0,36.9,1.1,0.06422,0.05622
2025-03-04T03:00:00,0.0,0.378,0.0,52.8,0.8,0.06269,0.05469
2025-03-04T03:15:00,0.0147,0.3658,11.4,49.0,0.1,0.06302,0.05502
2025-03-04T03:30:00,0.0,0.3297,0.0,41.4,1.6,0.05731,0.04931
2025-03-04T03:45:00,0.0,0.3598,0.0,46.6,1.4,0.05655,0.04855
2025-03-04T04:00:00,0.0,0.2765,0.0,50.8,1.2,0.07015,0.06215
2025-03-04T04:15:00,0.0,0.2992,0.0,44.9,1.4,0.06454,0.05654
2025-03-04T04:30:00,0.005,0.4013,3.7,34.1,1.9,0.06747,0.05947
2025-03-04T04:45:00,0.0229,0.3127,16.8,46.8,2.1,0.07295,0.06495
2025-03-04T05:00:00,0.0074,0.4211,5.3,39.7,2.5,0.05768,0.04968
2025-03-04T05:15:00,0.0245,0.461,17.6,34.7,3.0,0.06501,0.05701
2025-03-04T05:30:00,0.0,0.4281,0.0,46.8,3.3,0.073,0.065
2025-03-04T05:45:00,0.0147,0.4571,10.7,54.7,1.3,0.07723,0.06923
2025-03-04T06:00:00,0.0006,0.6528,0.5,42.2,3.4,0.07624,0.06824
2025-03-04T06:15:00,0.0125,0.7441,8.8,40.6,3.1,0.08897,0.08097
2025-03-04T06:30:00,0.0,0.8578,0.0,43.4,3.7,0.08884,0.08084
2025-03-04T06:45:00,0.0166,0.8256,12.5,48.0,4.2,0.0853,0.0773
2025-03-04T07:00:00,0.0639,0.8994,46.3,36.6,4.3,0.09184,0.08384
2025-03-04T07:15:00,0.0798,0.8053,58.7,49.5,5.2,0.10652,0.09852
2025-03-04T07:30:00,0.1492,0.8507,110.7,33.1,5.9,0.10768,0.09968
2025-03-04T07:45:00,0.1535,0.9125,108.1,46.2,4.0,0.09528,0.08728
2025-03-04T08:00:00,0.1727,0.8005,126.5,47.3,5.7,0.11483,0.10683
2025-03-04T08:15:00,0.2535,0.7951,184.7,38.8,7.7,0.10857,0.10057
2025-03-04T08:30:00,0.273,0.8128,194.1,51.4,4.6,0.10953,0.10153
2025-03-04T08:45:00,0.2906,0.6369,220.2,43.9,6.2,0.09413,0.08613
2025-03-04T09:00:00,0.2638,0.5774,197.3,50.1,6.7,0.08844,0.08044
2025-03-04T09:15:00,0.3382,0.4998,250.9,42.7,8.4,0.0765,0.0685
2025-03-04T09:30:00,0.4042,0.4976,306.8,34.3,7.7,0.09119,0.08319
2025-03-04T09:45:00,0.4398,0.4687,321.0,28.7,7.4,0.06765,0.05965
2025-03-04T10:00:00,0.4125,0.4186,312.4,46.7,8.3,0.07129,0.06329
2025-03-04T10:15:00,0.3967,0.3191,289.3,43.4,8.4,0.05144,0.04344
2025-03-04T10:30:00,0.5025,0.2888,369.1,38.8,9.9,0.05046,0.04246
2025-03-04T10:45:00,0.4204,0.4067,308.8,55.5,9.1,0.03422,0.02622
2025-03-04T11:00:00,0.5297,0.4735,383.8,35.7,8.5,0.03732,0.02932
2025-03-04T11:15:00,0.4373,0.3994,324.8,47.4,9.1,0.04146,0.03346
2025-03-04T11:30:00,0.531,0.4747,382.2,37.0,10.3,0.02452,0.01652
2025-03-04T11:45:00,0.5238,0.2932,389.3,38.5,9.3,0.03545,0.02745
2025-03-04T12:00:00,0.4472,0.3524,328.7,50.4,10.7,0.02854,0.02054
2025-03-04T12:15:00,0.383,0.2206,282.3,54.9,9.2,0.01827,0.01027
2025-03-04T12:30:00,0.5459,0.3945,392.2,40.7,10.3,0.02009,0.01209
2025-03-04T12:45:00,0.4713,0.3491,344.4,44.2,11.2,0.01947,0.01147
2025-03-04T13:00:00,0.5292,0.2823,399.8,34.5,8.9,0.02163,0.01363
2025-03-04T13:15:00,0.6063,0.2565,421.5,30.4,11.8,0.01899,0.01099
2025-03-04T13:30:00,0.5551,0.281,393.6,36.5,12.4,0.01808,0.01008
2025-03-04T13:45:00,0.4052,0.3449,296.9,48.8,11.7,0.02259,0.01459
2025-03-04T14:00:00,0.3866,0.3042,278.6,45.0,11.9,0.02012,0.01212
2025-03-04T14:15:00,0.4276,0.2974,322.7,40.8,12.7,0.02085,0.01285
2025-03-04T14:30:00,0.3981,0.2724,285.6,38.0,12.0,0.03099,0.02299
2025-03-04T14:45:00,0.3299,0.3394,246.7,45.9,11.5,0.03961,0.03161
2025-03-04T15:00:00,0.3354,0.3327,241.5,45.6,12.5,0.02845,0.02045
2025-03-04T15:15:00,0.2826,0.3357,207.0,43.3,10.2,0.04123,0.03323
2025-03-04T15:30:00,0.2448,0.2592,185.9,46.9,11.2,0.04113,0.03313
2025-03-04T15:45:00,0.2179,0.4349,158.1,40.1,11.4,0.04325,0.03525
2025-03-04T16:00:00,0.2376,0.3118,175.0,25.9,11.5,0.05859,0.05059
2025-03-04T16:15:00,0.1613,0.417,120.2,53.1,10.8,0.05504,0.04704
2025-03-04T16:30:00,0.1534,0.4598,113.1,42.9,10.7,0.07217,0.06417
2025-03-04T16:45:00,0.1004,0.4677,72.0,40.5,13.3,0.06393,0.05593
2025-03-04T17:00:00,0.0252,0.5203,18.4,42.3,11.7,0.07676,0.06876
2025-03-04T17:15:00,0.0037,0.671,2.8,57.8,13.1,0.07929,0.07129
2025-03-04T17:30:00,0.022,0.6256,16.4,41.5,10.2,0.08262,0.07462
2025-03-04T17:45:00,0.0,0.8546,0.0,40.2,9.7,0.09732,0.08932
2025-03-04T18:00:00,0.0241,0.7713,18.6,28.7,9.8,0.09948,0.09148
2025-03-04T18:15:00,0.008,0.9197,6.1,44.1,9.4,0.11034,0.10234
2025-03-04T18:30:00,0.0,1.0713,0.0,42.1,9.3,0.11218,0.10418
2025-03-04T18:45:00,0.0022,1.2167,1.7,42.2,8.6,0.11083,0.10283
2025-03-04T19:00:00,0.0,1.3555,0.0,33.8,9.6,0.12048,0.11248
2025-03-04T19:15:00,0.032,1.1102,23.6,50.4,8.8,0.12382,0.11582
2025-03-04T19:30:00,0.004,1.1746,2.8,47.7,9.3,0.1302,0.1222
2025-03-04T19:45:00,0.0094,1.2513,7.0,42.6,8.1,0.11844,0.11044
2025-03-04T20:00:00,0.0411,1.2533,30.3,41.8,7.0,0.12163,0.11363
2025-03-04T20:15:00,0.0,1.1384,0.0,41.8,8.5,0.10824,0.10024
2025-03-04T20:30:00,0.0,1.1856,0.0,53.1,4.6,0.11813,0.11013
2025-03-04T20:45:00,0.0137,1.0071,10.4,45.6,5.5,0.10264,0.09464
2025-03-04T21:00:00,0.0,0.849,0.0,40.3,4.9,0.09277,0.08477
2025-03-04T21:15:00,0.0103,0.71,7.7,46.0,6.4,0.0976,0.0896
2025-03-04T21:30:00,0.0,0.6627,0.0,35.2,5.8,0.09908,0.09108
2025-03-04T21:45:00,0.0,0.6614,0.0,44.8,6.8,0.07816,0.07016
2025-03-04T22:00:00,0.0,0.5834,0.0,44.1,6.7,0.07616,0.06816
2025-03-04T22:15:00,0.0,0.3307,0.0,42.8,5.1,0.07423,0.06623
2025-03-04T22:30:00,0.0049,0.4622,3.7,30.4,3.2,0.06856,0.06056
2025-03-04T22:45:00,0.0281,0.4224,21.8,35.4,5.8,0.0749,0.0669
2025-03-04T23:00:00,0.0,0.3777,0.0,39.6,5.1,0.06564,0.05764
2025-03-04T23:15:00,0.0055,0.3767,4.0,41.5,4.5,0.06452,0.05652
2025-03-04T23:30:00,0.0184,0.2686,13.1,35.1,2.2,0.07114,0.06314
2025-03-04T23:45:00,0.0,0.3885,0.0,50.9,2.5,0.06223,0.05423
2025-03-05T00:00:00,0.0167,0.21,12.0,11.9,5.1,0.0676,0.0596
2025-03-05T00:15:00,0.0122,0.2916,9.1,18.3,4.4,0.05917,0.05117
2025-03-05T00:30:00,0.0,0.4713,0.0,15.6,2.0,0.05773,0.04973
2025-03-05T00:45:00,0.0,0.2884,0.0,1.6,4.1,0.05399,0.04599
2025-03-05T01:00:00,0.0056,0.2752,4.1,15.1,3.4,0.07617,0.06817
2025-03-05T01:15:00,0.0,0.3766,0.0,9.7,2.0,0.06308,0.05508
2025-03-05T01:30:00,0.0194,0.3839,14.8,23.6,1.8,0.06646,0.05846
2025-03-05T01:45:00,0.0108,0.4789,7.5,14.3,4.5,0.06481,0.05681
2025-03-05T02:00:00,0.0045,0.3036,3.3,12.2,4.1,0.06596,0.05796
2025-03-05T02:15:00,0.0,0.3757,0.0,5.1,3.3,0.0653,0.0573
2025-03-05T02:30:00,0.0459,0.2627,33.6,11.4,3.8,0.07645,0.06845
2025-03-05T02:45:00,0.0,0.3747,0.0,17.2,3.5,0.05878,0.05078
2025-03-05T03:00:00,0.0,0.3723,0.0,19.9,2.3,0.05568,0.04768
2025-03-05T03:15:00,0.0,0.3132,0.0,6.8,3.9,0.05898,0.05098
2025-03-05T03:30:00,0.0136,0.4271,9.6,22.2,3.3,0.0571,0.0491
2025-03-05T03:45:00,0.0,0.3743,0.0,12.2,4.1,0.06969,0.06169
2025-03-05T04:00:00,0.0,0.4092,0.0,18.8,3.3,0.07031,0.06231
2025-03-05T04:15:00,0.0158,0.3733,11.5,21.1,3.0,0.05992,0.05192
2025-03-05T04:30:00,0.0093,0.3799,6.7,12.7,4.8,0.05783,0.04983
2025-03-05T04:45:00,0.0,0.382,0.0,16.8,3.6,0.06481,0.05681
2025-03-05T05:00:00,0.0051,0.4323,4.0,8.2,3.6,0.07643,0.06843
2025-03-05T05:15:00,0.0027,0.5045,2.0,21.9,4.3,0.0528,0.0448
2025-03-05T05:30:00,0.0,0.4195,0.0,30.3,2.6,0.07512,0.06712
2025-03-05T05:45:00,0.0,0.5467,0.0,18.8,4.1,0.06843,0.06043
2025-03-05T06:00:00,0.012,0.608,9.1,12.1,4.5,0.08476,0.07676
2025-03-05T06:15:00,0.0,0.6098,0.0,2.4,5.4,0.07634,0.06834
2025-03-05T06:30:00,0.0,0.6946,0.0,23.3,3.8,0.08589,0.07789
2025-03-05T06:45:00,0.0262,0.9424,19.2,23.1,4.9,0.08357,0.07557
2025-03-05T07:00:00,0.1052,0.8508,76.3,18.8,5.2,0.09161,0.08361
2025-03-05T07:15:00,0.1635,0.8635,123.4,8.9,5.5,0.11006,0.10206
2025-03-05T07:30:00,0.24,0.9004,171.1,12.6,6.8,0.1099,0.1019
2025-03-05T07:45:00,0.2317,0.9467,171.6,9.3,6.3,0.10437,0.09637
2025-03-05T08:00:00,0.2433,0.703,180.1,11.2,7.4,0.10165,0.09365
2025-03-05T08:15:00,0.298,0.7151,227.5,20.7,6.3,0.09379,0.08579
2025-03-05T08:30:00,0.3686,0.7129,270.2,17.2,6.3,0.09932,0.09132
2025-03-05T08:45:00,0.3955,0.6983,288.0,13.8,8.2,0.09651,0.08851
2025-03-05T09:00:00,0.3878,0.6029,293.8,17.5,7.3,0.09005,0.08205
2025-03-05T09:15:00,0.3962,0.5064,296.4,26.9,7.8,0.0831,0.0751
2025-03-05T09:30:00,0.5496,0.4311,398.6,11.9,8.6,0.06972,0.06172
2025-03-05T09:45:00,0.4959,0.3798,379.1,13.1,8.7,0.06889,0.06089
2025-03-05T10:00:00,0.55,0.4323,400.4,21.0,7.8,0.06222,0.05422
2025-03-05T10:15:00,0.5392,0.286,386.3,25.6,8.2,0.06386,0.05586
2025-03-05T10:30:00,0.5814,0.2225,427.8,16.6,9.2,0.06159,0.05359
2025-03-05T10:45:00,0.6083,0.2606,467.1,11.9,9.8,0.04445,0.03645
2025-03-05T11:00:00,0.697,0.3372,514.1,5.2,10.3,0.03617,0.02817
2025-03-05T11:15:00,0.6335,0.4127,450.9,23.3,10.8,0.03643,0.02843
2025-03-05T11:30:00,0.6723,0.2719,494.0,17.0,10.6,0.02976,0.02176
2025-03-05T11:45:00,0.6693,0.3075,512.7,9.7,9.1,0.02604,0.01804
2025-03-05T12:00:00,0.6905,0.2466,496.0,13.5,11.1,0.02773,0.01973
2025-03-05T12:15:00,0.6333,0.3268,460.9,23.6,11.4,0.01991,0.01191
2025-03-05T12:30:00,0.7158,0.3112,505.5,13.3,11.3,0.02843,0.02043
2025-03-05T12:45:00,0.7013,0.3657,494.4,13.2,12.6,0.02333,0.01533
2025-03-05T13:00:00,0.571,0.2746,410.9,28.4,10.1,0.02516,0.01716
2025-03-05T13:15:00,0.6168,0.2808,457.1,19.9,12.0,0.02283,0.01483
2025-03-05T13:30:00,0.551,0.3487,431.9,25.5,11.5,0.02037,0.01237
2025-03-05T13:45:00,0.5318,0.2738,416.6,12.8,13.1,0.02037,0.01237
2025-03-05T14:00:00,0.5434,0.2789,401.8,20.2,11.5,0.02642,0.01842
2025-03-05T14:15:00,0.5089,0.3874,381.9,11.1,11.6,0.02677,0.01877
2025-03-05T14:30:00,0.5004,0.2943,368.6,7.4,13.0,0.03406,0.02606
2025-03-05T14:45:00,0.4554,0.3801,345.7,18.4,12.7,0.03555,0.02755
2025-03-05T15:00:00,0.4344,0.2453,329.6,11.6,13.5,0.0306,0.0226
2025-03-05T15:15:00,0.4157,0.3582,297.0,13.9,12.6,0.04264,0.03464
2025-03-05T15:30:00,0.3709,0.3878,270.9,12.5,12.0,0.03788,0.02988
2025-03-05T15:45:00,0.2669,0.279,196.1,22.3,12.8,0.04621,0.03821
2025-03-05T16:00:00,0.3415,0.3624,239.7,7.3,13.7,0.05239,0.04439
2025-03-05T16:15:00,0.2256,0.2898,169.7,10.7,11.8,0.04628,0.03828
2025-03-05T16:30:00,0.1964,0.5322,142.6,15.4,14.6,0.06422,0.05622
2025-03-05T16:45:00,0.1687,0.47,127.9,7.3,12.2,0.06992,0.06192
2025-03-05T17:00:00,0.1056,0.4958,78.8,17.5,12.5,0.07383,0.06583
2025-03-05T17:15:00,0.0362,0.5551,26.6,18.4,11.9,0.07837,0.07037
2025-03-05T17:30:00,0.025,0.7888,18.5,16.7,10.5,0.08512,0.07712
2025-03-05T17:45:00,0.0,0.8011,0.0,12.7,10.9,0.08811,0.08011
2025-03-05T18:00:00,0.0228,0.9244,16.9,10.8,13.3,0.09892,0.09092
2025-03-05T18:15:00,0.0,0.9834,0.0,24.1,10.8,0.1035,0.0955
2025-03-05T18:30:00,0.0091,1.0346,6.9,8.7,12.2,0.11309,0.10509
2025-03-05T18:45:00,0.0175,1.1403,13.4,19.4,10.3,0.11017,0.10217
2025-03-05T19:00:00,0.0,1.1655,0.0,3.6,10.7,0.12255,0.11455
2025-03-05T19:15:00,0.0255,1.2356,19.6,19.3,9.6,0.1244,0.1164
2025-03-05T19:30:00,0.0053,1.1235,3.9,16.2,10.6,0.12362,0.11562
2025-03-05T19:45:00,0.0,1.2176,0.0,15.3,10.3,0.12126,0.11326
2025-03-05T20:00:00,0.0078,1.2187,5.9,18.3,8.0,0.12519,0.11719
2025-03-05T20:15:00,0.0,1.1144,0.0,15.7,7.1,0.10859,0.10059
2025-03-05T20:30:00,0.0,1.0722,0.0,14.3,9.0,0.11699,0.10899
2025-03-05T20:45:00,0.0,0.9918,0.0,24.6,9.3,0.11059,0.10259
2025-03-05T21:00:00,0.0167,0.8141,11.7,12.1,6.9,0.10531,0.09731
2025-03-05T21:15:00,0.0,0.765,0.0,16.5,7.3,0.10025,0.09225
2025-03-05T21:30:00,0.0,0.7653,0.0,19.4,7.1,0.08852,0.08052
2025-03-05T21:45:00,0.0025,0.4476,1.8,10.7,7.4,0.08575,0.07775
2025-03-05T22:00:00,0.0,0.6005,0.0,13.5,5.7,0.08651,0.07851
2025-03-05T22:15:00,0.0,0.5799,0.0,19.1,6.4,0.08128,0.07328
2025-03-05T22:30:00,0.0289,0.4816,21.1,7.0,5.4,0.07658,0.06858
2025-03-05T22:45:00,0.0,0.5314,0.0,22.9,5.8,0.06354,0.05554
2025-03-05T23:00:00,0.0131,0.4293,10.4,14.9,5.4,0.07371,0.06571
2025-03-05T23:15:00,0.015,0.4322,10.3,23.6,5.3,0.07586,0.06786
2025-03-05T23:30:00,0.0,0.4388,0.0,26.0,5.4,0.07369,0.06569
2025-03-05T23:45:00,0.0,0.3557,0.0,16.2,4.9,0.06817,0.06017
2025-03-06T00:00:00,0.0352,0.2434,26.0,79.9,1.4,0.05565,0.04765
2025-03-06T00:15:00,0.0048,0.3496,3.6,81.5,-0.0,0.07066,0.06266
2025-03-06T00:30:00,0.0,0.4168,0.0,84.3,2.4,0.06412,0.05612
2025-03-06T00:45:00,0.0,0.3186,0.0,91.4,-0.6,0.0498,0.0418
2025-03-06T01:00:00,0.0038,0.2909,2.7,82.3,1.5,0.06726,0.05926
2025-03-06T01:15:00,0.0,0.2911,0.0,79.4,0.8,0.05605,0.04805
2025-03-06T01:30:00,0.0372,0.4601,27.3,75.5,0.3,0.05722,0.04922
2025-03-06T01:45:00,0.0,0.3335,0.0,77.2,-0.3,0.06119,0.05319
2025-03-06T02:00:00,0.0,0.3017,0.0,78.4,0.2,0.07264,0.06464
2025-03-06T02:15:00,0.0267,0.3158,19.1,79.6,0.8,0.06278,0.05478
2025-03-06T02:30:00,0.0,0.3709,0.0,73.0,1.3,0.06663,0.05863
2025-03-06T02:45:00,0.0017,0.3325,1.3,77.2,0.5,0.0755,0.0675
2025-03-06T03:00:00,0.0,0.3898,0.0,84.4,0.1,0.07459,0.06659
2025-03-06T03:15:00,0.0077,0.3368,5.5,75.9,-0.2,0.06443,0.05643
2025-03-06T03:30:00,0.0,0.3462,0.0,91.8,-0.3,0.06366,0.05566
2025-03-06T03:45:00,0.0,0.3765,0.0,86.0,0.3,0.05765,0.04965
2025-03-06T04:00:00,0.0,0.4625,0.0,80.9,-0.3,0.06122,0.05322
2025-03-06T04:15:00,0.0233,0.3219,17.4,76.9,0.2,0.06824,0.06024
2025-03-06T04:30:00,0.0,0.2799,0.0,78.7,1.4,0.06856,0.06056
2025-03-06T04:45:00,0.0,0.4918,0.0,93.4,0.8,0.06761,0.05961
2025-03-06T05:00:00,0.0,0.4994,0.0,81.9,1.4,0.07406,0.06606
2025-03-06T05:15:00,0.0166,0.4272,12.8,73.4,1.7,0.0651,0.0571
2025-03-06T05:30:00,0.0342,0.5345,24.5,75.1,2.3,0.07165,0.06365
2025-03-06T05:45:00,0.0,0.5536,0.0,88.3,1.0,0.07931,0.07131
2025-03-06T06:00:00,0.0122,0.6431,9.6,78.0,3.0,0.08208,0.07408
2025-03-06T06:15:00,0.0004,0.5824,0.3,69.5,2.4,0.08932,0.08132
2025-03-06T06:30:00,0.0,0.7581,0.0,87.3,1.0,0.0901,0.0821
2025-03-06T06:45:00,0.0,0.918,0.0,80.0,1.9,0.09091,0.08291
2025-03-06T07:00:00,0.0318,0.8307,23.9,81.4,3.0,0.09986,0.09186
2025-03-06T07:15:00,0.123,0.8264,91.1,71.9,4.5,0.09602,0.08802
2025-03-06T07:30:00,0.0467,0.9213,37.2,85.6,1.5,0.09553,0.08753
2025-03-06T07:45:00,0.1062,0.8303,81.5,75.9,5.7,0.11077,0.10277
2025-03-06T08:00:00,0.0881,0.921,69.5,89.2,4.7,0.10721,0.09921
2025-03-06T08:15:00,0.1178,0.7279,90.6,88.7,5.0,0.10787,0.09987
2025-03-06T08:30:00,0.1442,0.5932,104.2,83.2,3.6,0.09259,0.08459
2025-03-06T08:45:00,0.209,0.7167,148.7,80.4,3.9,0.09588,0.08788
2025-03-06T09:00:00,0.2536,0.6319,179.0,71.3,3.5,0.08865,0.08065
2025-03-06T09:15:00,0.1527,0.6093,114.7,92.4,5.8,0.08055,0.07255
2025-03-06T09:30:00,0.1464,0.4355,106.6,92.6,4.7,0.06543,0.05743
2025-03-06T09:45:00,0.1667,0.397,124.1,94.9,5.6,0.07026,0.06226
2025-03-06T10:00:00,0.2667,0.3776,194.4,82.6,7.6,0.07133,0.06333
2025-03-06T10:15:00,0.2499,0.4702,183.2,81.9,6.9,0.06247,0.05447
2025-03-06T10:30:00,0.2786,0.3192,210.6,83.0,7.3,0.05143,0.04343
2025-03-06T10:45:00,0.2057,0.3539,146.6,92.3,7.5,0.05044,0.04244
2025-03-06T11:00:00,0.2472,0.3739,184.8,92.0,7.7,0.05117,0.04317
2025-03-06T11:15:00,0.2969,0.3137,222.9,75.8,8.2,0.02672,0.01872
2025-03-06T11:30:00,0.2729,0.389,202.8,83.1,7.1,0.03969,0.03169
2025-03-06T11:45:00,0.3229,0.3948,242.8,76.7,9.5,0.0413,0.0333
2025-03-06T12:00:00,0.3174,0.2184,246.7,72.6,7.8,0.04017,0.03217
2025-03-06T12:15:00,0.3848,0.4377,284.7,77.7,9.3,0.04475,0.03675
2025-03-06T12:30:00,0.294,0.3386,214.1,79.1,8.4,0.04025,0.03225
2025-03-06T12:45:00,0.357,0.3479,257.5,69.8,9.7,0.03464,0.02664
2025-03-06T13:00:00,0.1973,0.4154,146.8,90.2,9.6,0.03435,0.02635
2025-03-06T13:15:00,0.2011,0.3163,141.2,89.4,10.0,0.03746,0.02946
2025-03-06T13:30:00,0.3238,0.397,243.0,71.3,11.5,0.03014,0.02214
2025-03-06T13:45:00,0.2606,0.4078,195.3,81.2,9.5,0.03418,0.02618
2025-03-06T14:00:00,0.245,0.2983,194.3,83.0,9.9,0.04128,0.03328
2025-03-06T14:15:00,0.2611,0.4085,183.3,80.3,10.9,0.04936,0.04136
2025-03-06T14:30:00,0.2774,0.4135,197.6,71.1,10.1,0.03873,0.03073
2025-03-06T14:45:00,0.228,0.3148,161.5,84.2,10.4,0.04175,0.03375
2025-03-06T15:00:00,0.1377,0.3794,106.4,89.1,9.7,0.04584,0.03784
2025-03-06T15:15:00,0.2047,0.3814,147.7,75.1,10.6,0.05555,0.04755
2025-03-06T15:30:00,0.133,0.2293,103.0,80.0,10.3,0.05041,0.04241
2025-03-06T15:45:00,0.1691,0.3122,120.3,78.5,10.1,0.06278,0.05478
2025-03-06T16:00:00,0.1118,0.3961,82.7,88.3,8.3,0.05185,0.04385
2025-03-06T16:15:00,0.0763,0.3645,56.9,80.1,10.9,0.06059,0.05259
2025-03-06T16:30:00,0.0699,0.4993,51.4,90.0,9.9,0.06499,0.05699
2025-03-06T16:45:00,0.0277,0.4319,20.5,72.3,9.7,0.07581,0.06781
2025-03-06T17:00:00,0.013,0.5436,9.1,79.6,9.8,0.08275,0.07475
2025-03-06T17:15:00,0.0348,0.5696,24.8,83.1,10.7,0.07323,0.06523
2025-03-06T17:30:00,0.0,0.7443,0.0,86.2,9.2,0.08297,0.07497
2025-03-06T17:45:00,0.0,0.8281,0.0,84.9,10.0,0.09685,0.08885
2025-03-06T18:00:00,0.0,0.8728,0.0,86.7,8.1,0.09725,0.08925
2025-03-06T18:15:00,0.0185,0.9951,12.9,100.0,8.6,0.0982,0.0902
2025-03-06T18:30:00,0.0202,1.1373,15.1,92.2,8.1,0.11916,0.11116
2025-03-06T18:45:00,0.0,1.1231,0.0,85.5,8.5,0.12065,0.11265
2025-03-06T19:00:00,0.0089,1.2354,6.6,71.8,8.7,0.12431,0.11631
2025-03-06T19:15:00,0.0429,1.2976,29.6,71.6,7.0,0.12084,0.11284
2025-03-06T19:30:00,0.0,1.1829,0.0,87.6,7.2,0.13076,0.12276
2025-03-06T19:45:00,0.0521,1.1571,38.4,77.2,7.9,0.12254,0.11454
2025-03-06T20:00:00,0.0169,1.1029,12.2,92.4,6.7,0.12851,0.12051
2025-03-06T20:15:00,0.0,1.1577,0.0,82.2,6.8,0.11314,0.10514
2025-03-06T20:30:00,0.0,1.0662,0.0,82.3,4.8,0.10913,0.10113
2025-03-06T20:45:00,0.0128,1.0857,9.6,79.4,5.3,0.11038,0.10238
2025-03-06T21:00:00,0.0,0.8716,0.0,83.4,4.4,0.09941,0.09141
2025-03-06T21:15:00,0.0,0.8447,0.0,75.8,5.0,0.10201,0.09401
2025-03-06T21:30:00,0.0246,0.7243,17.5,79.7,3.8,0.09401,0.08601
2025-03-06T21:45:00,0.0149,0.5805,10.9,68.7,4.5,0.08177,0.07377
2025-03-06T22:00:00,0.0533,0.5516,39.6,80.6,5.3,0.08313,0.07513
2025-03-06T22:15:00,0.0194,0.6065,14.9,85.0,3.7,0.07659,0.06859
2025-03-06T22:30:00,0.0,0.3551,0.0,87.2,2.6,0.08084,0.07284
2025-03-06T22:45:00,0.0332,0.5117,24.7,78.5,4.5,0.06883,0.06083
2025-03-06T23:00:00,0.025,0.3922,18.3,77.6,2.8,0.06785,0.05985
2025-03-06T23:15:00,0.0,0.39,0.0,88.0,3.1,0.07612,0.06812
2025-03-06T23:30:00,0.0,0.3439,0.0,80.7,2.3,0.08107,0.07307
2025-03-06T23:45:00,0.0,0.4007,0.0,82.3,0.9,0.07876,0.07076
2025-03-07T00:00:00,0.0,0.3716,0.0,70.7,0.8,0.06538,0.05738
2025-03-07T00:15:00,0.0,0.3541,0.0,46.3,2.6,0.06631,0.05831
2025-03-07T00:30:00,0.0,0.338,0.0,68.6,1.7,0.0742,0.0662
2025-03-07T00:45:00,0.0226,0.1652,17.5,48.9,2.9,0.06425,0.05625
2025-03-07T01:00:00,0.0296,0.3572,21.4,62.2,3.2,0.05914,0.05114
2025-03-07T01:15:00,0.0,0.3585,0.0,66.6,0.5,0.0657,0.0577
2025-03-07T01:30:00,0.0,0.3792,0.0,53.8,3.4,0.06771,0.05971
2025-03-07T01:45:00,0.0036,0.4265,2.6,59.1,1.8,0.06003,0.05203
2025-03-07T02:00:00,0.0,0.3518,0.0,72.7,1.9,0.05512,0.04712
2025-03-07T02:15:00,0.0,0.3959,0.0,62.2,-0.3,0.05638,0.04838
2025-03-07T02:30:00,0.0,0.3895,0.0,66.0,0.7,0.069,0.061
2025-03-07T02:45:00,0.0029,0.4075,2.1,61.7,2.2,0.06046,0.05246
2025-03-07T03:00:00,0.0044,0.4427,3.2,56.1,1.7,0.06418,0.05618
2025-03-07T03:15:00,0.0152,0.4352,11.1,60.5,1.1,0.06633,0.05833
2025-03-07T03:30:00,0.0,0.3896,0.0,67.7,-0.1,0.06882,0.06082
2025-03-07T03:45:00,0.0251,0.3195,18.9,60.0,1.0,0.0632,0.0552
2025-03-07T04:00:00,0.0,0.4655,0.0,56.4,1.8,0.06838,0.06038
2025-03-07T04:15:00,0.0073,0.4299,5.4,59.2,0.2,0.06035,0.05235
2025-03-07T04:30:00,0.0135,0.4754,9.6,69.6,0.6,0.06401,0.05601
2025-03-07T04:45:00,0.0107,0.3384,7.6,68.8,2.7,0.06079,0.05279
2025-03-07T05:00:00,0.0355,0.3614,26.3,53.0,2.3,0.07487,0.06687
2025-03-07T05:15:00,0.0164,0.363,12.3,47.6,2.4,0.06955,0.06155
2025-03-07T05:30:00,0.0,0.5258,0.0,54.0,1.0,0.06752,0.05952
2025-03-07T05:45:00,0.0,0.5245,0.0,63.9,2.2,0.07276,0.06476
2025-03-07T06:00:00,0.0016,0.7064,1.2,69.0,1.9,0.07718,0.06918
2025-03-07T06:15:00,0.0,0.6359,0.0,54.4,4.1,0.087,0.079
2025-03-07T06:30:00,0.0,0.771,0.0,56.7,4.2,0.07801,0.07001
2025-03-07T06:45:00,0.0351,0.8499,24.7,60.7,5.2,0.08637,0.07837
2025-03-07T07:00:00,0.0773,0.8592,55.4,52.8,2.6,0.09518,0.08718
2025-03-07T07:15:00,0.1075,0.9221,80.3,58.4,5.1,0.1169,0.1089
2025-03-07T07:30:00,0.1539,0.9173,113.5,52.4,5.3,0.11066,0.10266
2025-03-07T07:45:00,0.2043,0.8851,150.9,59.5,4.7,0.10604,0.09804
2025-03-07T08:00:00,0.2017,0.8922,148.3,54.8,3.7,0.11106,0.10306
2025-03-07T08:15:00,0.1936,0.7474,146.8,69.9,4.6,0.11739,0.10939
2025-03-07T08:30:00,0.2363,0.796,169.5,64.1,7.1,0.10014,0.09214
2025-03-07T08:45:00,0.2363,0.7011,177.6,56.5,4.4,0.09432,0.08632
2025-03-07T09:00:00,0.2433,0.6699,185.4,58.5,6.2,0.0976,0.0896
2025-03-07T09:15:00,0.2889,0.4356,205.7,62.8,5.7,0.08636,0.07836
2025-03-07T09:30:00,0.2831,0.4905,208.0,67.7,6.8,0.08016,0.07216
2025-03-07T09:45:00,0.2925,0.4194,208.0,66.2,6.3,0.06586,0.05786
2025-03-07T10:00:00,0.278,0.4006,202.9,75.7,6.1,0.07354,0.06554
2025-03-07T10:15:00,0.374,0.2891,267.9,58.7,7.0,0.06585,0.05785
2025-03-07T10:30:00,0.4129,0.3182,289.8,57.8,8.3,0.05318,0.04518
2025-03-07T10:45:00,0.3405,0.3415,248.6,63.6,7.1,0.0487,0.0407
2025-03-07T11:00:00,0.3764,0.3723,268.7,65.2,9.6,0.02785,0.01985
2025-03-07T11:15:00,0.3616,0.306,270.9,62.2,9.4,0.03981,0.03181
2025-03-07T11:30:00,0.4595,0.2532,334.1,54.0,10.6,0.03133,0.02333
2025-03-07T11:45:00,0.3159,0.3233,250.7,73.3,9.6,0.03212,0.02412
2025-03-07T12:00:00,0.4215,0.3071,311.5,62.1,7.7,0.03114,0.02314
2025-03-07T12:15:00,0.4248,0.3051,320.9,57.9,10.5,0.02305,0.01505
2025-03-07T12:30:00,0.4332,0.3358,336.1,55.6,11.4,0.01354,0.00554
2025-03-07T12:45:00,0.4084,0.3694,295.1,60.7,10.1,0.02502,0.01702
2025-03-07T13:00:00,0.4211,0.2747,309.9,61.1,11.8,0.01807,0.01007
2025-03-07T13:15:00,0.393,0.363,285.6,57.4,10.2,0.02081,0.01281
2025-03-07T13:30:00,0.3389,0.3963,260.6,66.4,10.9,0.01999,0.01199
2025-03-07T13:45:00,0.3638,0.3219,265.8,63.3,10.8,0.02293,0.01493
2025-03-07T14:00:00,0.395,0.3728,273.4,53.9,11.5,0.01296,0.00496
2025-03-07T14:15:00,0.3241,0.2992,234.2,62.7,10.8,0.03639,0.02839
2025-03-07T14:30:00,0.262,0.3014,200.5,68.7,11.1,0.03327,0.02527
2025-03-07T14:45:00,0.295,0.3281,212.8,58.3,10.1,0.04141,0.03341
2025-03-07T15:00:00,0.2745,0.2689,201.1,57.0,12.1,0.0499,0.0419
2025-03-07T15:15:00,0.2656,0.3056,199.5,53.2,12.1,0.04169,0.03369
2025-03-07T15:30:00,0.2375,0.294,179.3,59.6,12.0,0.03453,0.02653
2025-03-07T15:45:00,0.2269,0.3527,166.2,50.1,10.8,0.04402,0.03602
2025-03-07T16:00:00,0.1466,0.3893,115.3,68.6,11.2,0.04646,0.03846
2025-03-07T16:15:00,0.1266,0.4762,90.4,70.7,10.7,0.05533,0.04733
2025-03-07T16:30:00,0.1161,0.4311,83.7,62.8,11.8,0.06383,0.05583
2025-03-07T16:45:00,0.1104,0.4768,80.1,65.3,10.6,0.05674,0.04874
2025-03-07T17:00:00,0.0603,0.6086,43.4,58.2,10.4,0.07661,0.06861
2025-03-07T17:15:00,0.0481,0.6656,34.1,50.2,11.5,0.07168,0.06368
2025-03-07T17:30:00,0.0,0.6594,0.0,60.2,10.3,0.089,0.081
2025-03-07T17:45:00,0.0077,0.7354,5.6,61.7,11.5,0.0932,0.0852
2025-03-07T18:00:00,0.0085,0.8459,6.2,55.1,10.6,0.09857,0.09057
2025-03-07T18:15:00,0.0,0.9813,0.0,60.8,8.7,0.10632,0.09832
2025-03-07T18:30:00,0.0152,1.0649,11.4,56.7,10.7,0.10925,0.10125
2025-03-07T18:45:00,0.0105,1.0178,7.8,56.3,9.7,0.11369,0.10569
2025-03-07T19:00:00,0.006,1.1843,4.3,66.4,8.9,0.11101,0.10301
2025-03-07T19:15:00,0.0,1.2011,0.0,65.7,8.3,0.12334,0.11534
2025-03-07T19:30:00,0.0,1.2892,0.0,49.5,8.0,0.13553,0.12753
2025-03-07T19:45:00,0.0107,1.1889,8.3,50.9,9.1,0.13577,0.12777
2025-03-07T20:00:00,0.0,1.1032,0.0,58.4,7.5,0.1298,0.1218
2025-03-07T20:15:00,0.0035,1.176,2.6,58.7,7.6,0.12281,0.11481
2025-03-07T20:30:00,0.0,1.1449,0.0,57.5,6.6,0.11017,0.10217
2025-03-07T20:45:00,0.0,1.0814,0.0,65.1,7.6,0.11779,0.10979
2025-03-07T21:00:00,0.0283,0.8698,21.3,58.8,5.4,0.10327,0.09527
2025-03-07T21:15:00,0.0106,0.8035,7.8,56.1,6.5,0.09754,0.08954
2025-03-07T21:30:00,0.041,0.6987,31.4,59.3,5.7,0.0907,0.0827
2025-03-07T21:45:00,0.0,0.5583,0.0,62.0,6.6,0.08786,0.07986
2025-03-07T22:00:00,0.0089,0.6291,6.8,65.4,3.5,0.08008,0.07208
2025-03-07T22:15:00,0.0,0.6605,0.0,62.4,4.9,0.07819,0.07019
2025-03-07T22:30:00,0.0,0.5221,0.0,65.8,4.3,0.06883,0.06083
2025-03-07T22:45:00,0.0042,0.3917,3.0,65.5,3.6,0.07038,0.06238
2025-03-07T23:00:00,0.0,0.4537,0.0,53.9,3.0,0.08417,0.07617
2025-03-07T23:15:00,0.0028,0.4026,2.1,66.2,2.3,0.06843,0.06043
2025-03-07T23:30:00,0.0,0.4417,0.0,60.2,0.6,0.0662,0.0582
2025-03-07T23:45:00,0.0247,0.3297,18.1,67.5,1.5,0.06996,0.06196
2025-03-08T00:00:00,0.0051,0.4107,3.6,68.1,2.2,0.06925,0.06125
2025-03-08T00:15:00,0.0,0.4208,0.0,67.2,2.2,0.05832,0.05032
2025-03-08T00:30:00,0.0049,0.5035,3.6,69.1,1.9,0.06376,0.05576
2025-03-08T00:45:00,0.0011,0.358,0.8,67.8,0.6,0.07051,0.06251
2025-03-08T01:00:00,0.0,0.3488,0.0,81.1,1.2,0.06662,0.05862
2025-03-08T01:15:00,0.0089,0.4414,6.7,74.4,1.6,0.06573,0.05773
2025-03-08T01:30:00,0.0,0.4894,0.0,80.0,0.9,0.07432,0.06632
2025-03-08T01:45:00,0.0,0.5075,0.0,73.2,0.7,0.06093,0.05293
2025-03-08T02:00:00,0.0,0.456,0.0,80.1,0.4,0.0655,0.0575
2025-03-08T02:15:00,0.0,0.4233,0.0,70.7,1.2,0.06188,0.05388
2025-03-08T02:30:00,0.008,0.5226,6.0,71.1,1.1,0.07395,0.06595
2025-03-08T02:45:00,0.0285,0.479,20.9,75.2,0.1,0.0533,0.0453
2025-03-08T03:00:00,0.0,0.3806,0.0,82.2,1.0,0.061,0.053
2025-03-08T03:15:00,0.0,0.4838,0.0,73.3,-0.7,0.06188,0.05388
2025-03-08T03:30:00,0.0,0.4325,0.0,82.0,-0.1,0.06909,0.06109
2025-03-08T03:45:00,0.0019,0.399,1.5,78.7,2.3,0.06884,0.06084
2025-03-08T04:00:00,0.0148,0.4889,11.0,82.4,0.9,0.07375,0.06575
2025-03-08T04:15:00,0.0,0.5379,0.0,76.9,1.1,0.05623,0.04823
2025-03-08T04:30:00,0.0,0.3963,0.0,73.2,1.5,0.07066,0.06266
2025-03-08T04:45:00,0.0179,0.4896,13.8,63.6,2.8,0.06516,0.05716
2025-03-08T05:00:00,0.0035,0.5479,2.5,64.6,3.1,0.06406,0.05606
2025-03-08T05:15:00,0.0,0.6695,0.0,74.8,0.9,0.0729,0.0649
2025-03-08T05:30:00,0.0375,0.5555,27.7,77.4,0.9,0.06636,0.05836
2025-03-08T05:45:00,0.0,0.679,0.0,72.5,1.9,0.06231,0.05431
2025-03-08T06:00:00,0.0,0.7082,0.0,74.2,1.8,0.07613,0.06813
2025-03-08T06:15:00,0.0,0.8893,0.0,84.9,2.0,0.07359,0.06559
2025-03-08T06:30:00,0.0054,0.9242,4.1,78.9,2.4,0.08338,0.07538
2025-03-08T06:45:00,0.0075,0.9755,5.7,78.0,3.5,0.09438,0.08638
2025-03-08T07:00:00,0.0628,0.9452,47.6,78.4,3.0,0.09872,0.09072
2025-03-08T07:15:00,0.0473,1.1124,34.7,72.3,3.6,0.11041,0.10241
2025-03-08T07:30:00,0.1303,1.0335,88.9,74.0,4.0,0.10264,0.09464
2025-03-08T07:45:00,0.1194,0.9516,86.8,70.0,4.4,0.09608,0.08808
2025-03-08T08:00:00,0.1721,0.8749,129.0,73.1,4.6,0.10039,0.09239
2025-03-08T08:15:00,0.1803,0.9256,133.5,69.3,4.7,0.09713,0.08913
2025-03-08T08:30:00,0.1542,0.8255,114.9,70.9,4.1,0.09119,0.08319
2025-03-08T08:45:00,0.2398,0.8241,184.6,65.2,5.8,0.09532,0.08732
2025-03-08T09:00:00,0.255,0.7582,187.9,73.2,5.0,0.08174,0.07374
2025-03-08T09:15:00,0.235,0.7047,171.3,79.1,5.4,0.06576,0.05776
2025-03-08T09:30:00,0.2027,0.6994,148.6,81.1,5.3,0.07335,0.06535
2025-03-08T09:45:00,0.2915,0.5111,219.8,71.1,6.8,0.05995,0.05195
2025-03-08T10:00:00,0.3539,0.4906,260.8,59.6,7.6,0.0544,0.0464
2025-03-08T10:15:00,0.2561,0.4179,192.6,87.4,7.0,0.04493,0.03693
2025-03-08T10:30:00,0.3586,0.421,266.8,65.8,7.2,0.04064,0.03264
2025-03-08T10:45:00,0.3136,0.43,244.0,73.5,7.8,0.0302,0.0222
2025-03-08T11:00:00,0.3303,0.3713,238.0,73.8,7.9,0.03111,0.02311
2025-03-08T11:15:00,0.3017,0.5571,224.2,81.4,8.1,0.02056,0.01256
2025-03-08T11:30:00,0.3481,0.3968,278.1,67.7,9.6,0.01529,0.00729
2025-03-08T11:45:00,0.349,0.4761,258.8,77.3,9.4,0.01098,0.00298
2025-03-08T12:00:00,0.439,0.4201,317.1,65.7,10.6,-0.00394,-0.01194
2025-03-08T12:15:00,0.3803,0.3935,257.3,77.2,8.3,0.00083,-0.00717
2025-03-08T12:30:00,0.3413,0.5182,258.1,70.1,10.9,-0.00192,-0.00992
2025-03-08T12:45:00,0.3945,0.4283,277.5,65.3,11.5,-0.00045,-0.00845
2025-03-08T13:00:00,0.3003,0.4639,227.7,76.1,11.6,-0.0103,-0.0183
2025-03-08T13:15:00,0.3937,0.4833,281.5,64.4,10.5,0.00809,9e-05
2025-03-08T13:30:00,0.3065,0.4275,220.9,75.3,9.7,0.0002,-0.0078
2025-03-08T13:45:00,0.2762,0.5036,204.5,73.5,11.0,-0.00557,-0.01357
2025-03-08T14:00:00,0.3154,0.4062,240.2,70.4,10.5,-0.00569,-0.01369
2025-03-08T14:15:00,0.3017,0.4692,229.1,68.3,11.9,0.00641,-0.00159
2025-03-08T14:30:00,0.3365,0.4168,240.0,60.0,11.8,0.01166,0.00366
2025-03-08T14:45:00,0.2822,0.4848,198.9,63.9,11.7,0.01245,0.00445
2025-03-08T15:00:00,0.2395,0.4256,177.6,67.4,12.5,0.02225,0.01425
2025-03-08T15:15:00,0.2172,0.48,160.9,66.7,9.3,0.02309,0.01509
2025-03-08T15:30:00,0.1884,0.4563,141.4,65.8,12.5,0.03572,0.02772
2025-03-08T15:45:00,0.1293,0.5379,94.9,79.5,12.1,0.03374,0.02574
2025-03-08T16:00:00,0.1358,0.4591,101.4,76.8,11.2,0.04373,0.03573
2025-03-08T16:15:00,0.1132,0.5694,80.7,74.5,9.2,0.05593,0.04793
2025-03-08T16:30:00,0.1183,0.5293,84.9,66.9,10.5,0.07182,0.06382
2025-03-08T16:45:00,0.1086,0.6026,78.8,67.9,9.7,0.05693,0.04893
2025-03-08T17:00:00,0.041,0.6735,31.1,77.5,10.1,0.06705,0.05905
2025-03-08T17:15:00,0.0331,0.6914,25.5,65.6,9.7,0.07188,0.06388
2025-03-08T17:30:00,0.0061,0.8548,4.6,61.9,10.2,0.08888,0.08088
2025-03-08T17:45:00,0.0061,0.8111,4.3,77.1,8.7,0.08457,0.07657
2025-03-08T18:00:00,0.0,1.039,0.0,68.6,8.7,0.09568,0.08768
2025-03-08T18:15:00,0.0305,1.1266,22.5,79.9,9.5,0.10514,0.09714
2025-03-08T18:30:00,0.0123,1.3332,8.8,74.0,9.3,0.10553,0.09753
2025-03-08T18:45:00,0.0,1.2127,0.0,62.0,10.0,0.11081,0.10281
2025-03-08T19:00:00,0.0048,1.2596,3.7,79.2,7.9,0.11766,0.10966
2025-03-08T19:15:00,0.0,1.3684,0.0,70.0,7.5,0.11048,0.10248
2025-03-08T19:30:00,0.0032,1.3608,2.3,60.8,7.9,0.11547,0.10747
2025-03-08T19:45:00,0.0334,1.3551,25.5,71.0,8.0,0.12119,0.11319
2025-03-08T20:00:00,0.0117,1.2742,8.7,68.1,6.2,0.1226,0.1146
2025-03-08T20:15:00,0.0055,1.296,4.0,78.5,6.5,0.11735,0.10935
2025-03-08T20:30:00,0.0309,1.249,21.7,75.6,6.1,0.10351,0.09551
2025-03-08T20:45:00,0.0444,1.141,31.4,66.4,6.5,0.1063,0.0983
2025-03-08T21:00:00,0.0,1.0128,0.0,81.1,5.8,0.10836,0.10036
2025-03-08T21:15:00,0.0127,0.9208,9.5,68.4,5.5,0.10127,0.09327
2025-03-08T21:30:00,0.0326,0.9092,23.1,68.2,5.7,0.09196,0.08396
2025-03-08T21:45:00,0.0,0.8885,0.0,60.2,4.7,0.08197,0.07397
2025-03-08T22:00:00,0.0,0.7695,0.0,65.0,4.5,0.08647,0.07847
2025-03-08T22:15:00,0.0,0.6478,0.0,72.4,2.8,0.07522,0.06722
2025-03-08T22:30:00,0.0181,0.6433,13.1,69.0,3.0,0.06832,0.06032
2025-03-08T22:45:00,0.009,0.5475,6.9,75.9,3.2,0.06781,0.05981
2025-03-08T23:00:00,0.0,0.6225,0.0,74.0,3.0,0.07917,0.07117
2025-03-08T23:15:00,0.0092,0.4537,7.0,66.1,4.5,0.07017,0.06217
2025-03-08T23:30:00,0.0257,0.4203,17.8,68.2,1.3,0.07459,0.06659
2025-03-08T23:45:00,0.0,0.5918,0.0,66.9,4.2,0.06389,0.05589
2025-03-09T00:00:00,0.0167,0.4732,11.6,72.0,0.9,0.07063,0.06263
2025-03-09T00:15:00,0.0113,0.5924,8.5,76.2,2.1,0.06139,0.05339
2025-03-09T00:30:00,0.0035,0.4811,2.7,59.3,3.2,0.06406,0.05606
2025-03-09T00:45:00,0.0082,0.401,6.0,83.4,0.1,0.07992,0.07192
2025-03-09T01:00:00,0.0182,0.5109,13.5,74.3,0.9,0.0696,0.0616
2025-03-09T01:15:00,0.0,0.4735,0.0,78.9,1.3,0.06199,0.05399
2025-03-09T01:30:00,0.0,0.5143,0.0,80.1,3.4,0.06449,0.05649
2025-03-09T01:45:00,0.0068,0.4589,5.1,76.5,0.5,0.06696,0.05896
2025-03-09T02:00:00,0.0,0.4808,0.0,75.9,-0.1,0.07226,0.06426
2025-03-09T02:15:00,0.0059,0.4663,4.3,66.4,1.3,0.06207,0.05407
2025-03-09T02:30:00,0.0,0.4118,0.0,59.8,1.3,0.05456,0.04656
2025-03-09T02:45:00,0.0119,0.542,9.1,75.1,-0.1,0.06333,0.05533
2025-03-09T03:00:00,0.0,0.4929,0.0,79.1,0.3,0.06512,0.05712
2025-03-09T03:15:00,0.0201,0.5547,14.8,74.7,1.4,0.06571,0.05771
2025-03-09T03:30:00,0.0,0.4737,0.0,80.9,0.5,0.07301,0.06501
2025-03-09T03:45:00,0.0,0.5398,0.0,68.6,0.9,0.06711,0.05911
2025-03-09T04:00:00,0.0145,0.5465,10.7,72.8,1.5,0.07026,0.06226
2025-03-09T04:15:00,0.0025,0.4547,1.9,80.1,1.8,0.05908,0.05108
2025-03-09T04:30:00,0.0193,0.4895,14.5,76.2,1.6,0.07138,0.06338
2025-03-09T04:45:00,0.0,0.6031,0.0,80.0,0.2,0.07951,0.07151
2025-03-09T05:00:00,0.0404,0.4244,29.4,66.9,2.2,0.0727,0.0647
2025-03-09T05:15:00,0.0,0.5913,0.0,78.2,1.2,0.07121,0.06321
2025-03-09T05:30:00,0.0,0.5858,0.0,92.8,1.2,0.07284,0.06484
2025-03-09T05:45:00,0.0,0.6346,0.0,75.2,1.1,0.08554,0.07754
2025-03-09T06:00:00,0.0,0.7841,0.0,71.3,2.1,0.07287,0.06487
2025-03-09T06:15:00,0.0,0.8555,0.0,80.4,2.7,0.08202,0.07402
2025-03-09T06:30:00,0.025,0.9137,18.6,84.4,1.6,0.09018,0.08218
2025-03-09T06:45:00,0.0579,0.978,44.1,57.8,4.2,0.09683,0.08883
2025-03-09T07:00:00,0.0859,0.8928,63.4,72.0,3.2,0.09451,0.08651
2025-03-09T07:15:00,0.0579,1.0298,42.8,76.2,3.9,0.10313,0.09513
2025-03-09T07:30:00,0.1017,0.9425,71.9,73.0,4.9,0.1027,0.0947
2025-03-09T07:45:00,0.0924,1.0581,68.1,76.8,4.8,0.10669,0.09869
2025-03-09T08:00:00,0.1158,1.0177,86.7,80.6,4.1,0.10503,0.09703
2025-03-09T08:15:00,0.1622,0.9389,119.6,75.9,5.0,0.09695,0.08895
2025-03-09T08:30:00,0.1681,0.9009,122.0,79.4,6.7,0.09984,0.09184
2025-03-09T08:45:00,0.2,0.659,156.0,71.3,7.3,0.09981,0.09181
2025-03-09T09:00:00,0.1684,0.7553,125.5,89.9,5.2,0.08209,0.07409
2025-03-09T09:15:00,0.2834,0.7199,215.5,69.1,6.6,0.07896,0.07096
2025-03-09T09:30:00,0.2835,0.3699,212.8,70.5,7.8,0.07652,0.06852
2025-03-09T09:45:00,0.2944,0.5722,219.4,79.7,7.6,0.0582,0.0502
2025-03-09T10:00:00,0.2828,0.5685,200.1,78.2,7.5,0.05806,0.05006
2025-03-09T10:15:00,0.283,0.5382,203.9,82.9,8.0,0.04339,0.03539
2025-03-09T10:30:00,0.3184,0.4435,232.5,76.9,8.7,0.04991,0.04191
2025-03-09T10:45:00,0.2855,0.4268,217.2,74.6,9.5,0.05091,0.04291
2025-03-09T11:00:00,0.297,0.4839,216.9,79.0,8.4,0.0437,0.0357
2025-03-09T11:15:00,0.3073,0.4393,222.6,74.1,8.6,0.02537,0.01737
2025-03-09T11:30:00,0.3677,0.3392,284.2,67.0,9.2,0.02683,0.01883
2025-03-09T11:45:00,0.2782,0.4472,215.9,82.4,9.2,0.01939,0.01139
2025-03-09T12:00:00,0.3515,0.4954,249.3,73.8,8.4,0.01616,0.00816
2025-03-09T12:15:00,0.3136,0.5062,223.9,81.5,8.9,0.02234,0.01434
2025-03-09T12:30:00,0.3176,0.4539,233.4,76.8,9.2,0.00333,-0.00467
2025-03-09T12:45:00,0.3554,0.4632,254.0,77.0,9.8,0.01647,0.00847
2025-03-09T13:00:00,0.3683,0.3997,263.8,67.0,12.0,0.00947,0.00147
2025-03-09T13:15:00,0.3928,0.4872,270.0,70.7,10.4,0.01857,0.01057
2025-03-09T13:30:00,0.2583,0.5005,207.2,80.0,9.1,0.01231,0.00431
2025-03-09T13:45:00,0.3564,0.4382,259.7,73.1,10.6,0.0089,0.0009
2025-03-09T14:00:00,0.271,0.4864,192.8,78.9,10.5,0.01697,0.00897
2025-03-09T14:15:00,0.2756,0.4326,201.0,77.5,12.5,0.02265,0.01465
2025-03-09T14:30:00,0.2496,0.3921,187.6,75.5,10.3,0.02185,0.01385
2025-03-09T14:45:00,0.233,0.5038,178.7,67.7,11.7,0.02837,0.02037
2025-03-09T15:00:00,0.3097,0.497,219.3,64.4,12.0,0.02645,0.01845
2025-03-09T15:15:00,0.2021,0.4031,140.2,73.8,11.0,0.02119,0.01319
2025-03-09T15:30:00,0.1986,0.4902,155.4,75.7,10.2,0.04405,0.03605
2025-03-09T15:45:00,0.1683,0.4376,128.1,73.3,10.7,0.04773,0.03973
2025-03-09T16:00:00,0.1245,0.5387,89.9,71.8,9.5,0.04956,0.04156
2025-03-09T16:15:00,0.1333,0.5334,95.7,71.5,11.6,0.05447,0.04647
2025-03-09T16:30:00,0.1115,0.45,83.6,89.4,10.3,0.06597,0.05797
2025-03-09T16:45:00,0.0596,0.616,45.8,86.8,9.5,0.06302,0.05502
2025-03-09T17:00:00,0.0221,0.5674,15.7,89.4,9.3,0.06788,0.05988
2025-03-09T17:15:00,0.0659,0.6911,46.6,74.0,9.6,0.07764,0.06964
2025-03-09T17:30:00,0.0,0.8139,0.0,80.3,8.7,0.09278,0.08478
2025-03-09T17:45:00,0.0035,0.8641,2.6,77.0,8.7,0.08429,0.07629
2025-03-09T18:00:00,0.0,0.8929,0.0,70.4,10.4,0.10664,0.09864
2025-03-09T18:15:00,0.0049,1.0248,3.6,78.3,9.5,0.10218,0.09418
2025-03-09T18:30:00,0.0102,1.1891,7.2,72.7,8.6,0.10532,0.09732
2025-03-09T18:45:00,0.0,1.2961,0.0,67.6,9.1,0.1245,0.1165
2025-03-09T19:00:00,0.022,1.2405,15.9,76.1,7.0,0.12022,0.11222
2025-03-09T19:15:00,0.0082,1.3607,6.0,74.3,7.4,0.11549,0.10749
2025-03-09T19:30:00,0.0,1.3585,0.0,77.1,6.8,0.12214,0.11414
2025-03-09T19:45:00,0.0,1.271,0.0,82.3,8.0,0.12936,0.12136
2025-03-09T20:00:00,0.0,1.2544,0.0,73.1,6.6,0.12894,0.12094
2025-03-09T20:15:00,0.0,1.1726,0.0,71.2,7.2,0.11595,0.10795
2025-03-09T20:30:00,0.0264,1.2288,18.7,64.4,7.6,0.11663,0.10863
2025-03-09T20:45:00,0.0,0.9336,0.0,83.9,4.0,0.11339,0.10539
2025-03-09T21:00:00,0.0,0.9834,0.0,71.9,6.3,0.09972,0.09172
2025-03-09T21:15:00,0.0,0.8915,0.0,72.5,5.8,0.10007,0.09207
2025-03-09T21:30:00,0.037,0.7771,27.2,66.3,4.7,0.09225,0.08425
2025-03-09T21:45:00,0.0229,0.728,16.3,77.2,4.2,0.08409,0.07609
2025-03-09T22:00:00,0.0333,0.6692,24.6,75.6,4.4,0.07974,0.07174
2025-03-09T22:15:00,0.0059,0.6847,4.5,81.9,4.2,0.07909,0.07109
2025-03-09T22:30:00,0.0,0.6284,0.0,79.9,3.6,0.07552,0.06752
2025-03-09T22:45:00,0.0059,0.54,4.1,81.4,3.8,0.06923,0.06123
2025-03-09T23:00:00,0.0006,0.5721,0.4,68.5,4.6,0.06793,0.05993
2025-03-09T23:15:00,0.0075,0.4298,5.4,81.0,2.5,0.07553,0.06753
2025-03-09T23:30:00,0.0087,0.5779,6.8,72.0,4.1,0.06892,0.06092
2025-03-09T23:45:00,0.0264,0.5145,19.8,75.9,2.3,0.07207,0.06407
2025-03-10T00:00:00,0.0,0.2965,0.0,20.8,4.8,0.07221,0.06421
2025-03-10T00:15:00,0.0142,0.2392,10.1,7.2,5.4,0.06853,0.06053
2025-03-10T00:30:00,0.0,0.3885,0.0,7.9,4.4,0.07863,0.07063
2025-03-10T00:45:00,0.0,0.3172,0.0,4.7,4.0,0.06005,0.05205
2025-03-10T01:00:00,0.029,0.487,21.0,18.3,3.6,0.06985,0.06185
2025-03-10T01:15:00,0.0048,0.4167,3.4,11.9,3.6,0.06309,0.05509
2025-03-10T01:30:00,0.0169,0.2683,12.8,11.9,4.1,0.07613,0.06813
2025-03-10T01:45:00,0.0,0.3414,0.0,13.1,4.9,0.0752,0.0672
2025-03-10T02:00:00,0.0029,0.3117,2.0,9.9,3.0,0.05328,0.04528
2025-03-10T02:15:00,0.0021,0.3783,1.6,10.0,3.4,0.05919,0.05119
2025-03-10T02:30:00,0.0017,0.3348,1.2,16.8,2.3,0.06899,0.06099
2025-03-10T02:45:00,0.0212,0.333,15.1,0.0,3.6,0.06975,0.06175
2025-03-10T03:00:00,0.0006,0.3595,0.4,22.5,2.5,0.06945,0.06145
2025-03-10T03:15:00,0.0,0.4599,0.0,16.9,3.4,0.06463,0.05663
2025-03-10T03:30:00,0.0134,0.3557,9.8,8.0,4.6,0.06784,0.05984
2025-03-10T03:45:00,0.0371,0.4339,26.9,10.4,3.2,0.06913,0.06113
2025-03-10T04:00:00,0.0,0.3381,0.0,15.1,2.1,0.06492,0.05692
2025-03-10T04:15:00,0.0307,0.3741,21.5,26.2,4.2,0.07185,0.06385
2025-03-10T04:30:00,0.0047,0.331,3.6,3.4,4.6,0.05262,0.04462
2025-03-10T04:45:00,0.0063,0.3844,4.7,14.1,3.2,0.07074,0.06274
2025-03-10T05:00:00,0.0,0.3802,0.0,12.6,3.9,0.06187,0.05387
2025-03-10T05:15:00,0.0,0.449,0.0,15.8,4.0,0.07546,0.06746
2025-03-10T05:30:00,0.0005,0.3703,0.4,11.0,5.4,0.07057,0.06257
2025-03-10T05:45:00,0.0087,0.5473,6.1,15.0,3.5,0.06953,0.06153
2025-03-10T06:00:00,0.0165,0.6615,12.4,11.4,4.3,0.08073,0.07273
2025-03-10T06:15:00,0.0,0.5933,0.0,11.0,6.4,0.0773,0.0693
2025-03-10T06:30:00,0.0092,0.7125,7.1,10.9,6.0,0.08206,0.07406
2025-03-10T06:45:00,0.0799,0.821,59.1,20.1,6.2,0.08312,0.07512
2025-03-10T07:00:00,0.1186,0.845,88.5,14.8,5.6,0.09719,0.08919
2025-03-10T07:15:00,0.166,0.9188,121.7,10.5,6.7,0.10456,0.09656
2025-03-10T07:30:00,0.2229,0.9062,164.9,12.9,7.1,0.1109,0.1029
2025-03-10T07:45:00,0.2455,0.8628,177.0,13.2,6.2,0.10564,0.09764
2025-03-10T08:00:00,0.2953,0.8668,214.5,6.8,7.5,0.11279,0.10479
2025-03-10T08:15:00,0.3257,0.9221,258.6,6.4,6.9,0.10479,0.09679
2025-03-10T08:30:00,0.3873,0.738,275.3,18.8,8.4,0.10052,0.09252
2025-03-10T08:45:00,0.4307,0.6997,316.8,13.0,8.6,0.09938,0.09138
2025-03-10T09:00:00,0.4623,0.6146,340.7,17.1,7.5,0.09597,0.08797
2025-03-10T09:15:00,0.4896,0.5182,366.0,10.8,8.7,0.08047,0.07247
2025-03-10T09:30:00,0.5854,0.447,419.3,14.1,10.2,0.07361,0.06561
2025-03-10T09:45:00,0.566,0.2975,421.0,17.6,9.5,0.06668,0.05868
2025-03-10T10:00:00,0.5653,0.4672,402.6,30.1,11.2,0.06102,0.05302
2025-03-10T10:15:00,0.5982,0.3389,456.0,15.8,10.8,0.04848,0.04048
2025-03-10T10:30:00,0.6762,0.3903,474.3,14.6,9.6,0.05399,0.04599
2025-03-10T10:45:00,0.6586,0.2754,466.5,19.1,11.1,0.03998,0.03198
2025-03-10T11:00:00,0.6246,0.3035,477.2,12.2,11.4,0.04031,0.03231
2025-03-10T11:15:00,0.6375,0.3493,458.2,20.5,10.2,0.02831,0.02031
2025-03-10T11:30:00,0.6913,0.3482,517.1,11.7,10.2,0.03169,0.02369
2025-03-10T11:45:00,0.637,0.3992,486.5,24.0,10.9,0.02869,0.02069
2025-03-10T12:00:00,0.7633,0.2333,570.4,2.6,14.0,0.02115,0.01315
2025-03-10T12:15:00,0.6992,0.2772,512.6,18.5,11.3,0.03369,0.02569
2025-03-10T12:30:00,0.6453,0.3646,484.6,14.9,14.0,0.02226,0.01426
2025-03-10T12:45:00,0.6357,0.2203,460.9,16.9,11.0,0.02976,0.02176
2025-03-10T13:00:00,0.6878,0.3792,488.5,16.4,12.4,0.02454,0.01654
2025-03-10T13:15:00,0.6534,0.3508,502.5,17.2,13.1,0.0151,0.0071
2025-03-10T13:30:00,0.6577,0.2909,514.6,2.7,12.5,0.01768,0.00968
2025-03-10T13:45:00,0.6533,0.2759,482.0,8.7,13.3,0.02406,0.01606
2025-03-10T14:00:00,0.6338,0.327,464.0,7.1,12.9,0.02381,0.01581
2025-03-10T14:15:00,0.5533,0.2757,406.2,16.6,13.6,0.02621,0.01821
2025-03-10T14:30:00,0.5772,0.3527,415.6,11.9,13.4,0.02707,0.01907
2025-03-10T14:45:00,0.5072,0.2729,366.9,13.4,13.6,0.02117,0.01317
2025-03-10T15:00:00,0.5377,0.3258,420.4,2.8,13.3,0.03419,0.02619
2025-03-10T15:15:00,0.4252,0.361,313.2,14.0,13.0,0.02603,0.01803
2025-03-10T15:30:00,0.3694,0.3543,279.2,15.8,13.0,0.04561,0.03761
2025-03-10T15:45:00,0.3597,0.4066,266.3,5.2,12.8,0.04331,0.03531
2025-03-10T16:00:00,0.2462,0.3766,189.3,24.2,12.0,0.04793,0.03993
2025-03-10T16:15:00,0.2982,0.48,216.4,14.6,11.8,0.05577,0.04777
2025-03-10T16:30:00,0.2393,0.3912,177.0,4.1,13.7,0.06393,0.05593
2025-03-10T16:45:00,0.1455,0.5344,109.2,4.9,12.5,0.05928,0.05128
2025-03-10T17:00:00,0.1131,0.5364,87.1,17.9,13.2,0.06335,0.05535
2025-03-10T17:15:00,0.0772,0.4802,54.2,12.8,13.1,0.07377,0.06577
2025-03-10T17:30:00,0.0291,0.8204,20.8,12.7,11.7,0.07451,0.06651
2025-03-10T17:45:00,0.0093,0.7104,6.8,9.8,12.2,0.08769,0.07969
2025-03-10T18:00:00,0.0127,0.8778,9.6,8.9,12.6,0.10971,0.10171
2025-03-10T18:15:00,0.0,0.9243,0.0,13.3,12.5,0.1002,0.0922
2025-03-10T18:30:00,0.0,1.0192,0.0,28.4,9.7,0.11623,0.10823
2025-03-10T18:45:00,0.0,1.0684,0.0,8.7,10.4,0.10901,0.10101
2025-03-10T19:00:00,0.0172,1.2225,12.4,6.3,11.9,0.12281,0.11481
2025-03-10T19:15:00,0.0156,1.1159,10.9,22.2,9.9,0.12154,0.11354
2025-03-10T19:30:00,0.0,1.1685,0.0,19.9,9.8,0.12405,0.11605
2025-03-10T19:45:00,0.0235,1.1997,18.0,6.3,11.2,0.12727,0.11927
2025-03-10T20:00:00,0.0,1.1549,0.0,10.6,9.9,0.13239,0.12439
2025-03-10T20:15:00,0.0159,0.9635,12.3,14.6,9.4,0.11972,0.11172
2025-03-10T20:30:00,0.0,1.0263,0.0,15.7,8.8,0.11496,0.10696
2025-03-10T20:45:00,0.0352,0.9498,26.3,2.6,10.3,0.10329,0.09529
2025-03-10T21:00:00,0.0227,0.878,16.2,17.6,9.9,0.1071,0.0991
2025-03-10T21:15:00,0.0,0.6946,0.0,19.0,7.7,0.09647,0.08847
2025-03-10T21:30:00,0.0,0.7187,0.0,0.0,7.3,0.09744,0.08944
2025-03-10T21:45:00,0.0075,0.5551,5.4,13.3,6.7,0.08704,0.07904
2025-03-10T22:00:00,0.0049,0.5603,3.7,11.6,7.1,0.09314,0.08514
2025-03-10T22:15:00,0.0,0.5056,0.0,12.2,6.5,0.06679,0.05879
2025-03-10T22:30:00,0.0047,0.3407,3.4,18.0,5.2,0.07356,0.06556
2025-03-10T22:45:00,0.0048,0.3576,3.5,11.7,5.5,0.07791,0.06991
2025-03-10T23:00:00,0.0,0.3384,0.0,17.3,5.5,0.06838,0.06038
2025-03-10T23:15:00,0.0426,0.2556,32.9,12.6,5.4,0.06409,0.05609
2025-03-10T23:30:00,0.0146,0.4304,10.2,9.9,5.2,0.06604,0.05804
2025-03-10T23:45:00,0.0,0.296,0.0,14.4,5.3,0.05848,0.05048
2025-03-11T00:00:00,0.0,0.3475,0.0,16.6,6.0,0.06571,0.05771
2025-03-11T00:15:00,0.0,0.3062,0.0,15.2,3.7,0.07964,0.07164
2025-03-11T00:30:00,0.0,0.26,0.0,6.9,3.6,0.07187,0.06387
2025-03-11T00:45:00,0.0172,0.3844,12.5,19.6,3.6,0.05835,0.05035
2025-03-11T01:00:00,0.0,0.3509,0.0,7.0,3.6,0.05976,0.05176
2025-03-11T01:15:00,0.003,0.267,2.1,17.7,3.6,0.06257,0.05457
2025-03-11T01:30:00,0.02,0.3146,15.0,17.1,5.2,0.07103,0.06303
2025-03-11T01:45:00,0.0137,0.375,10.2,13.5,3.6,0.06007,0.05207
2025-03-11T02:00:00,0.025,0.2703,18.6,10.3,4.2,0.06086,0.05286
2025-03-11T02:15:00,0.0067,0.3812,4.7,17.5,3.4,0.07031,0.06231
2025-03-11T02:30:00,0.0366,0.3313,26.0,10.3,4.4,0.07019,0.06219
2025-03-11T02:45:00,0.0178,0.408,13.9,18.2,4.4,0.06277,0.05477
2025-03-11T03:00:00,0.011,0.4389,8.2,15.5,3.2,0.05832,0.05032
2025-03-11T03:15:00,0.0,0.2699,0.0,20.5,5.2,0.05576,0.04776
2025-03-11T03:30:00,0.01,0.3925,7.1,14.5,3.9,0.06091,0.05291
2025-03-11T03:45:00,0.0189,0.3647,13.4,14.6,3.5,0.05182,0.04382
2025-03-11T04:00:00,0.0,0.291,0.0,14.2,3.1,0.06988,0.06188
2025-03-11T04:15:00,0.0115,0.4209,8.8,23.8,4.2,0.0619,0.0539
2025-03-11T04:30:00,0.0047,0.3017,3.4,8.5,3.5,0.06906,0.06106
2025-03-11T04:45:00,0.0255,0.3916,18.5,17.2,4.1,0.07814,0.07014
2025-03-11T05:00:00,0.0221,0.3902,16.2,15.6,4.9,0.0751,0.0671
2025-03-11T05:15:00,0.0,0.297,0.0,27.7,4.1,0.06278,0.05478
2025-03-11T05:30:00,0.0,0.4765,0.0,14.2,4.6,0.07713,0.06913
2025-03-11T05:45:00,0.0,0.5414,0.0,9.7,4.2,0.08176,0.07376
2025-03-11T06:00:00,0.0376,0.6147,27.4,15.1,4.4,0.07394,0.06594
2025-03-11T06:15:00,0.0,0.5998,0.0,9.6,5.1,0.07695,0.06895
2025-03-11T06:30:00,0.0311,0.7039,23.5,15.2,4.3,0.08674,0.07874
2025-03-11T06:45:00,0.0342,0.828,25.5,12.1,6.0,0.08273,0.07473
2025-03-11T07:00:00,0.0809,0.8776,59.3,7.2,7.2,0.10592,0.09792
2025-03-11T07:15:00,0.1609,0.9079,130.0,19.7,6.4,0.08679,0.07879
2025-03-11T07:30:00,0.2524,0.9531,187.2,10.4,5.9,0.09764,0.08964
2025-03-11T07:45:00,0.2484,0.8241,179.9,28.1,4.9,0.10425,0.09625
2025-03-11T08:00:00,0.3408,0.8132,247.6,21.9,6.7,0.10433,0.09633
2025-03-11T08:15:00,0.3244,0.7759,242.0,23.1,6.7,0.10463,0.09663
2025-03-11T08:30:00,0.4682,0.7434,346.3,1.2,8.0,0.10138,0.09338
2025-03-11T08:45:00,0.4086,0.6848,294.4,18.9,7.3,0.09299,0.08499
2025-03-11T09:00:00,0.4316,0.6406,318.8,23.4,7.8,0.09437,0.08637
2025-03-11T09:15:00,0.5148,0.5339,396.6,9.1,9.7,0.06716,0.05916
2025-03-11T09:30:00,0.5501,0.4739,399.2,13.9,8.2,0.07203,0.06403
2025-03-11T09:45:00,0.4835,0.3635,374.9,25.1,8.9,0.05974,0.05174
2025-03-11T10:00:00,0.5198,0.3978,392.4,26.8,8.1,0.05706,0.04906
2025-03-11T10:15:00,0.6747,0.2983,466.9,11.1,11.7,0.05027,0.04227
2025-03-11T10:30:00,0.6272,0.2872,457.2,18.0,11.0,0.0367,0.0287
2025-03-11T10:45:00,0.6065,0.3028,435.2,24.5,11.5,0.03215,0.02415
2025-03-11T11:00:00,0.6563,0.3596,474.5,21.9,8.8,0.03516,0.02716
2025-03-11T11:15:00,0.715,0.4101,513.7,17.9,10.9,0.0275,0.0195
2025-03-11T11:30:00,0.6066,0.2659,444.7,30.6,10.1,0.01691,0.00891
2025-03-11T11:45:00,0.6908,0.2601,496.2,20.3,12.3,0.02941,0.02141
2025-03-11T12:00:00,0.7283,0.4228,534.0,15.4,11.6,0.02781,0.01981
2025-03-11T12:15:00,0.6424,0.4748,485.0,17.5,11.5,0.00262,-0.00538
2025-03-11T12:30:00,0.6714,0.3231,488.5,18.0,12.0,0.01134,0.00334
2025-03-11T12:45:00,0.692,0.3715,506.9,15.5,13.3,0.02345,0.01545
2025-03-11T13:00:00,0.6781,0.3775,485.3,21.4,12.7,0.01271,0.00471
2025-03-11T13:15:00,0.6591,0.3614,468.3,13.5,12.8,0.0097,0.0017
2025-03-11T13:30:00,0.6489,0.2802,457.6,11.9,14.6,0.00823,0.00023
2025-03-11T13:45:00,0.6607,0.3485,499.2,5.6,14.1,0.00803,3e-05
2025-03-11T14:00:00,0.6561,0.3035,477.9,15.3,13.3,0.01245,0.00445
2025-03-11T14:15:00,0.6544,0.2895,457.2,12.1,12.9,0.01344,0.00544
2025-03-11T14:30:00,0.5444,0.3987,406.8,8.1,13.2,0.02472,0.01672
2025-03-11T14:45:00,0.4978,0.312,373.6,17.0,12.2,0.02177,0.01377
2025-03-11T15:00:00,0.4988,0.3181,372.0,18.9,12.8,0.02577,0.01777
2025-03-11T15:15:00,0.4413,0.3012,330.3,16.0,14.4,0.02574,0.01774
2025-03-11T15:30:00,0.3779,0.3854,284.7,12.7,12.7,0.03743,0.02943
2025-03-11T15:45:00,0.3682,0.3382,258.3,23.4,11.3,0.03737,0.02937
2025-03-11T16:00:00,0.3146,0.3722,235.0,3.8,12.6,0.04689,0.03889
2025-03-11T16:15:00,0.2663,0.4019,195.1,19.3,14.7,0.05972,0.05172
2025-03-11T16:30:00,0.2078,0.4436,157.7,21.6,13.8,0.06145,0.05345
2025-03-11T16:45:00,0.1634,0.4885,113.0,11.3,13.2,0.06838,0.06038
2025-03-11T17:00:00,0.0843,0.5524,63.9,22.5,13.3,0.07392,0.06592
2025-03-11T17:15:00,0.0617,0.6137,47.2,22.0,12.5,0.07885,0.07085
2025-03-11T17:30:00,0.0319,0.622,22.8,15.1,13.1,0.08466,0.07666
2025-03-11T17:45:00,0.0207,0.8308,15.5,11.9,13.1,0.0906,0.0826
2025-03-11T18:00:00,0.0,0.8475,0.0,22.3,10.2,0.10391,0.09591
2025-03-11T18:15:00,0.0,0.9473,0.0,21.0,11.0,0.09941,0.09141
2025-03-11T18:30:00,0.0,0.9809,0.0,12.1,11.4,0.11989,0.11189
2025-03-11T18:45:00,0.0,1.0836,0.0,12.4,11.8,0.11709,0.10909
2025-03-11T19:00:00,0.0225,1.1444,16.8,9.6,9.4,0.11626,0.10826
2025-03-11T19:15:00,0.0,1.2119,0.0,32.1,10.5,0.12033,0.11233
2025-03-11T19:30:00,0.0,1.1798,0.0,22.3,10.7,0.12021,0.11221
2025-03-11T19:45:00,0.0,1.2057,0.0,16.1,10.3,0.12472,0.11672
2025-03-11T20:00:00,0.0,1.0619,0.0,23.7,8.1,0.11747,0.10947
2025-03-11T20:15:00,0.0067,1.1774,4.6,13.1,9.8,0.12536,0.11736
2025-03-11T20:30:00,0.011,1.1274,8.2,23.5,9.2,0.10949,0.10149
2025-03-11T20:45:00,0.0432,0.9087,33.7,4.5,9.3,0.09547,0.08747
2025-03-11T21:00:00,0.0,0.8007,0.0,22.0,8.1,0.0992,0.0912
2025-03-11T21:15:00,0.0333,0.847,23.7,17.1,9.3,0.08589,0.07789
2025-03-11T21:30:00,0.0419,0.692,30.0,20.5,7.3,0.0922,0.0842
2025-03-11T21:45:00,0.0,0.4664,0.0,19.9,8.4,0.09366,0.08566
2025-03-11T22:00:00,0.0197,0.6289,14.7,17.0,8.5,0.08657,0.07857
2025-03-11T22:15:00,0.0444,0.413,32.9,4.1,7.6,0.07066,0.06266
2025-03-11T22:30:00,0.0,0.507,0.0,14.8,6.4,0.07077,0.06277
2025-03-11T22:45:00,0.0015,0.5372,1.1,2.7,6.7,0.08329,0.07529
2025-03-11T23:00:00,0.0,0.4114,0.0,28.0,6.4,0.07239,0.06439
2025-03-11T23:15:00,0.0445,0.359,31.4,24.0,5.2,0.06887,0.06087
2025-03-11T23:30:00,0.0,0.3232,0.0,21.5,4.3,0.07397,0.06597
2025-03-11T23:45:00,0.0,0.2693,0.0,15.2,4.2,0.08148,0.07348
2025-03-12T00:00:00,0.0149,0.3557,10.6,47.6,3.4,0.07278,0.06478
2025-03-12T00:15:00,0.0,0.3142,0.0,49.2,4.6,0.06584,0.05784
2025-03-12T00:30:00,0.0041,0.2804,3.0,61.1,2.7,0.06713,0.05913
2025-03-12T00:45:00,0.01,0.3784,7.2,60.4,2.1,0.0687,0.0607
2025-03-12T01:00:00,0.0,0.3372,0.0,41.8,5.0,0.06132,0.05332
2025-03-12T01:15:00,0.0621,0.3081,44.3,46.5,2.9,0.05865,0.05065
2025-03-12T01:30:00,0.0275,0.3815,20.3,48.8,2.5,0.06531,0.05731
2025-03-12T01:45:00,0.0,0.2567,0.0,52.5,1.4,0.05932,0.05132
2025-03-12T02:00:00,0.0045,0.3554,3.4,45.6,2.0,0.06463,0.05663
2025-03-12T02:15:00,0.0096,0.3053,7.3,38.1,2.7,0.06558,0.05758
2025-03-12T02:30:00,0.0,0.3292,0.0,48.4,0.5,0.07905,0.07105
2025-03-12T02:45:00,0.0,0.3063,0.0,59.9,2.3,0.05991,0.05191
2025-03-12T03:00:00,0.023,0.3985,17.3,58.7,2.1,0.06429,0.05629
2025-03-12T03:15:00,0.0068,0.4235,4.7,50.2,3.0,0.06407,0.05607
2025-03-12T03:30:00,0.0,0.275,0.0,53.7,2.5,0.06773,0.05973
2025-03-12T03:45:00,0.0151,0.3879,10.7,52.5,2.4,0.07149,0.06349
2025-03-12T04:00:00,0.0041,0.3792,3.1,58.6,2.8,0.06244,0.05444
2025-03-12T04:15:00,0.0,0.3613,0.0,50.4,1.7,0.06075,0.05275
2025-03-12T04:30:00,0.011,0.4359,8.2,49.2,3.7,0.05632,0.04832
2025-03-12T04:45:00,0.0,0.4936,0.0,49.6,2.3,0.06137,0.05337
2025-03-12T05:00:00,0.0022,0.3057,1.6,58.1,2.2,0.07127,0.06327
2025-03-12T05:15:00,0.0,0.4478,0.0,54.7,3.0,0.06995,0.06195
2025-03-12T05:30:00,0.0,0.5182,0.0,49.9,2.3,0.0658,0.0578
2025-03-12T05:45:00,0.0353,0.5268,25.9,56.2,2.1,0.07256,0.06456
2025-03-12T06:00:00,0.0141,0.5142,9.9,50.9,5.5,0.07858,0.07058
2025-03-12T06:15:00,0.0,0.6492,0.0,47.6,4.0,0.08565,0.07765
2025-03-12T06:30:00,0.0238,0.6424,17.0,62.6,3.9,0.08378,0.07578
2025-03-12T06:45:00,0.008,0.8014,5.9,61.1,2.2,0.09075,0.08275
2025-03-12T07:00:00,0.1064,0.8926,77.3,55.8,3.4,0.08607,0.07807
2025-03-12T07:15:00,0.1229,0.9777,92.1,53.4,5.1,0.09417,0.08617
2025-03-12T07:30:00,0.1605,0.8556,119.7,45.2,4.8,0.11379,0.10579
2025-03-12T07:45:00,0.179,0.8947,139.3,50.5,7.0,0.09248,0.08448
2025-03-12T08:00:00,0.1803,0.8521,134.5,54.0,6.1,0.10332,0.09532
2025-03-12T08:15:00,0.2333,0.7787,173.0,59.0,6.8,0.10451,0.09651
2025-03-12T08:30:00,0.294,0.7975,221.3,50.0,5.8,0.09695,0.08895
2025-03-12T08:45:00,0.2786,0.6116,195.6,55.0,7.8,0.08872,0.08072
2025-03-12T09:00:00,0.3339,0.6092,244.7,40.9,8.0,0.08632,0.07832
2025-03-12T09:15:00,0.384,0.6061,272.4,49.1,7.9,0.07891,0.07091
2025-03-12T09:30:00,0.3723,0.5032,270.8,50.0,8.1,0.07027,0.06227
2025-03-12T09:45:00,0.3937,0.334,298.9,52.3,9.7,0.05124,0.04324
2025-03-12T10:00:00,0.4478,0.3773,330.9,45.7,9.2,0.0536,0.0456
2025-03-12T10:15:00,0.4296,0.4115,317.5,47.4,8.5,0.04175,0.03375
2025-03-12T10:30:00,0.4096,0.3517,305.4,56.7,9.4,0.03652,0.02852
2025-03-12T10:45:00,0.5183,0.3097,370.8,45.7,9.1,0.03467,0.02667
2025-03-12T11:00:00,0.5223,0.3044,376.5,45.0,10.0,0.03126,0.02326
2025-03-12T11:15:00,0.3969,0.282,294.6,59.3,10.1,0.02749,0.01949
2025-03-12T11:30:00,0.4702,0.3864,340.7,60.1,9.6,0.01442,0.00642
2025-03-12T11:45:00,0.4986,0.2904,376.4,46.0,10.9,0.01886,0.01086
2025-03-12T12:00:00,0.4915,0.361,366.7,51.3,11.2,0.01692,0.00892
2025-03-12T12:15:00,0.5332,0.3589,377.2,43.6,10.2,0.01395,0.00595
2025-03-12T12:30:00,0.5587,0.3918,397.5,41.9,11.8,0.01346,0.00546
2025-03-12T12:45:00,0.419,0.4349,299.7,65.8,10.8,0.00302,-0.00498
2025-03-12T13:00:00,0.4341,0.2969,304.5,58.9,11.5,0.00243,-0.00557
2025-03-12T13:15:00,0.4529,0.2496,332.4,56.2,11.8,0.00882,0.00082
2025-03-12T13:30:00,0.4395,0.322,325.6,48.0,11.8,-0.00314,-0.01114
2025-03-12T13:45:00,0.4805,0.4168,350.1,46.5,12.0,0.00826,0.00026
2025-03-12T14:00:00,0.3858,0.3549,275.1,53.6,12.7,0.00646,-0.00154
2025-03-12T14:15:00,0.417,0.3159,293.9,44.9,11.2,0.01067,0.00267
2025-03-12T14:30:00,0.428,0.4256,314.3,46.3,12.9,0.00621,-0.00179
2025-03-12T14:45:00,0.3965,0.3359,291.7,43.0,12.4,0.01552,0.00752
2025-03-12T15:00:00,0.3705,0.3336,263.0,40.5,10.9,0.0253,0.0173
2025-03-12T15:15:00,0.2827,0.4677,204.3,44.8,11.8,0.0356,0.0276
2025-03-12T15:30:00,0.2908,0.3061,212.3,44.4,11.7,0.0413,0.0333
2025-03-12T15:45:00,0.2227,0.3555,167.2,57.3,12.0,0.04018,0.03218
2025-03-12T16:00:00,0.2318,0.4427,171.0,54.8,12.4,0.04505,0.03705
2025-03-12T16:15:00,0.181,0.4031,132.4,46.8,11.5,0.04696,0.03896
2025-03-12T16:30:00,0.1697,0.4463,123.8,47.3,11.9,0.06039,0.05239
2025-03-12T16:45:00,0.1169,0.4975,85.8,56.9,12.9,0.06281,0.05481
2025-03-12T17:00:00,0.0805,0.5148,57.3,56.5,12.0,0.07455,0.06655
2025-03-12T17:15:00,0.1027,0.5811,75.2,32.5,12.4,0.0883,0.0803
2025-03-12T17:30:00,0.0,0.7781,0.0,52.6,13.2,0.08468,0.07668
2025-03-12T17:45:00,0.0,0.7914,0.0,48.6,12.0,0.08302,0.07502
2025-03-12T18:00:00,0.0,0.7625,0.0,49.0,11.4,0.09385,0.08585
2025-03-12T18:15:00,0.0158,0.9715,11.4,44.0,10.9,0.0969,0.0889
2025-03-12T18:30:00,0.0,0.9917,0.0,57.1,11.0,0.10447,0.09647
2025-03-12T18:45:00,0.0419,1.0746,30.3,52.0,9.4,0.12457,0.11657
2025-03-12T19:00:00,0.0145,1.2758,10.8,61.6,9.9,0.12201,0.11401
2025-03-12T19:15:00,0.0121,1.2642,8.6,45.7,10.2,0.11406,0.10606
2025-03-12T19:30:00,0.0,1.2521,0.0,45.1,8.7,0.12814,0.12014
2025-03-12T19:45:00,0.0031,1.2181,2.4,59.2,9.2,0.13128,0.12328
2025-03-12T20:00:00,0.0025,1.1132,1.8,52.0,8.6,0.11959,0.11159
2025-03-12T20:15:00,0.026,1.1064,18.7,47.7,8.4,0.11443,0.10643
2025-03-12T20:30:00,0.0,1.0814,0.0,51.6,8.1,0.11215,0.10415
2025-03-12T20:45:00,0.0,1.0016,0.0,46.0,8.6,0.1108,0.1028
2025-03-12T21:00:00,0.0,0.7626,0.0,43.5,8.0,0.10742,0.09942
2025-03-12T21:15:00,0.0,0.7618,0.0,57.2,6.9,0.10503,0.09703
2025-03-12T21:30:00,0.0,0.6865,0.0,51.9,4.8,0.09971,0.09171
2025-03-12T21:45:00,0.0123,0.6575,9.2,38.4,6.8,0.09441,0.08641
2025-03-12T22:00:00,0.0,0.5087,0.0,42.0,5.9,0.09086,0.08286
2025-03-12T22:15:00,0.0,0.4938,0.0,48.0,7.5,0.08266,0.07466
2025-03-12T22:30:00,0.0032,0.3588,2.2,45.4,4.9,0.06615,0.05815
2025-03-12T22:45:00,0.0,0.3597,0.0,46.3,5.0,0.07184,0.06384
2025-03-12T23:00:00,0.0074,0.4075,5.3,46.8,5.0,0.07237,0.06437
2025-03-12T23:15:00,0.0389,0.4049,29.4,44.7,3.7,0.06655,0.05855
2025-03-12T23:30:00,0.0449,0.3783,33.2,52.4,3.5,0.0731,0.0651
2025-03-12T23:45:00,0.0274,0.3447,21.7,58.3,3.9,0.0646,0.0566
2025-03-13T00:00:00,0.0279,0.2506,21.8,0.0,5.9,0.05945,0.05145
2025-03-13T00:15:00,0.0275,0.3029,19.5,1.6,4.9,0.07367,0.06567
2025-03-13T00:30:00,0.0,0.3236,0.0,11.5,5.4,0.069,0.061
2025-03-13T00:45:00,0.0,0.3219,0.0,0.0,4.4,0.06632,0.05832
2025-03-13T01:00:00,0.004,0.3128,2.8,0.6,4.9,0.07056,0.06256
2025-03-13T01:15:00,0.0266,0.3821,19.6,6.1,4.5,0.07138,0.06338
2025-03-13T01:30:00,0.0,0.3086,0.0,0.0,4.8,0.06705,0.05905
2025-03-13T01:45:00,0.021,0.3298,15.8,11.2,4.9,0.05025,0.04225
2025-03-13T02:00:00,0.0134,0.3607,9.9,3.6,3.2,0.06095,0.05295
2025-03-13T02:15:00,0.0095,0.3866,6.7,12.9,4.3,0.06226,0.05426
2025-03-13T02:30:00,0.0011,0.4044,0.8,2.7,3.7,0.0591,0.0511
2025-03-13T02:45:00,0.0,0.261,0.0,8.5,4.8,0.0662,0.0582
2025-03-13T03:00:00,0.043,0.405,31.0,8.3,4.0,0.07218,0.06418
2025-03-13T03:15:00,0.0042,0.3656,3.0,4.4,4.2,0.06214,0.05414
2025-03-13T03:30:00,0.0,0.3809,0.0,4.3,3.3,0.0583,0.0503
2025-03-13T03:45:00,0.0,0.3909,0.0,1.5,3.4,0.07737,0.06937
2025-03-13T04:00:00,0.0,0.3024,0.0,0.0,5.1,0.06267,0.05467
2025-03-13T04:15:00,0.0137,0.3557,10.4,3.8,5.3,0.05828,0.05028
2025-03-13T04:30:00,0.0,0.4854,0.0,9.7,4.0,0.06759,0.05959
2025-03-13T04:45:00,0.0,0.5112,0.0,0.0,5.2,0.06948,0.06148
2025-03-13T05:00:00,0.0281,0.2497,20.7,0.0,6.2,0.06383,0.05583
2025-03-13T05:15:00,0.0187,0.286,14.1,2.7,3.9,0.07442,0.06642
2025-03-13T05:30:00,0.0,0.5816,0.0,0.0,5.4,0.06898,0.06098
2025-03-13T05:45:00,0.0,0.4832,0.0,3.9,7.0,0.06926,0.06126
2025-03-13T06:00:00,0.0058,0.5662,4.4,6.8,6.1,0.07947,0.07147
2025-03-13T06:15:00,0.0,0.7027,0.0,6.1,5.4,0.08726,0.07926
2025-03-13T06:30:00,0.0759,0.7589,58.3,0.0,5.6,0.08355,0.07555
2025-03-13T06:45:00,0.0903,0.7242,64.5,0.0,5.3,0.09426,0.08626
2025-03-13T07:00:00,0.1489,0.8781,108.1,17.2,7.3,0.09644,0.08844
2025-03-13T07:15:00,0.1986,0.893,150.1,13.9,7.0,0.11806,0.11006
2025-03-13T07:30:00,0.262,0.7663,195.0,0.6,6.9,0.09988,0.09188
2025-03-13T07:45:00,0.2899,0.8299,215.4,5.3,8.6,0.11396,0.10596
2025-03-13T08:00:00,0.3658,0.8713,251.0,9.7,6.3,0.1051,0.0971
2025-03-13T08:15:00,0.3937,0.8427,300.4,9.2,7.9,0.10252,0.09452
2025-03-13T08:30:00,0.4608,0.6695,348.8,0.0,9.6,0.10364,0.09564
2025-03-13T08:45:00,0.5208,0.6726,383.3,0.0,7.5,0.09908,0.09108
2025-03-13T09:00:00,0.5715,0.5766,415.4,5.5,9.2,0.09447,0.08647
2025-03-13T09:15:00,0.5402,0.4512,403.2,7.9,9.4,0.08113,0.07313
2025-03-13T09:30:00,0.5772,0.4993,414.1,19.4,9.0,0.06742,0.05942
2025-03-13T09:45:00,0.6475,0.4,475.6,2.7,12.0,0.0596,0.0516
2025-03-13T10:00:00,0.6678,0.3857,500.4,6.3,10.1,0.05792,0.04992
2025-03-13T10:15:00,0.7303,0.2782,547.3,0.0,10.9,0.0508,0.0428
2025-03-13T10:30:00,0.7207,0.2721,532.9,0.2,10.7,0.04869,0.04069
2025-03-13T10:45:00,0.7189,0.3488,530.2,1.3,12.5,0.03638,0.02838
2025-03-13T11:00:00,0.7633,0.3056,554.8,7.3,11.3,0.0344,0.0264
2025-03-13T11:15:00,0.7792,0.4059,552.4,7.1,12.8,0.0319,0.0239
2025-03-13T11:30:00,0.7418,0.3754,549.2,10.0,11.5,0.01914,0.01114
2025-03-13T11:45:00,0.8071,0.3579,579.6,0.0,12.1,0.00521,-0.00279
2025-03-13T12:00:00,0.7897,0.3249,566.7,1.7,14.2,0.00365,-0.00435
2025-03-13T12:15:00,0.7113,0.3506,531.5,6.6,12.0,-0.0006,-0.0086
2025-03-13T12:30:00,0.7519,0.3091,591.3,0.0,14.2,0.01559,0.00759
2025-03-13T12:45:00,0.8047,0.3306,590.3,0.0,13.3,-0.00025,-0.00825
2025-03-13T13:00:00,0.7413,0.4111,540.7,12.0,13.5,0.01182,0.00382
2025-03-13T13:15:00,0.7342,0.435,519.8,9.4,13.2,0.00833,0.00033
2025-03-13T13:30:00,0.7002,0.4274,549.3,0.0,13.9,0.01628,0.00828
2025-03-13T13:45:00,0.7139,0.2789,515.3,2.7,13.8,0.01392,0.00592
2025-03-13T14:00:00,0.675,0.2483,499.2,0.0,15.1,0.00988,0.00188
2025-03-13T14:15:00,0.6787,0.3063,493.3,3.6,13.2,0.01249,0.00449
2025-03-13T14:30:00,0.6515,0.3646,462.6,0.0,14.9,0.01792,0.00992
2025-03-13T14:45:00,0.6051,0.3425,440.2,1.0,15.1,0.02261,0.01461
2025-03-13T15:00:00,0.5106,0.3437,368.6,11.5,13.8,0.02287,0.01487
2025-03-13T15:15:00,0.5151,0.4262,375.0,0.0,14.6,0.03064,0.02264
2025-03-13T15:30:00,0.3783,0.2871,288.0,13.6,13.1,0.04551,0.03751
2025-03-13T15:45:00,0.4416,0.4113,321.7,0.0,12.2,0.03088,0.02288
2025-03-13T16:00:00,0.4084,0.3663,303.7,0.0,14.7,0.04811,0.04011
2025-03-13T16:15:00,0.3225,0.3814,234.5,0.0,14.8,0.04683,0.03883
2025-03-13T16:30:00,0.2337,0.4839,181.5,8.3,13.0,0.05937,0.05137
2025-03-13T16:45:00,0.2028,0.4332,145.9,10.1,14.1,0.06956,0.06156
2025-03-13T17:00:00,0.1427,0.5466,104.1,7.4,14.5,0.07075,0.06275
2025-03-13T17:15:00,0.1114,0.5635,82.2,2.0,12.9,0.08258,0.07458
2025-03-13T17:30:00,0.0413,0.6282,30.7,3.6,12.6,0.07545,0.06745
2025-03-13T17:45:00,0.0278,0.8411,19.9,6.4,14.4,0.09874,0.09074
2025-03-13T18:00:00,0.0,0.8415,0.0,13.7,13.5,0.09546,0.08746
2025-03-13T18:15:00,0.0379,1.0529,27.2,7.5,11.3,0.10944,0.10144
2025-03-13T18:30:00,0.0,0.9836,0.0,14.0,12.8,0.11279,0.10479
2025-03-13T18:45:00,0.0185,1.0917,13.8,2.2,11.8,0.10125,0.09325
2025-03-13T19:00:00,0.0,1.1541,0.0,0.0,11.7,0.11613,0.10813
2025-03-13T19:15:00,0.0,1.2393,0.0,5.1,10.4,0.12452,0.11652
2025-03-13T19:30:00,0.0,1.1197,0.0,0.6,11.4,0.13355,0.12555
2025-03-13T19:45:00,0.0,1.1784,0.0,0.0,11.2,0.12545,0.11745
2025-03-13T20:00:00,0.0184,1.0803,13.4,3.0,10.1,0.1233,0.1153
2025-03-13T20:15:00,0.0,1.0455,0.0,8.9,10.2,0.11002,0.10202
2025-03-13T20:30:00,0.0093,1.054,6.8,5.5,9.0,0.12276,0.11476
2025-03-13T20:45:00,0.0,0.9686,0.0,4.3,9.4,0.11994,0.11194
2025-03-13T21:00:00,0.0601,0.9642,45.1,8.8,9.0,0.10375,0.09575
2025-03-13T21:15:00,0.0023,0.8885,1.7,9.3,9.6,0.09662,0.08862
2025-03-13T21:30:00,0.0218,0.7227,15.8,7.8,8.7,0.08272,0.07472
2025-03-13T21:45:00,0.0293,0.6265,20.8,19.5,6.2,0.0926,0.0846
2025-03-13T22:00:00,0.0016,0.6386,1.2,6.8,6.0,0.0989,0.0909
2025-03-13T22:15:00,0.0,0.5092,0.0,0.0,7.2,0.08299,0.07499
2025-03-13T22:30:00,0.0,0.5088,0.0,5.8,7.8,0.08292,0.07492
2025-03-13T22:45:00,0.0074,0.3984,5.4,9.7,6.5,0.07587,0.06787
2025-03-13T23:00:00,0.0,0.2634,0.0,5.1,7.6,0.06457,0.05657
2025-03-13T23:15:00,0.0398,0.4011,30.1,8.1,6.0,0.07687,0.06887
2025-03-13T23:30:00,0.0,0.3071,0.0,13.8,5.6,0.06023,0.05223
2025-03-13T23:45:00,0.011,0.3786,8.0,0.0,6.0,0.0655,0.0575
2025-03-14T00:00:00,0.0311,0.3634,22.5,31.1,4.6,0.06667,0.05867
2025-03-14T00:15:00,0.0183,0.3756,13.6,29.7,4.5,0.0703,0.0623
2025-03-14T00:30:00,0.0075,0.3631,5.5,24.1,4.9,0.0675,0.0595
2025-03-14T00:45:00,0.017,0.3742,12.6,32.1,3.5,0.06732,0.05932
2025-03-14T01:00:00,0.0251,0.3264,18.6,30.1,3.6,0.06043,0.05243
2025-03-14T01:15:00,0.0,0.4053,0.0,29.6,3.9,0.05726,0.04926
2025-03-14T01:30:00,0.0037,0.3583,2.7,37.8,2.6,0.06537,0.05737
2025-03-14T01:45:00,0.0046,0.2786,3.3,29.5,4.4,0.06074,0.05274
2025-03-14T02:00:00,0.0,0.3399,0.0,19.1,3.8,0.05715,0.04915
2025-03-14T02:15:00,0.0231,0.4331,17.2,18.1,2.2,0.05741,0.04941
2025-03-14T02:30:00,0.0,0.3789,0.0,22.4,3.1,0.06206,0.05406
2025-03-14T02:45:00,0.0126,0.396,9.2,32.2,3.9,0.0539,0.0459
2025-03-14T03:00:00,0.0,0.3785,0.0,31.0,3.5,0.05694,0.04894
2025-03-14T03:15:00,0.0,0.3076,0.0,16.3,3.5,0.05524,0.04724
2025-03-14T03:30:00,0.0103,0.4797,7.5,24.1,2.9,0.0662,0.0582
2025-03-14T03:45:00,0.0124,0.3908,9.1,37.8,4.0,0.06766,0.05966
2025-03-14T04:00:00,0.0179,0.4663,13.5,32.0,3.3,0.07743,0.06943
2025-03-14T04:15:00,0.0,0.277,0.0,39.2,3.5,0.0567,0.0487
2025-03-14T04:30:00,0.0,0.275,0.0,27.4,4.0,0.0621,0.0541
2025-03-14T04:45:00,0.0172,0.3683,13.2,22.9,4.7,0.07241,0.06441
2025-03-14T05:00:00,0.0147,0.4938,11.2,28.0,3.2,0.06678,0.05878
2025-03-14T05:15:00,0.0,0.5269,0.0,16.5,4.5,0.06775,0.05975
2025-03-14T05:30:00,0.0,0.5424,0.0,42.4,4.6,0.0822,0.0742
2025-03-14T05:45:00,0.0426,0.5934,31.8,32.5,4.5,0.07284,0.06484
2025-03-14T06:00:00,0.0,0.6194,0.0,31.3,4.0,0.07156,0.06356
2025-03-14T06:15:00,0.0,0.6298,0.0,21.4,6.5,0.07488,0.06688
2025-03-14T06:30:00,0.0403,0.7561,29.7,29.1,5.3,0.08957,0.08157
2025-03-14T06:45:00,0.0938,0.7933,67.0,24.0,5.7,0.09438,0.08638
2025-03-14T07:00:00,0.1504,0.8897,108.0,31.3,4.4,0.08915,0.08115
2025-03-14T07:15:00,0.2161,0.9294,148.8,28.8,5.3,0.09571,0.08771
2025-03-14T07:30:00,0.2357,0.8494,165.9,25.9,7.4,0.10803,0.10003
2025-03-14T07:45:00,0.2504,0.8455,181.7,31.0,7.0,0.11003,0.10203
2025-03-14T08:00:00,0.2895,0.9448,213.8,33.6,8.3,0.10274,0.09474
2025-03-14T08:15:00,0.3192,0.7254,227.5,30.0,6.7,0.10854,0.10054
2025-03-14T08:30:00,0.3787,0.7443,275.3,26.6,8.2,0.10467,0.09667
2025-03-14T08:45:00,0.4422,0.5976,321.8,29.5,8.6,0.08545,0.07745
2025-03-14T09:00:00,0.4006,0.6008,287.5,36.3,7.7,0.088,0.08
2025-03-14T09:15:00,0.4597,0.5605,337.1,31.5,9.0,0.08532,0.07732
2025-03-14T09:30:00,0.4763,0.4109,355.9,28.9,10.3,0.07201,0.06401
2025-03-14T09:45:00,0.4725,0.4428,341.3,34.3,8.6,0.05526,0.04726
2025-03-14T10:00:00,0.5628,0.4121,417.1,27.6,9.6,0.05934,0.05134
2025-03-14T10:15:00,0.6257,0.314,468.3,19.3,10.1,0.059,0.051
2025-03-14T10:30:00,0.5709,0.4552,411.7,34.7,10.8,0.058,0.05
2025-03-14T10:45:00,0.5834,0.342,440.7,32.5,10.0,0.03002,0.02202
2025-03-14T11:00:00,0.5696,0.4479,434.7,33.6,9.6,0.05409,0.04609
2025-03-14T11:15:00,0.6786,0.2427,471.3,25.1,11.6,0.02746,0.01946
2025-03-14T11:30:00,0.6081,0.2353,436.3,31.6,11.8,0.03632,0.02832
2025-03-14T11:45:00,0.6224,0.2989,460.5,27.1,12.4,0.03486,0.02686
2025-03-14T12:00:00,0.657,0.3789,478.3,22.9,12.7,0.03076,0.02276
2025-03-14T12:15:00,0.6007,0.3426,440.5,32.9,12.8,0.02371,0.01571
2025-03-14T12:30:00,0.5831,0.3353,436.8,33.5,13.7,0.01435,0.00635
2025-03-14T12:45:00,0.6283,0.2798,470.8,27.1,10.6,0.02417,0.01617
2025-03-14T13:00:00,0.5684,0.3183,432.5,31.3,12.9,0.01581,0.00781
2025-03-14T13:15:00,0.7033,0.3562,509.3,17.3,14.4,0.00525,-0.00275
2025-03-14T13:30:00,0.4894,0.3775,345.9,38.8,13.0,0.03823,0.03023
2025-03-14T13:45:00,0.5251,0.3145,369.6,29.6,12.5,0.02694,0.01894
2025-03-14T14:00:00,0.59,0.296,430.6,27.0,12.6,0.03554,0.02754
2025-03-14T14:15:00,0.5466,0.3271,384.3,28.8,13.5,0.02156,0.01356
2025-03-14T14:30:00,0.5372,0.4265,392.0,25.2,14.2,0.03864,0.03064
2025-03-14T14:45:00,0.5532,0.3897,392.8,19.4,13.1,0.04252,0.03452
2025-03-14T15:00:00,0.4956,0.3368,348.3,25.9,13.5,0.04575,0.03775
2025-03-14T15:15:00,0.4098,0.2758,304.1,31.0,13.7,0.03999,0.03199
2025-03-14T15:30:00,0.3711,0.3513,270.5,24.4,14.0,0.03686,0.02886
2025-03-14T15:45:00,0.3311,0.3413,243.9,32.2,13.0,0.04721,0.03921
2025-03-14T16:00:00,0.2811,0.3494,209.9,32.8,11.9,0.03953,0.03153
2025-03-14T16:15:00,0.2689,0.1699,196.1,29.3,13.7,0.04732,0.03932
2025-03-14T16:30:00,0.2233,0.5377,158.2,22.3,13.5,0.06322,0.05522
2025-03-14T16:45:00,0.1883,0.4211,132.5,25.0,13.7,0.06224,0.05424
2025-03-14T17:00:00,0.166,0.5513,123.5,30.0,12.9,0.07311,0.06511
2025-03-14T17:15:00,0.1032,0.601,75.6,37.9,14.2,0.07971,0.07171
2025-03-14T17:30:00,0.046,0.7046,31.9,27.8,13.4,0.09851,0.09051
2025-03-14T17:45:00,0.0,0.7051,0.0,24.7,12.5,0.10141,0.09341
2025-03-14T18:00:00,0.0,0.8359,0.0,30.0,12.1,0.1,0.092
2025-03-14T18:15:00,0.0011,0.913,0.7,26.0,11.9,0.11387,0.10587
2025-03-14T18:30:00,0.0234,1.1246,17.2,26.7,11.9,0.1077,0.0997
2025-03-14T18:45:00,0.0034,1.07,2.4,26.7,12.1,0.11526,0.10726
2025-03-14T19:00:00,0.0276,1.0914,20.2,32.6,10.6,0.12651,0.11851
2025-03-14T19:15:00,0.0409,1.1319,31.4,28.7,10.6,0.11603,0.10803
2025-03-14T19:30:00,0.0195,1.2776,14.0,37.9,9.6,0.12275,0.11475
2025-03-14T19:45:00,0.0142,1.2453,10.9,19.6,9.8,0.11594,0.10794
2025-03-14T20:00:00,0.0,1.0441,0.0,23.7,10.8,0.12256,0.11456
2025-03-14T20:15:00,0.0027,1.0716,1.9,28.6,9.7,0.12836,0.12036
2025-03-14T20:30:00,0.0041,1.0363,3.0,29.4,9.4,0.10971,0.10171
2025-03-14T20:45:00,0.0,0.8925,0.0,26.3,9.4,0.11048,0.10248
2025-03-14T21:00:00,0.0027,0.902,1.9,30.5,9.6,0.09822,0.09022
2025-03-14T21:15:00,0.0,0.8006,0.0,19.7,9.6,0.09105,0.08305
2025-03-14T21:30:00,0.0,0.8098,0.0,30.5,7.3,0.08503,0.07703
2025-03-14T21:45:00,0.0,0.5821,0.0,31.7,7.7,0.09603,0.08803
2025-03-14T22:00:00,0.0294,0.5899,22.3,40.6,6.6,0.09687,0.08887
2025-03-14T22:15:00,0.0,0.6596,0.0,29.9,6.8,0.08159,0.07359
2025-03-14T22:30:00,0.0,0.5035,0.0,26.0,5.5,0.07104,0.06304
2025-03-14T22:45:00,0.004,0.4441,2.9,39.5,4.9,0.07685,0.06885
2025-03-14T23:00:00,0.0315,0.4785,23.7,25.5,7.3,0.06848,0.06048
2025-03-14T23:15:00,0.0062,0.4797,4.5,24.3,6.5,0.07366,0.06566
2025-03-14T23:30:00,0.0,0.3656,0.0,25.9,4.7,0.06938,0.06138
2025-03-14T23:45:00,0.0,0.4215,0.0,28.0,4.1,0.06844,0.06044
2025-03-15T00:00:00,0.0213,0.5801,15.4,12.7,6.2,0.06864,0.06064
2025-03-15T00:15:00,0.0422,0.4562,30.0,12.7,4.8,0.06152,0.05352
2025-03-15T00:30:00,0.0,0.4409,0.0,13.6,5.8,0.06257,0.05457
2025-03-15T00:45:00,0.0,0.5224,0.0,13.3,4.3,0.05467,0.04667
2025-03-15T01:00:00,0.0164,0.5009,12.3,24.8,4.4,0.06235,0.05435
2025-03-15T01:15:00,0.0,0.5139,0.0,19.2,3.7,0.05647,0.04847
2025-03-15T01:30:00,0.0,0.4768,0.0,6.2,4.5,0.06413,0.05613
2025-03-15T01:45:00,0.0232,0.4502,16.5,17.2,5.0,0.05925,0.05125
2025-03-15T02:00:00,0.0,0.4612,0.0,30.0,3.6,0.06561,0.05761
2025-03-15T02:15:00,0.0,0.4783,0.0,17.1,3.8,0.06772,0.05972
2025-03-15T02:30:00,0.0,0.3604,0.0,16.5,4.4,0.05648,0.04848
2025-03-15T02:45:00,0.0,0.5124,0.0,21.3,2.0,0.06013,0.05213
2025-03-15T03:00:00,0.0,0.5943,0.0,14.5,4.2,0.05937,0.05137
2025-03-15T03:15:00,0.0082,0.4357,5.9,11.3,5.1,0.06953,0.06153
2025-03-15T03:30:00,0.0,0.4051,0.0,18.9,3.0,0.07535,0.06735
2025-03-15T03:45:00,0.0,0.5645,0.0,0.0,4.1,0.07032,0.06232
2025-03-15T04:00:00,0.0,0.5245,0.0,14.5,3.8,0.06329,0.05529
2025-03-15T04:15:00,0.0,0.5185,0.0,4.4,3.4,0.07447,0.06647
2025-03-15T04:30:00,0.0,0.4362,0.0,17.6,4.8,0.05709,0.04909
2025-03-15T04:45:00,0.0122,0.435,8.8,8.4,5.0,0.07593,0.06793
2025-03-15T05:00:00,0.0259,0.5854,18.4,18.2,3.9,0.06414,0.05614
2025-03-15T05:15:00,0.0,0.6287,0.0,7.9,4.5,0.05302,0.04502
2025-03-15T05:30:00,0.0,0.5789,0.0,17.6,4.9,0.08784,0.07984
2025-03-15T05:45:00,0.0,0.7051,0.0,16.1,6.1,0.08432,0.07632
2025-03-15T06:00:00,0.0052,0.7672,3.7,2.6,6.3,0.07228,0.06428
2025-03-15T06:15:00,0.0,0.795,0.0,8.9,6.6,0.08376,0.07576
2025-03-15T06:30:00,0.0182,0.8124,13.6,11.6,5.0,0.08622,0.07822
2025-03-15T06:45:00,0.082,0.8889,61.7,19.5,7.1,0.0931,0.0851
2025-03-15T07:00:00,0.1448,0.9011,104.7,21.6,6.6,0.08839,0.08039
2025-03-15T07:15:00,0.2114,0.874,151.9,8.5,6.5,0.09741,0.08941
2025-03-15T07:30:00,0.2166,0.882,162.4,17.0,6.9,0.10746,0.09946
2025-03-15T07:45:00,0.3155,1.0198,228.6,13.7,5.7,0.10769,0.09969
2025-03-15T08:00:00,0.3826,1.0011,264.3,2.8,8.0,0.11352,0.10552
2025-03-15T08:15:00,0.3697,0.8693,287.7,14.3,9.6,0.10492,0.09692
2025-03-15T08:30:00,0.4363,0.8383,316.0,17.3,7.8,0.11488,0.10688
2025-03-15T08:45:00,0.4722,0.8821,343.5,18.1,9.0,0.09127,0.08327
2025-03-15T09:00:00,0.5275,0.7192,385.7,12.7,10.3,0.09071,0.08271
2025-03-15T09:15:00,0.5227,0.7068,383.8,8.6,10.2,0.07046,0.06246
2025-03-15T09:30:00,0.5601,0.6825,405.2,17.8,9.2,0.06688,0.05888
2025-03-15T09:45:00,0.5141,0.486,378.1,29.8,8.4,0.07481,0.06681
2025-03-15T10:00:00,0.652,0.5721,484.7,10.5,9.9,0.05391,0.04591
2025-03-15T10:15:00,0.6947,0.404,497.9,11.0,10.4,0.05596,0.04796
2025-03-15T10:30:00,0.7155,0.5117,495.8,14.1,10.1,0.04619,0.03819
2025-03-15T10:45:00,0.671,0.4015,493.8,13.8,12.0,0.03468,0.02668
2025-03-15T11:00:00,0.7597,0.5178,544.6,7.8,10.3,0.03385,0.02585
2025-03-15T11:15:00,0.7426,0.3822,525.7,10.7,13.1,0.02841,0.02041
2025-03-15T11:30:00,0.726,0.4109,549.7,12.6,10.7,0.02469,0.01669
2025-03-15T11:45:00,0.7735,0.506,573.2,6.0,11.5,0.0288,0.0208
2025-03-15T12:00:00,0.6757,0.4203,506.8,20.1,12.4,0.02541,0.01741
2025-03-15T12:15:00,0.7211,0.4249,532.0,15.1,13.3,0.01582,0.00782
2025-03-15T12:30:00,0.7904,0.5076,562.1,9.3,14.1,0.01224,0.00424
2025-03-15T12:45:00,0.7063,0.4889,528.8,14.6,12.9,0.01839,0.01039
2025-03-15T13:00:00,0.7545,0.4184,532.5,13.7,13.1,0.01576,0.00776
2025-03-15T13:15:00,0.8084,0.48,558.1,3.3,13.8,0.02285,0.01485
2025-03-15T13:30:00,0.6515,0.4872,488.7,16.1,14.8,0.03355,0.02555
2025-03-15T13:45:00,0.6841,0.4338,498.5,6.2,14.6,0.02422,0.01622
2025-03-15T14:00:00,0.6904,0.4718,494.7,7.2,14.1,0.02105,0.01305
2025-03-15T14:15:00,0.6585,0.4663,499.4,1.7,15.5,0.02282,0.01482
2025-03-15T14:30:00,0.5128,0.4666,399.2,14.5,14.5,0.02173,0.01373
2025-03-15T14:45:00,0.5719,0.4982,419.0,7.1,14.6,0.02481,0.01681
2025-03-15T15:00:00,0.483,0.5441,363.8,8.7,14.1,0.02793,0.01993
2025-03-15T15:15:00,0.4573,0.4584,335.0,13.0,13.4,0.03554,0.02754
2025-03-15T15:30:00,0.4059,0.5745,304.7,17.6,13.4,0.03955,0.03155
2025-03-15T15:45:00,0.3999,0.5244,297.7,9.8,14.1,0.05102,0.04302
2025-03-15T16:00:00,0.3163,0.4755,236.4,12.3,13.6,0.04888,0.04088
2025-03-15T16:15:00,0.3133,0.5203,229.1,9.6,14.8,0.05509,0.04709
2025-03-15T16:30:00,0.2626,0.627,187.6,18.8,13.5,0.0543,0.0463
2025-03-15T16:45:00,0.2172,0.6724,158.8,11.4,13.2,0.07718,0.06918
2025-03-15T17:00:00,0.1449,0.7875,104.8,11.3,13.4,0.07642,0.06842
2025-03-15T17:15:00,0.139,0.7249,105.6,12.8,13.6,0.09052,0.08252
2025-03-15T17:30:00,0.0759,0.7971,53.1,11.0,12.7,0.09124,0.08324
2025-03-15T17:45:00,0.0205,0.8177,14.6,19.2,14.8,0.1022,0.0942
2025-03-15T18:00:00,0.0,0.9294,0.0,6.9,12.7,0.09849,0.09049
2025-03-15T18:15:00,0.0134,1.0412,9.9,15.0,11.5,0.1107,0.1027
2025-03-15T18:30:00,0.0052,1.2049,3.9,9.0,13.0,0.12845,0.12045
2025-03-15T18:45:00,0.0,1.1984,0.0,6.7,12.9,0.10982,0.10182
2025-03-15T19:00:00,0.0202,1.3426,15.3,18.1,10.6,0.12802,0.12002
2025-03-15T19:15:00,0.0038,1.3023,2.8,12.1,11.6,0.1336,0.1256
2025-03-15T19:30:00,0.0,1.3232,0.0,12.6,11.7,0.12691,0.11891
2025-03-15T19:45:00,0.0,1.4165,0.0,10.7,10.4,0.12842,0.12042
2025-03-15T20:00:00,0.0018,1.3491,1.4,10.3,10.3,0.12951,0.12151
2025-03-15T20:15:00,0.028,1.2337,20.1,10.7,10.3,0.11452,0.10652
2025-03-15T20:30:00,0.0232,1.2563,17.8,11.3,9.3,0.11671,0.10871
2025-03-15T20:45:00,0.0,1.0322,0.0,13.2,8.9,0.10379,0.09579
2025-03-15T21:00:00,0.0009,1.0192,0.7,11.0,8.0,0.09945,0.09145
2025-03-15T21:15:00,0.004,0.8406,3.1,11.0,9.0,0.09416,0.08616
2025-03-15T21:30:00,0.0461,0.8871,33.2,15.0,8.8,0.09156,0.08356
2025-03-15T21:45:00,0.0,0.7868,0.0,12.4,8.1,0.0882,0.0802
2025-03-15T22:00:00,0.0,0.6635,0.0,15.7,8.8,0.08547,0.07747
2025-03-15T22:15:00,0.0122,0.606,8.5,6.9,8.0,0.06999,0.06199
2025-03-15T22:30:00,0.0113,0.6591,8.5,6.7,7.8,0.0875,0.0795
2025-03-15T22:45:00,0.0417,0.5544,32.6,9.6,7.5,0.07972,0.07172
2025-03-15T23:00:00,0.0,0.4788,0.0,11.4,6.0,0.07494,0.06694
2025-03-15T23:15:00,0.0005,0.4157,0.3,14.7,5.1,0.06665,0.05865
2025-03-15T23:30:00,0.0,0.5696,0.0,7.3,5.9,0.06709,0.05909
2025-03-15T23:45:00,0.0,0.5727,0.0,11.2,6.3,0.07013,0.06213
2025-03-16T00:00:00,0.0007,0.5392,0.5,18.4,3.7,0.06753,0.05953
2025-03-16T00:15:00,0.0099,0.5118,7.4,12.1,5.4,0.05467,0.04667
2025-03-16T00:30:00,0.0012,0.4831,0.9,14.5,4.0,0.06956,0.06156
2025-03-16T00:45:00,0.0114,0.457,8.3,0.0,5.1,0.08293,0.07493
2025-03-16T01:00:00,0.0,0.4206,0.0,15.3,4.6,0.05364,0.04564
2025-03-16T01:15:00,0.0,0.5119,0.0,20.8,4.3,0.07112,0.06312
2025-03-16T01:30:00,0.0006,0.4624,0.4,6.7,5.1,0.06727,0.05927
2025-03-16T01:45:00,0.0022,0.5112,1.6,16.7,3.2,0.06431,0.05631
2025-03-16T02:00:00,0.0164,0.4726,12.1,14.4,5.0,0.07344,0.06544
2025-03-16T02:15:00,0.0102,0.4816,7.4,25.2,3.0,0.05772,0.04972
2025-03-16T02:30:00,0.0009,0.5246,0.6,10.0,5.1,0.06601,0.05801
2025-03-16T02:45:00,0.0172,0.4803,12.4,6.5,4.9,0.07402,0.06602
2025-03-16T03:00:00,0.0113,0.6376,8.1,8.0,3.8,0.06381,0.05581
2025-03-16T03:15:00,0.0,0.5542,0.0,12.9,4.3,0.06248,0.05448
2025-03-16T03:30:00,0.009,0.4629,6.9,6.2,2.8,0.06581,0.05781
2025-03-16T03:45:00,0.0,0.4805,0.0,10.7,5.5,0.06247,0.05447
2025-03-16T04:00:00,0.0,0.5628,0.0,16.0,3.5,0.07492,0.06692
2025-03-16T04:15:00,0.0,0.6187,0.0,13.2,6.1,0.06009,0.05209
2025-03-16T04:30:00,0.0005,0.4172,0.4,0.0,3.2,0.07155,0.06355
2025-03-16T04:45:00,0.0,0.5039,0.0,18.9,5.6,0.0592,0.0512
2025-03-16T05:00:00,0.0199,0.4299,14.8,9.9,5.1,0.07218,0.06418
2025-03-16T05:15:00,0.0,0.5928,0.0,19.7,2.5,0.06903,0.06103
2025-03-16T05:30:00,0.0,0.5919,0.0,8.8,6.1,0.05597,0.04797
2025-03-16T05:45:00,0.0,0.6722,0.0,16.0,5.6,0.07476,0.06676
2025-03-16T06:00:00,0.0,0.7763,0.0,14.1,7.0,0.07181,0.06381
2025-03-16T06:15:00,0.0073,0.7201,5.3,14.3,4.7,0.07989,0.07189
2025-03-16T06:30:00,0.0634,0.8196,47.5,9.4,6.1,0.09683,0.08883
2025-03-16T06:45:00,0.1209,0.9362,84.5,10.3,5.6,0.08536,0.07736
2025-03-16T07:00:00,0.1352,0.9407,98.2,13.0,6.0,0.09044,0.08244
2025-03-16T07:15:00,0.2443,0.9704,174.5,8.8,7.5,0.10997,0.10197
2025-03-16T07:30:00,0.2421,0.9365,175.1,13.4,6.9,0.10481,0.09681
2025-03-16T07:45:00,0.3173,0.8882,235.9,17.5,6.2,0.11512,0.10712
2025-03-16T08:00:00,0.3592,0.9579,267.0,10.5,8.2,0.10735,0.09935
2025-03-16T08:15:00,0.4065,1.015,301.8,13.0,7.1,0.09776,0.08976
2025-03-16T08:30:00,0.3946,0.9506,283.0,21.9,8.2,0.09879,0.09079
2025-03-16T08:45:00,0.4976,0.9303,360.4,16.0,9.4,0.10117,0.09317
2025-03-16T09:00:00,0.4954,0.7708,382.7,18.0,8.8,0.09251,0.08451
2025-03-16T09:15:00,0.5727,0.6375,413.7,17.3,8.7,0.07897,0.07097
2025-03-16T09:30:00,0.5763,0.4925,444.4,5.0,11.2,0.07108,0.06308
2025-03-16T09:45:00,0.562,0.5721,420.5,20.1,10.0,0.06184,0.05384
2025-03-16T10:00:00,0.6733,0.4865,476.6,15.7,8.9,0.05095,0.04295
2025-03-16T10:15:00,0.6801,0.4661,499.4,9.8,11.1,0.05883,0.05083
2025-03-16T10:30:00,0.6742,0.3949,499.4,13.5,11.3,0.03989,0.03189
2025-03-16T10:45:00,0.7756,0.3903,619.5,0.0,12.5,0.02638,0.01838
2025-03-16T11:00:00,0.6913,0.5062,498.4,18.1,11.8,0.02452,0.01652
2025-03-16T11:15:00,0.6907,0.4213,512.0,24.8,11.5,0.02665,0.01865
2025-03-16T11:30:00,0.7856,0.4369,579.4,6.0,12.2,0.02142,0.01342
2025-03-16T11:45:00,0.6638,0.476,507.9,18.0,12.1,0.01254,0.00454
2025-03-16T12:00:00,0.7075,0.517,536.0,14.6,13.4,0.00582,-0.00218
2025-03-16T12:15:00,0.7604,0.3792,560.6,6.6,12.9,0.00735,-0.00065
2025-03-16T12:30:00,0.6643,0.5606,518.9,17.9,12.5,-0.00513,-0.01313
2025-03-16T12:45:00,0.7236,0.4425,521.1,17.7,12.7,-0.00406,-0.01206
2025-03-16T13:00:00,0.7265,0.4205,523.5,13.8,13.9,0.00849,0.00049
2025-03-16T13:15:00,0.6635,0.4694,504.0,13.9,13.2,0.001,-0.007
2025-03-16T13:30:00,0.6886,0.3345,521.0,10.7,14.1,0.00745,-0.00055
2025-03-16T13:45:00,0.6909,0.4126,506.8,8.3,14.3,0.0146,0.0066
2025-03-16T14:00:00,0.6128,0.4444,451.0,19.4,15.2,0.01372,0.00572
2025-03-16T14:15:00,0.6122,0.421,462.2,13.2,13.8,0.01308,0.00508
2025-03-16T14:30:00,0.6123,0.4004,452.1,7.4,14.7,0.02985,0.02185
2025-03-16T14:45:00,0.5285,0.4765,401.8,14.9,13.8,0.02504,0.01704
2025-03-16T15:00:00,0.5055,0.4539,390.7,8.4,14.7,0.02329,0.01529
2025-03-16T15:15:00,0.402,0.4267,289.1,18.6,14.4,0.03483,0.02683
2025-03-16T15:30:00,0.4468,0.4314,324.6,19.3,14.1,0.03791,0.02991
2025-03-16T15:45:00,0.3611,0.4703,276.6,16.9,13.8,0.03542,0.02742
2025-03-16T16:00:00,0.3235,0.4628,237.9,16.1,13.2,0.04667,0.03867
2025-03-16T16:15:00,0.2804,0.6014,205.5,14.2,13.9,0.05096,0.04296
2025-03-16T16:30:00,0.2968,0.6022,208.7,4.6,14.1,0.04587,0.03787
2025-03-16T16:45:00,0.2082,0.5464,147.4,9.9,13.4,0.06325,0.05525
2025-03-16T17:00:00,0.1812,0.6411,127.7,0.2,14.1,0.06918,0.06118
2025-03-16T17:15:00,0.0961,0.6669,71.4,20.0,12.9,0.0751,0.0671
2025-03-16T17:30:00,0.0955,0.8484,68.1,21.1,12.4,0.07473,0.06673
2025-03-16T17:45:00,0.0332,0.9312,24.9,19.1,13.1,0.08982,0.08182
2025-03-16T18:00:00,0.0,0.981,0.0,7.4,13.4,0.09877,0.09077
2025-03-16T18:15:00,0.0,1.0833,0.0,26.5,13.1,0.10628,0.09828
2025-03-16T18:30:00,0.0,1.1965,0.0,24.0,11.3,0.10465,0.09665
2025-03-16T18:45:00,0.0195,1.2518,13.8,21.8,12.0,0.12064,0.11264
2025-03-16T19:00:00,0.0118,1.3826,8.8,13.0,11.2,0.11315,0.10515
2025-03-16T19:15:00,0.0,1.3406,0.0,27.5,9.4,0.1218,0.1138
2025-03-16T19:30:00,0.0294,1.4119,20.5,13.9,10.6,0.13227,0.12427
2025-03-16T19:45:00,0.0,1.4531,0.0,12.8,10.7,0.11945,0.11145
2025-03-16T20:00:00,0.0,1.2341,0.0,7.2,9.5,0.1186,0.1106
2025-03-16T20:15:00,0.0366,1.1993,26.5,9.9,10.2,0.12511,0.11711
2025-03-16T20:30:00,0.0424,1.0963,31.9,14.2,9.3,0.1118,0.1038
2025-03-16T20:45:00,0.0095,1.062,7.2,7.3,8.8,0.10726,0.09926
2025-03-16T21:00:00,0.0216,1.0009,16.4,15.0,8.2,0.10494,0.09694
2025-03-16T21:15:00,0.035,0.9381,24.2,10.1,8.1,0.10441,0.09641
2025-03-16T21:30:00,0.004,0.7285,3.1,9.2,8.4,0.07885,0.07085
2025-03-16T21:45:00,0.0299,0.7488,22.8,8.2,7.9,0.08219,0.07419
2025-03-16T22:00:00,0.0,0.6644,0.0,15.0,7.6,0.07648,0.06848
2025-03-16T22:15:00,0.017,0.694,13.1,5.2,7.5,0.072,0.064
2025-03-16T22:30:00,0.0,0.5248,0.0,20.4,6.6,0.07007,0.06207
2025-03-16T22:45:00,0.0017,0.5707,1.3,15.8,6.3,0.06745,0.05945
2025-03-16T23:00:00,0.0,0.6081,0.0,12.3,6.7,0.07234,0.06434
2025-03-16T23:15:00,0.003,0.5297,2.2,0.0,7.9,0.06337,0.05537
2025-03-16T23:30:00,0.0159,0.515,12.0,18.2,5.6,0.06839,0.06039
2025-03-16T23:45:00,0.0,0.408,0.0,15.9,5.7,0.06923,0.06123
2025-03-17T00:00:00,0.0,0.2857,0.0,24.8,6.0,0.06051,0.05251
2025-03-17T00:15:00,0.016,0.2511,11.9,28.0,4.2,0.0658,0.0578
2025-03-17T00:30:00,0.0093,0.4454,6.7,29.4,2.9,0.07507,0.06707
2025-03-17T00:45:00,0.0006,0.3578,0.5,15.2,4.5,0.06698,0.05898
2025-03-17T01:00:00,0.0,0.3721,0.0,25.3,5.6,0.06108,0.05308
2025-03-17T01:15:00,0.0,0.378,0.0,14.4,4.0,0.0646,0.0566
2025-03-17T01:30:00,0.0,0.445,0.0,17.5,4.4,0.05937,0.05137
2025-03-17T01:45:00,0.0069,0.3296,5.0,17.6,5.4,0.06666,0.05866
2025-03-17T02:00:00,0.0366,0.3814,28.7,31.7,4.6,0.0703,0.0623
2025-03-17T02:15:00,0.0355,0.2912,25.5,25.2,4.4,0.05997,0.05197
2025-03-17T02:30:00,0.0,0.4438,0.0,36.2,1.8,0.06372,0.05572
2025-03-17T02:45:00,0.0033,0.3283,2.4,18.6,4.5,0.07184,0.06384
2025-03-17T03:00:00,0.0203,0.2816,14.3,24.2,2.9,0.06198,0.05398
2025-03-17T03:15:00,0.0191,0.3209,14.1,21.3,4.0,0.06621,0.05821
2025-03-17T03:30:00,0.0279,0.2177,20.2,26.0,4.6,0.05883,0.05083
2025-03-17T03:45:00,0.0037,0.2961,2.8,20.8,2.7,0.06019,0.05219
2025-03-17T04:00:00,0.0079,0.3498,5.5,25.4,2.6,0.06225,0.05425
2025-03-17T04:15:00,0.0398,0.3351,28.8,34.4,4.1,0.07875,0.07075
2025-03-17T04:30:00,0.0305,0.3675,21.6,30.8,3.8,0.06372,0.05572
2025-03-17T04:45:00,0.0076,0.3706,5.5,31.5,2.9,0.06376,0.05576
2025-03-17T05:00:00,0.0,0.3493,0.0,20.2,5.5,0.06471,0.05671
2025-03-17T05:15:00,0.0193,0.5025,14.2,26.0,4.2,0.06873,0.06073
2025-03-17T05:30:00,0.0404,0.3935,29.8,18.1,7.2,0.0759,0.0679
2025-03-17T05:45:00,0.0,0.482,0.0,27.7,5.8,0.07603,0.06803
2025-03-17T06:00:00,0.0,0.5613,0.0,19.1,4.4,0.09088,0.08288
2025-03-17T06:15:00,0.0206,0.6981,15.5,28.3,5.1,0.08411,0.07611
2025-03-17T06:30:00,0.0343,0.7438,25.7,21.7,5.2,0.09631,0.08831
2025-03-17T06:45:00,0.0906,0.7573,69.3,32.6,6.7,0.09431,0.08631
2025-03-17T07:00:00,0.1598,0.8164,116.8,20.5,6.1,0.10115,0.09315
2025-03-17T07:15:00,0.2104,0.9485,158.4,24.0,5.0,0.09314,0.08514
2025-03-17T07:30:00,0.2545,0.9763,180.1,29.8,6.7,0.1043,0.0963
2025-03-17T07:45:00,0.2723,0.8731,204.0,25.9,7.7,0.10647,0.09847
2025-03-17T08:00:00,0.2887,0.7958,225.1,25.8,7.6,0.10556,0.09756
2025-03-17T08:15:00,0.3522,0.8096,258.6,31.0,7.6,0.09242,0.08442
2025-03-17T08:30:00,0.3994,0.829,284.2,26.7,7.7,0.10721,0.09921
2025-03-17T08:45:00,0.4928,0.6178,350.5,14.6,9.6,0.09468,0.08668
2025-03-17T09:00:00,0.4503,0.6083,339.8,23.2,9.6,0.0883,0.0803
2025-03-17T09:15:00,0.4926,0.4622,367.7,26.4,9.4,0.08259,0.07459
2025-03-17T09:30:00,0.5041,0.4689,375.3,29.5,8.6,0.07563,0.06763
2025-03-17T09:45:00,0.5131,0.4785,373.0,35.5,8.8,0.07239,0.06439
2025-03-17T10:00:00,0.5894,0.4177,441.2,26.5,8.9,0.05559,0.04759
2025-03-17T10:15:00,0.5119,0.3173,411.3,33.0,11.6,0.05142,0.04342
2025-03-17T10:30:00,0.6163,0.332,440.5,29.3,11.5,0.05315,0.04515
2025-03-17T10:45:00,0.5982,0.3203,433.4,32.8,10.9,0.0473,0.0393
2025-03-17T11:00:00,0.6631,0.3706,506.5,22.5,10.3,0.03979,0.03179
2025-03-17T11:15:00,0.6231,0.2628,461.9,24.5,12.1,0.0348,0.0268
2025-03-17T11:30:00,0.7171,0.3184,536.7,12.7,12.5,0.02994,0.02194
2025-03-17T11:45:00,0.6573,0.3948,499.7,23.5,11.4,0.0318,0.0238
2025-03-17T12:00:00,0.6616,0.3959,485.1,22.8,12.7,0.03692,0.02892
2025-03-17T12:15:00,0.6364,0.3468,486.4,30.1,12.3,0.02166,0.01366
2025-03-17T12:30:00,0.6315,0.3985,468.0,32.5,13.2,0.03583,0.02783
2025-03-17T12:45:00,0.6614,0.3557,478.2,27.7,12.3,0.03095,0.02295
2025-03-17T13:00:00,0.774,0.3619,556.4,10.4,13.6,0.02289,0.01489
2025-03-17T13:15:00,0.5622,0.4331,392.4,36.9,13.5,0.03056,0.02256
2025-03-17T13:30:00,0.6555,0.2756,481.3,20.1,12.9,0.01784,0.00984
2025-03-17T13:45:00,0.6007,0.3696,435.6,27.5,14.1,0.0175,0.0095
2025-03-17T14:00:00,0.596,0.2105,431.7,26.3,14.6,0.02186,0.01386
2025-03-17T14:15:00,0.5289,0.277,397.1,28.5,14.5,0.02926,0.02126
2025-03-17T14:30:00,0.5093,0.3285,398.6,24.9,13.5,0.03225,0.02425
2025-03-17T14:45:00,0.4459,0.3297,339.0,21.7,14.5,0.0339,0.0259
2025-03-17T15:00:00,0.4835,0.4106,377.3,18.9,15.4,0.04066,0.03266
2025-03-17T15:15:00,0.4838,0.3482,355.8,18.0,14.0,0.03058,0.02258
2025-03-17T15:30:00,0.3837,0.4496,270.4,28.1,13.7,0.04993,0.04193
2025-03-17T15:45:00,0.3951,0.3148,285.1,26.4,15.3,0.04228,0.03428
2025-03-17T16:00:00,0.3321,0.3779,228.9,27.3,15.2,0.05096,0.04296
2025-03-17T16:15:00,0.2859,0.3759,208.5,24.9,13.6,0.0569,0.0489
2025-03-17T16:30:00,0.2677,0.317,182.9,28.2,12.9,0.05728,0.04928
2025-03-17T16:45:00,0.2483,0.4618,173.0,24.9,14.5,0.06125,0.05325
2025-03-17T17:00:00,0.1584,0.556,114.1,28.1,12.8,0.06911,0.06111
2025-03-17T17:15:00,0.0975,0.5793,68.1,31.4,12.8,0.08115,0.07315
2025-03-17T17:30:00,0.0515,0.6503,38.4,22.9,12.9,0.09114,0.08314
2025-03-17T17:45:00,0.0054,0.7391,4.1,25.6,12.5,0.09754,0.08954
2025-03-17T18:00:00,0.0,0.8144,0.0,25.9,11.8,0.09472,0.08672
2025-03-17T18:15:00,0.0146,0.9277,10.2,24.8,13.0,0.10218,0.09418
2025-03-17T18:30:00,0.0,0.9559,0.0,26.6,11.8,0.1071,0.0991
2025-03-17T18:45:00,0.0185,1.1347,13.3,36.5,10.4,0.12016,0.11216
2025-03-17T19:00:00,0.0,1.0268,0.0,25.3,11.0,0.10896,0.10096
2025-03-17T19:15:00,0.0009,1.1047,0.6,16.0,10.4,0.131,0.123
2025-03-17T19:30:00,0.0304,1.2072,21.9,22.2,11.6,0.12159,0.11359
2025-03-17T19:45:00,0.0,1.2424,0.0,20.6,9.9,0.11921,0.11121
2025-03-17T20:00:00,0.0,1.1606,0.0,14.8,10.3,0.12393,0.11593
2025-03-17T20:15:00,0.0156,1.0364,11.0,19.6,10.0,0.12478,0.11678
2025-03-17T20:30:00,0.0361,1.0344,25.2,22.5,10.1,0.11629,0.10829
2025-03-17T20:45:00,0.034,0.8785,26.6,26.0,10.1,0.11546,0.10746
2025-03-17T21:00:00,0.0067,0.9018,4.9,21.5,8.6,0.10442,0.09642
2025-03-17T21:15:00,0.0357,0.8824,27.4,17.4,9.9,0.10533,0.09733
2025-03-17T21:30:00,0.0098,0.728,7.3,18.3,7.2,0.09992,0.09192
2025-03-17T21:45:00,0.0,0.5698,0.0,31.7,7.3,0.08671,0.07871
2025-03-17T22:00:00,0.0006,0.5967,0.4,32.8,7.0,0.09133,0.08333
2025-03-17T22:15:00,0.0,0.5818,0.0,30.8,7.6,0.07968,0.07168
2025-03-17T22:30:00,0.0168,0.3969,12.1,25.6,7.4,0.07586,0.06786
2025-03-17T22:45:00,0.0,0.4687,0.0,30.1,7.8,0.06709,0.05909
2025-03-17T23:00:00,0.034,0.3774,25.6,24.7,5.9,0.06875,0.06075
2025-03-17T23:15:00,0.0,0.403,0.0,24.0,7.0,0.07351,0.06551
2025-03-17T23:30:00,0.0084,0.4127,6.3,23.1,4.6,0.05976,0.05176
2025-03-17T23:45:00,0.0049,0.3043,3.5,22.8,5.5,0.07066,0.06266
2025-03-18T00:00:00,0.0102,0.2627,7.5,0.0,5.6,0.06709,0.05909
2025-03-18T00:15:00,0.0,0.4813,0.0,16.3,7.3,0.06667,0.05867
2025-03-18T00:30:00,0.0089,0.4428,6.9,8.9,5.2,0.05176,0.04376
2025-03-18T00:45:00,0.0094,0.4362,6.8,4.4,4.1,0.06438,0.05638
2025-03-18T01:00:00,0.0,0.3733,0.0,10.9,5.0,0.06889,0.06089
2025-03-18T01:15:00,0.0094,0.3609,6.9,0.0,6.0,0.06042,0.05242
2025-03-18T01:30:00,0.0066,0.3836,4.9,6.8,4.7,0.06554,0.05754
2025-03-18T01:45:00,0.0255,0.3294,17.8,6.0,4.6,0.05073,0.04273
2025-03-18T02:00:00,0.0153,0.3442,10.8,8.0,4.6,0.06903,0.06103
2025-03-18T02:15:00,0.005,0.3794,3.4,6.5,4.4,0.06103,0.05303
2025-03-18T02:30:00,0.0,0.3782,0.0,19.2,5.5,0.07023,0.06223
2025-03-18T02:45:00,0.0,0.3367,0.0,11.3,4.7,0.05396,0.04596
2025-03-18T03:00:00,0.0164,0.324,12.1,11.1,3.8,0.06918,0.06118
2025-03-18T03:15:00,0.0,0.4443,0.0,6.6,3.9,0.06363,0.05563
2025-03-18T03:30:00,0.0041,0.3289,3.0,3.7,6.1,0.06995,0.06195
2025-03-18T03:45:00,0.0208,0.3114,15.6,7.2,3.8,0.05966,0.05166
2025-03-18T04:00:00,0.0,0.357,0.0,0.0,6.5,0.06168,0.05368
2025-03-18T04:15:00,0.0,0.3319,0.0,0.0,5.1,0.07914,0.07114
2025-03-18T04:30:00,0.0,0.2667,0.0,12.0,4.6,0.0612,0.0532
2025-03-18T04:45:00,0.0286,0.3051,21.3,0.0,6.0,0.06271,0.05471
2025-03-18T05:00:00,0.0,0.2495,0.0,6.7,5.1,0.06643,0.05843
2025-03-18T05:15:00,0.0,0.3385,0.0,5.9,4.8,0.06359,0.05559
2025-03-18T05:30:00,0.0006,0.5459,0.4,0.0,5.3,0.07911,0.07111
2025-03-18T05:45:00,0.0,0.5153,0.0,10.2,6.2,0.08524,0.07724
2025-03-18T06:00:00,0.0247,0.4045,17.9,8.2,5.9,0.07431,0.06631
2025-03-18T06:15:00,0.0096,0.6138,7.2,0.0,7.5,0.07248,0.06448
2025-03-18T06:30:00,0.0749,0.8057,54.9,3.3,6.3,0.09466,0.08666
2025-03-18T06:45:00,0.1344,0.7023,97.0,4.7,5.7,0.0993,0.0913
2025-03-18T07:00:00,0.2092,0.8938,157.9,1.6,8.5,0.10246,0.09446
2025-03-18T07:15:00,0.2363,0.8012,171.6,4.4,8.6,0.10875,0.10075
2025-03-18T07:30:00,0.2583,0.8522,200.5,4.0,7.7,0.09987,0.09187
2025-03-18T07:45:00,0.3574,0.8455,267.6,9.1,7.6,0.1059,0.0979
2025-03-18T08:00:00,0.3703,0.8783,276.6,8.2,9.2,0.09874,0.09074
2025-03-18T08:15:00,0.4354,0.7404,322.9,6.6,7.9,0.09686,0.08886
2025-03-18T08:30:00,0.5103,0.7068,356.2,3.2,6.3,0.10785,0.09985
2025-03-18T08:45:00,0.4839,0.5915,371.8,10.1,9.0,0.09301,0.08501
2025-03-18T09:00:00,0.5796,0.632,423.7,2.9,10.0,0.10466,0.09666
2025-03-18T09:15:00,0.6209,0.5268,463.5,0.0,10.3,0.08464,0.07664
2025-03-18T09:30:00,0.5891,0.3792,447.5,5.2,10.3,0.07325,0.06525
2025-03-18T09:45:00,0.69,0.3606,517.9,0.0,11.9,0.07483,0.06683
2025-03-18T10:00:00,0.6366,0.3586,489.4,10.1,10.4,0.07415,0.06615
2025-03-18T10:15:00,0.7581,0.3441,552.7,1.7,10.9,0.06007,0.05207
2025-03-18T10:30:00,0.7253,0.3336,527.3,1.9,11.1,0.04426,0.03626
2025-03-18T10:45:00,0.756,0.3468,577.0,0.5,13.1,0.04884,0.04084
2025-03-18T11:00:00,0.7934,0.321,579.8,0.0,12.9,0.05051,0.04251
2025-03-18T11:15:00,0.8231,0.386,606.3,0.0,12.8,0.0355,0.0275
2025-03-18T11:30:00,0.7244,0.2645,580.6,5.1,13.5,0.03055,0.02255
2025-03-18T11:45:00,0.7308,0.3388,541.0,13.8,12.4,0.03851,0.03051
2025-03-18T12:00:00,0.7564,0.3993,569.0,10.5,12.3,0.03095,0.02295
2025-03-18T12:15:00,0.817,0.3601,620.1,2.5,12.8,0.02168,0.01368
2025-03-18T12:30:00,0.7736,0.3575,591.0,6.5,13.1,0.02471,0.01671
2025-03-18T12:45:00,0.7361,0.2984,580.4,8.3,14.5,0.02166,0.01366
2025-03-18T13:00:00,0.6962,0.252,530.4,10.5,14.5,0.02769,0.01969
2025-03-18T13:15:00,0.7128,0.2168,564.1,8.4,13.4,0.02682,0.01882
2025-03-18T13:30:00,0.7374,0.2755,533.4,10.3,13.2,0.03383,0.02583
2025-03-18T13:45:00,0.6467,0.2705,491.6,12.5,13.4,0.03244,0.02444
2025-03-18T14:00:00,0.6901,0.3939,496.7,7.4,14.7,0.0205,0.0125
2025-03-18T14:15:00,0.675,0.2452,503.0,3.6,15.3,0.03442,0.02642
2025-03-18T14:30:00,0.6596,0.3446,483.2,4.9,15.3,0.03982,0.03182
2025-03-18T14:45:00,0.6303,0.3284,473.5,0.2,15.4,0.03995,0.03195
2025-03-18T15:00:00,0.5761,0.4333,430.2,5.8,16.0,0.04645,0.03845
2025-03-18T15:15:00,0.4796,0.2699,352.3,9.5,14.9,0.04027,0.03227
2025-03-18T15:30:00,0.4747,0.4214,353.9,4.3,15.0,0.04142,0.03342
2025-03-18T15:45:00,0.4844,0.2689,351.4,3.2,14.9,0.05652,0.04852
2025-03-18T16:00:00,0.3916,0.4091,299.6,5.2,15.2,0.04865,0.04065
2025-03-18T16:15:00,0.3291,0.4882,248.5,12.0,14.1,0.04653,0.03853
2025-03-18T16:30:00,0.238,0.4064,183.3,5.9,13.2,0.07046,0.06246
2025-03-18T16:45:00,0.2343,0.5001,165.0,11.1,15.4,0.0652,0.0572
2025-03-18T17:00:00,0.156,0.6016,109.9,15.6,13.9,0.07337,0.06537
2025-03-18T17:15:00,0.1026,0.5619,75.5,21.9,13.5,0.07288,0.06488
2025-03-18T17:30:00,0.0786,0.6262,57.3,3.8,13.5,0.07969,0.07169
2025-03-18T17:45:00,0.0416,0.6854,31.0,5.0,12.9,0.08725,0.07925
2025-03-18T18:00:00,0.0,0.861,0.0,8.0,13.5,0.09854,0.09054
2025-03-18T18:15:00,0.0,0.8925,0.0,6.9,13.1,0.10917,0.10117
2025-03-18T18:30:00,0.0,1.1409,0.0,0.8,13.8,0.09885,0.09085
2025-03-18T18:45:00,0.0114,1.1136,8.4,0.0,13.2,0.12198,0.11398
2025-03-18T19:00:00,0.0216,1.2382,16.1,1.7,13.1,0.1141,0.1061
2025-03-18T19:15:00,0.0108,1.2118,7.9,0.0,12.5,0.11718,0.10918
2025-03-18T19:30:00,0.0119,1.3516,8.6,0.8,12.4,0.12857,0.12057
2025-03-18T19:45:00,0.0,1.2922,0.0,0.9,11.8,0.12347,0.11547
2025-03-18T20:00:00,0.0,1.1625,0.0,0.8,10.9,0.11267,0.10467
2025-03-18T20:15:00,0.0,1.12,0.0,0.0,12.1,0.12965,0.12165
2025-03-18T20:30:00,0.0094,0.9249,6.9,0.0,9.9,0.10907,0.10107
2025-03-18T20:45:00,0.0,0.9813,0.0,2.7,10.6,0.11062,0.10262
2025-03-18T21:00:00,0.0,0.818,0.0,5.0,8.7,0.10481,0.09681
2025-03-18T21:15:00,0.0232,0.8384,17.0,2.6,8.5,0.10642,0.09842
2025-03-18T21:30:00,0.007,0.7542,5.2,7.5,7.4,0.08971,0.08171
2025-03-18T21:45:00,0.0,0.573,0.0,11.5,10.2,0.09336,0.08536
2025-03-18T22:00:00,0.0,0.6185,0.0,15.2,7.9,0.07824,0.07024
2025-03-18T22:15:00,0.0,0.4297,0.0,0.0,8.9,0.08543,0.07743
2025-03-18T22:30:00,0.0,0.4033,0.0,3.6,7.7,0.07076,0.06276
2025-03-18T22:45:00,0.0186,0.3062,14.0,9.1,7.4,0.07045,0.06245
2025-03-18T23:00:00,0.0024,0.3519,1.8,4.0,8.9,0.08186,0.07386
2025-03-18T23:15:00,0.0,0.3316,0.0,0.0,7.5,0.07075,0.06275
2025-03-18T23:30:00,0.0239,0.3944,18.3,6.0,7.7,0.06829,0.06029
2025-03-18T23:45:00,0.0,0.4062,0.0,16.7,6.4,0.08021,0.07221
2025-03-19T00:00:00,0.0189,0.32,14.5,12.9,6.1,0.06717,0.05917
2025-03-19T00:15:00,0.0,0.4027,0.0,19.5,5.6,0.0601,0.0521
2025-03-19T00:30:00,0.0,0.4182,0.0,11.3,5.3,0.06941,0.06141
2025-03-19T00:45:00,0.0222,0.2076,16.7,8.2,5.8,0.05791,0.04991
2025-03-19T01:00:00,0.0,0.3251,0.0,20.7,3.4,0.07177,0.06377
2025-03-19T01:15:00,0.0,0.3262,0.0,10.5,5.8,0.07224,0.06424
2025-03-19T01:30:00,0.0248,0.4459,18.3,20.5,5.8,0.06156,0.05356
2025-03-19T01:45:00,0.0026,0.3912,2.0,18.6,4.0,0.06123,0.05323
2025-03-19T02:00:00,0.0,0.3649,0.0,18.3,3.8,0.06606,0.05806
2025-03-19T02:15:00,0.0048,0.3046,3.6,17.8,5.1,0.06509,0.05709
2025-03-19T02:30:00,0.0243,0.3739,17.6,10.1,5.0,0.05914,0.05114
2025-03-19T02:45:00,0.0,0.4265,0.0,13.3,3.7,0.06842,0.06042
2025-03-19T03:00:00,0.0274,0.3407,21.0,6.3,3.7,0.05278,0.04478
2025-03-19T03:15:00,0.0,0.2855,0.0,18.0,3.9,0.06246,0.05446
2025-03-19T03:30:00,0.0,0.4037,0.0,11.5,5.3,0.06269,0.05469
2025-03-19T03:45:00,0.0005,0.2592,0.4,17.6,3.4,0.06357,0.05557
2025-03-19T04:00:00,0.0376,0.3338,27.9,3.8,4.3,0.06723,0.05923
2025-03-19T04:15:00,0.0238,0.4172,16.9,5.1,3.9,0.05832,0.05032
2025-03-19T04:30:00,0.0182,0.312,14.1,18.7,4.9,0.06971,0.06171
2025-03-19T04:45:00,0.0,0.3765,0.0,20.0,3.8,0.06587,0.05787
2025-03-19T05:00:00,0.0004,0.3248,0.3,13.2,5.1,0.0642,0.0562
2025-03-19T05:15:00,0.0,0.5427,0.0,17.1,3.5,0.06154,0.05354
2025-03-19T05:30:00,0.0,0.4743,0.0,16.7,6.0,0.06489,0.05689
2025-03-19T05:45:00,0.002,0.5649,1.5,26.6,5.7,0.07709,0.06909
2025-03-19T06:00:00,0.0194,0.5569,13.7,9.0,6.4,0.0728,0.0648
2025-03-19T06:15:00,0.0506,0.7785,36.6,15.8,5.2,0.08329,0.07529
2025-03-19T06:30:00,0.09,0.8095,65.8,17.6,7.5,0.0941,0.0861
2025-03-19T06:45:00,0.1417,0.7911,105.2,3.7,8.8,0.09899,0.09099
2025-03-19T07:00:00,0.1741,0.8692,130.6,11.9,8.5,0.10708,0.09908
2025-03-19T07:15:00,0.1965,0.7775,150.9,29.1,6.1,0.1003,0.0923
2025-03-19T07:30:00,0.2711,0.9036,205.6,10.8,7.0,0.09892,0.09092
2025-03-19T07:45:00,0.3211,0.95,251.8,9.5,8.1,0.1135,0.1055
2025-03-19T08:00:00,0.3598,0.812,266.7,17.1,7.1,0.10951,0.10151
2025-03-19T08:15:00,0.4075,0.7706,297.1,18.6,7.9,0.1129,0.1049
2025-03-19T08:30:00,0.4968,0.6982,344.4,12.7,8.9,0.10303,0.09503
2025-03-19T08:45:00,0.5187,0.6763,377.8,13.5,10.0,0.10547,0.09747
2025-03-19T09:00:00,0.5649,0.5974,397.4,12.4,8.7,0.09761,0.08961
2025-03-19T09:15:00,0.5627,0.4161,427.8,13.3,10.5,0.09038,0.08238
2025-03-19T09:30:00,0.5804,0.511,436.1,15.3,9.5,0.08239,0.07439
2025-03-19T09:45:00,0.607,0.3968,441.9,15.6,10.5,0.07514,0.06714
2025-03-19T10:00:00,0.6232,0.3857,469.0,14.4,11.0,0.06792,0.05992
2025-03-19T10:15:00,0.7165,0.3409,514.6,13.0,10.7,0.0622,0.0542
2025-03-19T10:30:00,0.7341,0.3123,526.7,17.1,11.4,0.06174,0.05374
2025-03-19T10:45:00,0.6748,0.3501,499.2,18.9,11.2,0.04833,0.04033
2025-03-19T11:00:00,0.7878,0.2581,588.2,3.2,11.5,0.05801,0.05001
2025-03-19T11:15:00,0.6943,0.2446,515.3,14.9,11.5,0.04371,0.03571
2025-03-19T11:30:00,0.7391,0.3145,558.3,14.8,11.2,0.0475,0.0395
2025-03-19T11:45:00,0.8655,0.3878,607.6,11.8,13.5,0.03874,0.03074
2025-03-19T12:00:00,0.6998,0.2995,514.8,15.2,12.2,0.03591,0.02791
2025-03-19T12:15:00,0.7781,0.3023,547.6,17.3,13.5,0.04811,0.04011
2025-03-19T12:30:00,0.6995,0.3047,530.0,19.9,13.9,0.033,0.025
2025-03-19T12:45:00,0.9108,0.3207,634.0,3.7,13.8,0.02655,0.01855
2025-03-19T13:00:00,0.7768,0.2885,579.4,10.5,14.4,0.02971,0.02171
2025-03-19T13:15:00,0.6699,0.4062,494.8,20.0,13.9,0.03229,0.02429
2025-03-19T13:30:00,0.6657,0.3361,481.2,18.4,13.7,0.04773,0.03973
2025-03-19T13:45:00,0.705,0.322,502.3,12.8,13.7,0.03704,0.02904
2025-03-19T14:00:00,0.7367,0.3381,519.2,6.8,14.8,0.04277,0.03477
2025-03-19T14:15:00,0.5942,0.3645,435.6,21.0,13.6,0.03284,0.02484
2025-03-19T14:30:00,0.6248,0.3881,473.9,5.7,14.5,0.04296,0.03496
2025-03-19T14:45:00,0.5825,0.3115,409.6,26.1,15.2,0.04713,0.03913
2025-03-19T15:00:00,0.5258,0.3343,388.6,8.9,14.5,0.05642,0.04842
2025-03-19T15:15:00,0.5262,0.3489,401.1,9.0,14.8,0.04418,0.03618
2025-03-19T15:30:00,0.4465,0.3036,341.7,11.8,15.5,0.05498,0.04698
2025-03-19T15:45:00,0.4375,0.3211,326.0,8.7,13.6,0.05645,0.04845
2025-03-19T16:00:00,0.337,0.3658,265.8,13.0,14.6,0.0521,0.0441
2025-03-19T16:15:00,0.3439,0.4248,255.4,15.1,14.7,0.06208,0.05408
2025-03-19T16:30:00,0.2568,0.437,192.1,10.7,13.6,0.06501,0.05701
2025-03-19T16:45:00,0.2418,0.3414,170.4,11.7,13.5,0.05748,0.04948
2025-03-19T17:00:00,0.1959,0.4723,140.8,20.6,13.3,0.08035,0.07235
2025-03-19T17:15:00,0.1305,0.6186,96.6,11.3,13.7,0.08576,0.07776
2025-03-19T17:30:00,0.0466,0.6632,36.9,14.1,13.1,0.086,0.078
2025-03-19T17:45:00,0.0339,0.7707,25.9,3.2,14.2,0.08694,0.07894
2025-03-19T18:00:00,0.0034,0.836,2.5,8.0,12.8,0.1102,0.1022
2025-03-19T18:15:00,0.04,1.0166,28.9,10.1,13.6,0.10901,0.10101
2025-03-19T18:30:00,0.0,1.0676,0.0,17.0,12.7,0.11909,0.11109
2025-03-19T18:45:00,0.0091,1.1637,6.8,13.1,11.6,0.1262,0.1182
2025-03-19T19:00:00,0.0,1.1058,0.0,13.8,10.9,0.11826,0.11026
2025-03-19T19:15:00,0.0171,1.2802,12.1,24.1,10.7,0.1286,0.1206
2025-03-19T19:30:00,0.0,1.1854,0.0,5.6,11.1,0.12316,0.11516
2025-03-19T19:45:00,0.0,1.3286,0.0,10.6,10.6,0.12362,0.11562
2025-03-19T20:00:00,0.0083,1.1582,6.1,14.6,9.2,0.12143,0.11343
2025-03-19T20:15:00,0.0,1.1147,0.0,14.2,9.6,0.11861,0.11061
2025-03-19T20:30:00,0.0,0.9364,0.0,12.3,10.7,0.12095,0.11295
2025-03-19T20:45:00,0.0,0.9813,0.0,18.3,9.1,0.1099,0.1019
2025-03-19T21:00:00,0.0367,0.8225,27.5,24.7,9.3,0.1027,0.0947
2025-03-19T21:15:00,0.0198,0.7441,14.9,13.3,10.3,0.0963,0.0883
2025-03-19T21:30:00,0.0379,0.7505,26.7,11.1,8.8,0.0945,0.0865
2025-03-19T21:45:00,0.0,0.7592,0.0,20.6,8.3,0.08194,0.07394
2025-03-19T22:00:00,0.0006,0.5224,0.4,11.5,9.1,0.07968,0.07168
2025-03-19T22:15:00,0.0,0.4257,0.0,8.9,8.5,0.07838,0.07038
2025-03-19T22:30:00,0.0415,0.3303,30.1,11.4,6.5,0.07195,0.06395
2025-03-19T22:45:00,0.0,0.3837,0.0,29.2,7.4,0.07191,0.06391
2025-03-19T23:00:00,0.0106,0.4223,7.9,23.7,5.5,0.06682,0.05882
2025-03-19T23:15:00,0.0014,0.2946,1.1,12.2,7.2,0.08087,0.07287
2025-03-19T23:30:00,0.023,0.3022,16.7,20.0,7.3,0.07561,0.06761
2025-03-19T23:45:00,0.0204,0.443,14.7,8.5,5.0,0.06946,0.06146
2025-03-20T00:00:00,0.0,0.4116,0.0,11.3,4.7,0.06468,0.05668
2025-03-20T00:15:00,0.0,0.4099,0.0,15.8,6.5,0.07814,0.07014
2025-03-20T00:30:00,0.0,0.2779,0.0,1.0,6.1,0.06694,0.05894
2025-03-20T00:45:00,0.0015,0.2961,1.1,6.4,5.2,0.06448,0.05648
2025-03-20T01:00:00,0.0,0.2737,0.0,8.4,6.5,0.06682,0.05882
2025-03-20T01:15:00,0.0,0.3206,0.0,8.5,5.9,0.06684,0.05884
2025-03-20T01:30:00,0.0044,0.3257,3.2,13.3,5.2,0.07346,0.06546
2025-03-20T01:45:00,0.0,0.3757,0.0,8.0,3.3,0.06489,0.05689
2025-03-20T02:00:00,0.0,0.3833,0.0,1.1,5.5,0.0776,0.0696
2025-03-20T02:15:00,0.0,0.3795,0.0,17.7,4.3,0.05971,0.05171
2025-03-20T02:30:00,0.0,0.3931,0.0,17.1,5.0,0.06917,0.06117
2025-03-20T02:45:00,0.0,0.4027,0.0,13.0,4.9,0.059,0.051
2025-03-20T03:00:00,0.0,0.329,0.0,11.6,3.8,0.07593,0.06793
2025-03-20T03:15:00,0.0284,0.3222,20.5,2.8,6.7,0.06307,0.05507
2025-03-20T03:30:00,0.0336,0.3091,23.4,14.6,3.5,0.06476,0.05676
2025-03-20T03:45:00,0.0391,0.4722,29.4,18.8,5.8,0.07076,0.06276
2025-03-20T04:00:00,0.0218,0.3446,16.2,4.8,5.0,0.07292,0.06492
2025-03-20T04:15:00,0.0,0.3073,0.0,16.8,4.7,0.05902,0.05102
2025-03-20T04:30:00,0.0096,0.3189,7.1,7.0,5.2,0.06411,0.05611
2025-03-20T04:45:00,0.0169,0.3609,12.3,17.0,5.3,0.05858,0.05058
2025-03-20T05:00:00,0.0,0.4054,0.0,10.2,5.4,0.06892,0.06092
2025-03-20T05:15:00,0.0026,0.4305,2.0,14.9,5.6,0.06913,0.06113
2025-03-20T05:30:00,0.0,0.4844,0.0,10.2,5.2,0.0699,0.0619
2025-03-20T05:45:00,0.0105,0.6284,8.6,0.0,6.8,0.07082,0.06282
2025-03-20T06:00:00,0.0393,0.5541,28.6,4.6,5.5,0.07627,0.06827
2025-03-20T06:15:00,0.0393,0.6662,31.2,16.4,6.4,0.07843,0.07043
2025-03-20T06:30:00,0.1128,0.8106,77.5,17.2,6.4,0.09091,0.08291
2025-03-20T06:45:00,0.1308,0.7101,92.9,4.1,7.3,0.10189,0.09389
2025-03-20T07:00:00,0.2073,0.7815,145.6,19.8,6.8,0.08614,0.07814
2025-03-20T07:15:00,0.2679,0.9382,187.9,12.4,8.8,0.10139,0.09339
2025-03-20T07:30:00,0.3119,0.8197,235.7,5.9,8.2,0.10292,0.09492
2025-03-20T07:45:00,0.3353,0.8959,246.3,5.9,9.3,0.11033,0.10233
2025-03-20T08:00:00,0.3683,0.7855,278.7,12.4,8.4,0.10194,0.09394
2025-03-20T08:15:00,0.4219,0.8284,305.5,16.3,9.8,0.10528,0.09728
2025-03-20T08:30:00,0.463,0.8306,343.5,8.9,9.0,0.09672,0.08872
2025-03-20T08:45:00,0.5421,0.6068,393.0,4.8,10.6,0.10248,0.09448
2025-03-20T09:00:00,0.5148,0.5269,384.6,20.6,9.5,0.09312,0.08512
2025-03-20T09:15:00,0.6004,0.5208,439.9,5.0,10.6,0.08511,0.07711
2025-03-20T09:30:00,0.5929,0.4038,447.8,11.4,10.0,0.08159,0.07359
2025-03-20T09:45:00,0.6161,0.3496,461.0,19.7,10.4,0.07128,0.06328
2025-03-20T10:00:00,0.686,0.3402,516.8,11.8,11.2,0.0572,0.0492
2025-03-20T10:15:00,0.6633,0.3536,491.9,11.8,9.9,0.06442,0.05642
2025-03-20T10:30:00,0.7569,0.4441,549.3,0.0,12.0,0.05753,0.04953
2025-03-20T10:45:00,0.7432,0.3865,529.3,12.4,12.2,0.05047,0.04247
2025-03-20T11:00:00,0.7266,0.4013,549.2,13.1,10.9,0.05351,0.04551
2025-03-20T11:15:00,0.7677,0.3863,551.7,19.1,11.7,0.05166,0.04366
2025-03-20T11:30:00,0.6933,0.3108,523.6,22.0,11.7,0.03504,0.02704
2025-03-20T11:45:00,0.8015,0.2555,565.2,8.0,12.8,0.03459,0.02659
2025-03-20T12:00:00,0.8759,0.3607,645.1,0.8,13.9,0.04668,0.03868
2025-03-20T12:15:00,0.8333,0.2705,629.4,2.1,12.4,0.04443,0.03643
2025-03-20T12:30:00,0.7851,0.3998,580.3,11.4,13.7,0.03043,0.02243
2025-03-20T12:45:00,0.8363,0.299,601.0,3.7,14.0,0.02713,0.01913
2025-03-20T13:00:00,0.7929,0.2696,583.1,10.8,15.4,0.03017,0.02217
2025-03-20T13:15:00,0.6886,0.3497,499.2,19.9,13.2,0.0312,0.0232
2025-03-20T13:30:00,0.738,0.3427,543.5,10.5,12.7,0.0253,0.0173
2025-03-20T13:45:00,0.8178,0.3523,564.0,6.7,13.6,0.03599,0.02799
2025-03-20T14:00:00,0.7158,0.2861,510.8,6.0,15.1,0.02948,0.02148
2025-03-20T14:15:00,0.6573,0.3423,479.5,10.0,13.4,0.03159,0.02359
2025-03-20T14:30:00,0.6147,0.2377,446.6,14.1,14.0,0.04634,0.03834
2025-03-20T14:45:00,0.6491,0.3531,446.9,10.5,13.5,0.039,0.031
2025-03-20T15:00:00,0.5839,0.2368,424.8,1.1,14.4,0.04518,0.03718
2025-03-20T15:15:00,0.553,0.3456,404.0,0.0,16.0,0.05213,0.04413
2025-03-20T15:30:00,0.4908,0.3703,371.8,8.4,12.5,0.05624,0.04824
2025-03-20T15:45:00,0.4786,0.4166,341.9,9.7,15.9,0.05261,0.04461
2025-03-20T16:00:00,0.3752,0.4034,281.0,7.4,15.0,0.05849,0.05049
2025-03-20T16:15:00,0.354,0.3487,261.7,3.1,13.4,0.05724,0.04924
2025-03-20T16:30:00,0.3137,0.4182,216.1,10.9,15.6,0.07707,0.06907
2025-03-20T16:45:00,0.222,0.5354,167.5,12.5,14.0,0.07533,0.06733
2025-03-20T17:00:00,0.2145,0.5922,153.0,2.6,14.2,0.07014,0.06214
2025-03-20T17:15:00,0.1576,0.5836,117.5,12.9,12.2,0.08254,0.07454
2025-03-20T17:30:00,0.1005,0.7214,77.4,12.4,12.6,0.09292,0.08492
2025-03-20T17:45:00,0.0204,0.8586,15.3,21.8,15.0,0.09785,0.08985
2025-03-20T18:00:00,0.0194,0.8241,14.5,15.1,13.3,0.11229,0.10429
2025-03-20T18:15:00,0.0,0.9917,0.0,16.5,12.1,0.11565,0.10765
2025-03-20T18:30:00,0.011,1.0748,8.2,0.0,12.6,0.10975,0.10175
2025-03-20T18:45:00,0.012,1.115,9.0,14.9,11.2,0.1172,0.1092
2025-03-20T19:00:00,0.0053,1.1957,3.9,14.6,12.2,0.1137,0.1057
2025-03-20T19:15:00,0.0,1.3026,0.0,13.2,11.8,0.12522,0.11722
2025-03-20T19:30:00,0.0,1.258,0.0,16.7,10.4,0.12551,0.11751
2025-03-20T19:45:00,0.0206,1.228,15.6,5.8,11.3,0.14021,0.13221
2025-03-20T20:00:00,0.0,1.1774,0.0,21.9,10.0,0.12253,0.11453
2025-03-20T20:15:00,0.0055,1.0999,4.1,7.7,11.9,0.10606,0.09806
2025-03-20T20:30:00,0.0,0.9775,0.0,9.3,11.1,0.11023,0.10223
2025-03-20T20:45:00,0.0,0.9048,0.0,19.7,10.1,0.10983,0.10183
2025-03-20T21:00:00,0.0,0.7908,0.0,12.2,9.3,0.09609,0.08809
2025-03-20T21:15:00,0.0006,0.7745,0.4,12.1,9.1,0.09276,0.08476
2025-03-20T21:30:00,0.0058,0.647,4.3,3.4,8.8,0.09026,0.08226
2025-03-20T21:45:00,0.0,0.5273,0.0,10.9,8.9,0.08936,0.08136
2025-03-20T22:00:00,0.0048,0.6267,3.5,14.9,8.8,0.0817,0.0737
2025-03-20T22:15:00,0.009,0.4895,7.0,2.0,8.7,0.07336,0.06536
2025-03-20T22:30:00,0.0,0.523,0.0,6.6,5.7,0.08007,0.07207
2025-03-20T22:45:00,0.0,0.5114,0.0,10.8,5.7,0.06938,0.06138
2025-03-20T23:00:00,0.0,0.4895,0.0,13.4,7.3,0.06749,0.05949
2025-03-20T23:15:00,0.0095,0.3763,7.2,8.9,7.1,0.06057,0.05257
2025-03-20T23:30:00,0.0099,0.222,7.4,8.6,7.4,0.06292,0.05492
2025-03-20T23:45:00,0.0004,0.3863,0.3,0.0,6.4,0.07067,0.06267
2025-03-21T00:00:00,0.0261,0.3351,19.5,0.0,7.5,0.05529,0.04729
2025-03-21T00:15:00,0.0,0.2491,0.0,0.0,7.1,0.06457,0.05657
2025-03-21T00:30:00,0.0,0.1968,0.0,2.5,4.6,0.06931,0.06131
2025-03-21T00:45:00,0.024,0.4091,17.0,5.4,5.5,0.06274,0.05474
2025-03-21T01:00:00,0.0325,0.4067,26.1,5.5,6.4,0.06644,0.05844
2025-03-21T01:15:00,0.0117,0.421,9.4,14.8,6.1,0.0583,0.0503
2025-03-21T01:30:00,0.0,0.4359,0.0,0.0,4.3,0.07286,0.06486
2025-03-21T01:45:00,0.0036,0.4207,2.6,19.6,4.6,0.07161,0.06361
2025-03-21T02:00:00,0.0,0.384,0.0,1.7,3.1,0.06641,0.05841
2025-03-21T02:15:00,0.0,0.3717,0.0,19.7,4.6,0.05447,0.04647
2025-03-21T02:30:00,0.0,0.4064,0.0,0.0,5.6,0.05873,0.05073
2025-03-21T02:45:00,0.0126,0.3825,9.2,5.7,4.4,0.07087,0.06287
2025-03-21T03:00:00,0.0183,0.3563,13.3,8.2,5.4,0.07531,0.06731
2025-03-21T03:15:00,0.0,0.3899,0.0,8.5,4.1,0.06683,0.05883
2025-03-21T03:30:00,0.0,0.323,0.0,9.5,4.1,0.07259,0.06459
2025-03-21T03:45:00,0.0,0.3057,0.0,10.8,4.5,0.06156,0.05356
2025-03-21T04:00:00,0.0194,0.4761,14.1,10.9,4.7,0.06425,0.05625
2025-03-21T04:15:00,0.011,0.4966,8.0,6.6,5.2,0.0657,0.0577
2025-03-21T04:30:00,0.0087,0.446,6.4,1.6,5.7,0.06872,0.06072
2025-03-21T04:45:00,0.0226,0.3395,16.6,6.8,5.7,0.05778,0.04978
2025-03-21T05:00:00,0.0031,0.3818,2.3,3.5,7.3,0.07374,0.06574
2025-03-21T05:15:00,0.0,0.5022,0.0,1.9,5.4,0.07768,0.06968
2025-03-21T05:30:00,0.0,0.5123,0.0,8.3,6.3,0.0651,0.0571
2025-03-21T05:45:00,0.0,0.5292,0.0,10.8,5.4,0.0668,0.0588
2025-03-21T06:00:00,0.0007,0.7047,0.5,0.0,5.8,0.08069,0.07269
2025-03-21T06:15:00,0.0422,0.6698,29.5,2.5,6.3,0.07898,0.07098
2025-03-21T06:30:00,0.1373,0.739,95.7,11.2,5.0,0.07351,0.06551
2025-03-21T06:45:00,0.1672,0.7984,122.4,1.3,6.6,0.09765,0.08965
2025-03-21T07:00:00,0.2134,0.804,160.4,3.0,8.7,0.09866,0.09066
2025-03-21T07:15:00,0.2507,0.9375,176.7,13.3,7.6,0.09922,0.09122
2025-03-21T07:30:00,0.2989,0.7915,230.6,4.0,7.2,0.11811,0.11011
2025-03-21T07:45:00,0.3888,0.8773,273.3,0.0,9.4,0.10821,0.10021
2025-03-21T08:00:00,0.3703,0.8872,262.3,10.8,8.4,0.10313,0.09513
2025-03-21T08:15:00,0.4682,0.8884,349.5,2.4,8.3,0.10676,0.09876
2025-03-21T08:30:00,0.4724,0.7635,348.9,11.7,9.6,0.09672,0.08872
2025-03-21T08:45:00,0.4651,0.5861,353.2,11.5,9.3,0.09373,0.08573
2025-03-21T09:00:00,0.5438,0.6343,397.8,15.3,10.5,0.09485,0.08685
2025-03-21T09:15:00,0.577,0.5702,439.0,8.7,10.4,0.08275,0.07475
2025-03-21T09:30:00,0.6202,0.4731,476.4,12.5,11.6,0.07666,0.06866
2025-03-21T09:45:00,0.7398,0.3948,541.4,0.0,10.1,0.08277,0.07477
2025-03-21T10:00:00,0.7007,0.3174,525.5,5.4,11.8,0.07168,0.06368
2025-03-21T10:15:00,0.7515,0.351,555.0,8.1,11.0,0.06566,0.05766
2025-03-21T10:30:00,0.7332,0.3663,544.5,11.3,11.7,0.05897,0.05097
2025-03-21T10:45:00,0.812,0.5077,611.8,0.0,12.7,0.0543,0.0463
2025-03-21T11:00:00,0.7712,0.3677,564.3,11.0,12.1,0.05634,0.04834
2025-03-21T11:15:00,0.7813,0.339,591.8,8.6,13.2,0.04423,0.03623
2025-03-21T11:30:00,0.7428,0.2214,539.3,17.6,14.2,0.05272,0.04472
2025-03-21T11:45:00,0.8684,0.255,650.3,0.0,12.9,0.03357,0.02557
2025-03-21T12:00:00,0.7554,0.2867,536.8,18.2,13.9,0.03586,0.02786
2025-03-21T12:15:00,0.8266,0.3121,617.5,0.3,14.6,0.02765,0.01965
2025-03-21T12:30:00,0.7856,0.3095,567.2,11.4,15.7,0.0328,0.0248
2025-03-21T12:45:00,0.8757,0.3882,628.1,4.3,13.4,0.03733,0.02933
2025-03-21T13:00:00,0.8321,0.4155,614.6,0.5,13.7,0.0427,0.0347
2025-03-21T13:15:00,0.6934,0.3971,530.5,9.0,14.5,0.03021,0.02221
2025-03-21T13:30:00,0.779,0.2797,561.4,2.9,14.9,0.03483,0.02683
2025-03-21T13:45:00,0.709,0.2916,543.3,4.9,15.4,0.03364,0.02564
2025-03-21T14:00:00,0.7197,0.2677,523.8,8.0,15.8,0.03273,0.02473
2025-03-21T14:15:00,0.672,0.2329,518.5,5.8,14.6,0.03172,0.02372
2025-03-21T14:30:00,0.6367,0.2451,475.0,9.9,14.4,0.04121,0.03321
2025-03-21T14:45:00,0.6202,0.3507,458.7,0.0,14.5,0.03271,0.02471
2025-03-21T15:00:00,0.553,0.2809,414.9,9.6,14.6,0.04627,0.03827
2025-03-21T15:15:00,0.5475,0.3703,400.8,9.1,16.0,0.04848,0.04048
2025-03-21T15:30:00,0.5332,0.326,386.3,2.7,15.7,0.04741,0.03941
2025-03-21T15:45:00,0.4797,0.3301,352.1,0.6,14.4,0.04857,0.04057
2025-03-21T16:00:00,0.4242,0.3857,310.6,4.9,13.5,0.04992,0.04192
2025-03-21T16:15:00,0.3738,0.4106,264.7,1.0,15.0,0.07343,0.06543
2025-03-21T16:30:00,0.3369,0.6164,242.8,1.8,14.1,0.05853,0.05053
2025-03-21T16:45:00,0.282,0.4457,205.4,3.2,14.9,0.08078,0.07278
2025-03-21T17:00:00,0.2026,0.5617,151.7,7.1,15.1,0.08036,0.07236
2025-03-21T17:15:00,0.133,0.5338,101.4,14.4,13.2,0.08033,0.07233
2025-03-21T17:30:00,0.1389,0.6698,104.3,0.0,13.5,0.08169,0.07369
2025-03-21T17:45:00,0.0566,0.8632,40.6,0.0,14.8,0.10123,0.09323
2025-03-21T18:00:00,0.0,0.9079,0.0,0.0,12.6,0.11169,0.10369
2025-03-21T18:15:00,0.0336,1.0729,24.2,2.1,13.6,0.10181,0.09381
2025-03-21T18:30:00,0.0013,0.9423,1.0,4.7,13.3,0.1112,0.1032
2025-03-21T18:45:00,0.0,1.0706,0.0,5.6,11.9,0.12405,0.11605
2025-03-21T19:00:00,0.0,1.185,0.0,18.2,13.0,0.1234,0.1154
2025-03-21T19:15:00,0.0243,1.1487,19.4,2.0,12.9,0.13572,0.12772
2025-03-21T19:30:00,0.0402,1.1891,29.9,5.0,11.2,0.12118,0.11318
2025-03-21T19:45:00,0.0,1.1358,0.0,4.8,11.0,0.12725,0.11925
2025-03-21T20:00:00,0.0,1.2228,0.0,4.1,11.1,0.11444,0.10644
2025-03-21T20:15:00,0.0,1.1049,0.0,15.7,9.6,0.1312,0.1232
2025-03-21T20:30:00,0.0,1.044,0.0,0.6,11.7,0.10988,0.10188
2025-03-21T20:45:00,0.01,0.89,7.1,10.5,10.3,0.09591,0.08791
2025-03-21T21:00:00,0.0,0.8589,0.0,20.5,8.5,0.10287,0.09487
2025-03-21T21:15:00,0.0041,0.893,3.0,6.1,9.5,0.09713,0.08913
2025-03-21T21:30:00,0.0,0.7503,0.0,1.2,9.3,0.10395,0.09595
2025-03-21T21:45:00,0.0,0.6311,0.0,2.0,8.3,0.08528,0.07728
2025-03-21T22:00:00,0.009,0.5061,6.7,14.2,9.9,0.08262,0.07462
2025-03-21T22:15:00,0.0012,0.4889,0.9,3.2,8.3,0.08225,0.07425
2025-03-21T22:30:00,0.0,0.4655,0.0,6.4,7.9,0.08486,0.07686
2025-03-21T22:45:00,0.0,0.5405,0.0,0.0,8.6,0.07224,0.06424
2025-03-21T23:00:00,0.0,0.4102,0.0,0.0,8.2,0.07672,0.06872
2025-03-21T23:15:00,0.0,0.3669,0.0,13.8,7.3,0.07196,0.06396
2025-03-21T23:30:00,0.026,0.3594,19.3,16.7,6.2,0.06586,0.05786
2025-03-21T23:45:00,0.0211,0.2933,15.2,2.6,7.0,0.06723,0.05923
2025-03-22T00:00:00,0.0,0.4794,0.0,26.7,6.0,0.06517,0.05717
2025-03-22T00:15:00,0.0,0.4046,0.0,28.7,5.3,0.0595,0.0515
2025-03-22T00:30:00,0.0363,0.419,25.8,21.0,6.5,0.07228,0.06428
2025-03-22T00:45:00,0.0,0.4427,0.0,38.9,4.7,0.05669,0.04869
2025-03-22T01:00:00,0.0167,0.6044,12.2,33.3,3.2,0.07203,0.06403
2025-03-22T01:15:00,0.0,0.5745,0.0,32.0,4.5,0.07073,0.06273
2025-03-22T01:30:00,0.0352,0.4553,25.4,25.9,5.1,0.06444,0.05644
2025-03-22T01:45:00,0.0289,0.5204,20.7,29.7,4.4,0.06041,0.05241
2025-03-22T02:00:00,0.0,0.4823,0.0,25.6,4.2,0.06364,0.05564
2025-03-22T02:15:00,0.0164,0.5093,12.5,30.2,4.2,0.06784,0.05984
2025-03-22T02:30:00,0.0207,0.4663,15.1,29.5,4.5,0.06946,0.06146
2025-03-22T02:45:00,0.0028,0.5214,2.0,35.5,2.9,0.06673,0.05873
2025-03-22T03:00:00,0.0,0.5718,0.0,23.2,5.3,0.07098,0.06298
2025-03-22T03:15:00,0.0,0.4726,0.0,32.4,3.3,0.06171,0.05371
2025-03-22T03:30:00,0.0,0.5514,0.0,32.0,4.4,0.06652,0.05852
2025-03-22T03:45:00,0.0,0.4724,0.0,24.9,5.7,0.0558,0.0478
2025-03-22T04:00:00,0.0,0.5279,0.0,24.2,5.6,0.06997,0.06197
2025-03-22T04:15:00,0.0142,0.4197,10.4,19.0,4.9,0.06661,0.05861
2025-03-22T04:30:00,0.0056,0.5347,4.0,29.0,3.6,0.06369,0.05569
2025-03-22T04:45:00,0.0379,0.4603,28.1,16.7,5.0,0.07392,0.06592
2025-03-22T05:00:00,0.0216,0.4893,16.5,35.2,4.9,0.07225,0.06425
2025-03-22T05:15:00,0.015,0.5676,10.6,32.6,6.1,0.05284,0.04484
2025-03-22T05:30:00,0.0259,0.7453,18.7,32.8,4.8,0.07223,0.06423
2025-03-22T05:45:00,0.0018,0.6787,1.3,27.4,5.8,0.0662,0.0582
2025-03-22T06:00:00,0.0394,0.7907,28.9,33.1,6.2,0.08498,0.07698
2025-03-22T06:15:00,0.0813,0.8231,62.0,30.3,6.1,0.09784,0.08984
2025-03-22T06:30:00,0.1008,0.8397,71.1,32.0,5.8,0.08462,0.07662
2025-03-22T06:45:00,0.1418,0.8457,105.4,23.4,6.4,0.09324,0.08524
2025-03-22T07:00:00,0.1884,0.9085,137.3,24.8,6.7,0.09622,0.08822
2025-03-22T07:15:00,0.1913,0.8934,139.4,26.4,7.0,0.10419,0.09619
2025-03-22T07:30:00,0.2577,1.0371,184.8,40.3,7.7,0.10929,0.10129
2025-03-22T07:45:00,0.3261,0.9983,236.5,29.8,7.0,0.1151,0.1071
2025-03-22T08:00:00,0.3731,0.9766,263.6,27.2,6.9,0.10173,0.09373
2025-03-22T08:15:00,0.3801,0.9381,280.6,30.2,9.5,0.11559,0.10759
2025-03-22T08:30:00,0.4517,0.9694,322.0,25.8,8.2,0.09737,0.08937
2025-03-22T08:45:00,0.4258,0.76,299.1,26.7,8.2,0.09996,0.09196
2025-03-22T09:00:00,0.4544,0.7275,337.0,36.7,9.0,0.09948,0.09148
2025-03-22T09:15:00,0.4336,0.6835,329.9,44.5,7.9,0.09036,0.08236
2025-03-22T09:30:00,0.5411,0.6346,399.4,28.7,11.1,0.07374,0.06574
2025-03-22T09:45:00,0.6243,0.5331,442.3,24.6,11.1,0.06855,0.06055
2025-03-22T10:00:00,0.6218,0.601,453.2,25.1,9.1,0.06375,0.05575
2025-03-22T10:15:00,0.577,0.4573,412.0,30.5,10.4,0.06054,0.05254
2025-03-22T10:30:00,0.5727,0.4809,421.3,40.1,10.7,0.06268,0.05468
2025-03-22T10:45:00,0.6412,0.3561,500.1,30.8,11.8,0.04365,0.03565
2025-03-22T11:00:00,0.5906,0.4706,446.4,36.1,11.1,0.0504,0.0424
2025-03-22T11:15:00,0.6714,0.4444,515.7,23.7,11.6,0.04801,0.04001
2025-03-22T11:30:00,0.6096,0.4286,475.9,35.8,11.9,0.04494,0.03694
2025-03-22T11:45:00,0.6335,0.4062,470.2,26.7,12.1,0.04208,0.03408
2025-03-22T12:00:00,0.7012,0.4861,499.7,31.7,10.2,0.0465,0.0385
2025-03-22T12:15:00,0.7857,0.496,568.4,15.7,12.7,0.03885,0.03085
2025-03-22T12:30:00,0.6789,0.5987,493.5,28.6,13.6,0.04,0.032
2025-03-22T12:45:00,0.7345,0.4062,532.7,18.9,14.5,0.0376,0.0296
2025-03-22T13:00:00,0.6237,0.4817,463.6,31.1,13.8,0.04475,0.03675
2025-03-22T13:15:00,0.6431,0.4791,451.3,31.6,14.1,0.02279,0.01479
2025-03-22T13:30:00,0.6134,0.5247,440.9,33.9,14.4,0.04249,0.03449
2025-03-22T13:45:00,0.6764,0.4119,488.6,23.0,14.0,0.03423,0.02623
2025-03-22T14:00:00,0.5669,0.4028,446.2,24.4,15.1,0.03548,0.02748
2025-03-22T14:15:00,0.5918,0.4462,422.6,26.6,13.7,0.03304,0.02504
2025-03-22T14:30:00,0.6015,0.4049,427.8,25.2,16.1,0.02963,0.02163
2025-03-22T14:45:00,0.4796,0.4507,353.6,37.9,14.4,0.04081,0.03281
2025-03-22T15:00:00,0.4544,0.4122,352.2,27.9,13.3,0.04149,0.03349
2025-03-22T15:15:00,0.4144,0.4675,296.6,38.5,13.2,0.05132,0.04332
2025-03-22T15:30:00,0.4256,0.5364,317.5,26.1,13.8,0.04252,0.03452
2025-03-22T15:45:00,0.376,0.4851,279.2,30.0,15.1,0.06322,0.05522
2025-03-22T16:00:00,0.3649,0.5305,271.5,22.6,13.7,0.05986,0.05186
2025-03-22T16:15:00,0.3371,0.576,250.0,27.4,14.5,0.06071,0.05271
2025-03-22T16:30:00,0.2663,0.6153,202.4,27.6,13.9,0.06233,0.05433
2025-03-22T16:45:00,0.1963,0.635,142.9,36.5,13.8,0.06671,0.05871
2025-03-22T17:00:00,0.1845,0.5728,130.8,28.7,13.4,0.06997,0.06197
2025-03-22T17:15:00,0.1389,0.6663,102.4,26.3,14.2,0.07925,0.07125
2025-03-22T17:30:00,0.0809,0.9021,61.7,26.3,13.6,0.08867,0.08067
2025-03-22T17:45:00,0.0632,0.8531,47.0,25.5,13.7,0.09391,0.08591
2025-03-22T18:00:00,0.0,0.9844,0.0,16.3,12.4,0.09283,0.08483
2025-03-22T18:15:00,0.0189,1.1503,14.0,34.8,11.3,0.10582,0.09782
2025-03-22T18:30:00,0.0,1.1153,0.0,25.9,12.1,0.10763,0.09963
2025-03-22T18:45:00,0.0198,1.1157,14.6,34.2,12.2,0.1187,0.1107
2025-03-22T19:00:00,0.019,1.2482,14.0,36.4,11.4,0.13258,0.12458
2025-03-22T19:15:00,0.0,1.3843,0.0,27.4,12.1,0.12747,0.11947
2025-03-22T19:30:00,0.0199,1.4112,15.2,35.2,10.6,0.12273,0.11473
2025-03-22T19:45:00,0.0056,1.3737,4.1,27.6,11.9,0.11424,0.10624
2025-03-22T20:00:00,0.0049,1.4444,3.5,32.1,9.7,0.11346,0.10546
2025-03-22T20:15:00,0.0112,1.3253,8.1,32.6,9.3,0.1085,0.1005
2025-03-22T20:30:00,0.0,1.0582,0.0,40.4,10.1,0.11862,0.11062
2025-03-22T20:45:00,0.0038,0.9813,2.6,28.8,8.9,0.10457,0.09657
2025-03-22T21:00:00,0.0145,0.9909,10.6,26.6,9.2,0.104,0.096
2025-03-22T21:15:00,0.0193,0.7982,13.3,27.9,9.5,0.09423,0.08623
2025-03-22T21:30:00,0.0048,0.8803,3.6,30.9,9.8,0.093,0.085
2025-03-22T21:45:00,0.0079,0.6259,6.0,29.0,8.6,0.09572,0.08772
2025-03-22T22:00:00,0.0,0.6831,0.0,21.7,8.3,0.07858,0.07058
2025-03-22T22:15:00,0.0042,0.5658,3.2,35.1,6.9,0.07665,0.06865
2025-03-22T22:30:00,0.0161,0.6176,12.2,26.1,7.2,0.0705,0.0625
2025-03-22T22:45:00,0.0139,0.6685,10.3,20.5,7.5,0.07787,0.06987
2025-03-22T23:00:00,0.0213,0.5227,15.6,32.2,7.6,0.06433,0.05633
2025-03-22T23:15:00,0.0,0.3546,0.0,33.3,4.6,0.06205,0.05405
2025-03-22T23:30:00,0.0,0.4436,0.0,31.7,7.1,0.05931,0.05131
2025-03-22T23:45:00,0.0096,0.4281,7.2,37.5,6.7,0.05831,0.05031
2025-03-23T00:00:00,0.0,0.4763,0.0,94.2,2.5,0.06783,0.05983
2025-03-23T00:15:00,0.0044,0.5606,3.3,92.8,3.8,0.08041,0.07241
2025-03-23T00:30:00,0.0161,0.4396,12.0,90.3,4.7,0.05903,0.05103
2025-03-23T00:45:00,0.0,0.4291,0.0,86.7,2.9,0.07071,0.06271
2025-03-23T01:00:00,0.0372,0.3844,29.6,100.0,3.1,0.06651,0.05851
2025-03-23T01:15:00,0.0,0.376,0.0,94.4,2.2,0.05839,0.05039
2025-03-23T01:30:00,0.0053,0.3972,3.8,94.4,1.4,0.06334,0.05534
2025-03-23T01:45:00,0.0,0.463,0.0,100.0,2.3,0.0636,0.0556
2025-03-23T02:00:00,0.0,0.512,0.0,95.9,1.9,0.06086,0.05286
2025-03-23T02:15:00,0.0,0.4846,0.0,94.8,2.4,0.07659,0.06859
2025-03-23T02:30:00,0.0502,0.4386,37.8,91.8,2.7,0.05357,0.04557
2025-03-23T02:45:00,0.0,0.4931,0.0,89.2,2.9,0.0673,0.0593
2025-03-23T03:00:00,0.0018,0.4354,1.4,96.1,0.9,0.06702,0.05902
2025-03-23T03:15:00,0.0,0.5318,0.0,86.1,4.1,0.06158,0.05358
2025-03-23T03:30:00,0.0,0.3941,0.0,100.0,3.0,0.06601,0.05801
2025-03-23T03:45:00,0.0142,0.3752,10.5,83.7,2.8,0.07048,0.06248
2025-03-23T04:00:00,0.0,0.4909,0.0,89.5,1.2,0.0663,0.0583
2025-03-23T04:15:00,0.0262,0.4469,19.6,94.9,2.7,0.06819,0.06019
2025-03-23T04:30:00,0.0235,0.5854,16.7,97.1,0.6,0.07034,0.06234
2025-03-23T04:45:00,0.0,0.4803,0.0,100.0,1.0,0.05476,0.04676
2025-03-23T05:00:00,0.0,0.5568,0.0,92.3,2.5,0.07697,0.06897
2025-03-23T05:15:00,0.0,0.5858,0.0,96.5,3.5,0.08341,0.07541
2025-03-23T05:30:00,0.0,0.6818,0.0,100.0,3.7,0.07787,0.06987
2025-03-23T05:45:00,0.0203,0.7384,15.2,100.0,4.0,0.08101,0.07301
2025-03-23T06:00:00,0.0175,0.6448,12.8,86.3,2.7,0.07013,0.06213
2025-03-23T06:15:00,0.0,0.6731,0.0,100.0,2.2,0.08219,0.07419
2025-03-23T06:30:00,0.0433,0.8125,31.6,100.0,3.5,0.08286,0.07486
2025-03-23T06:45:00,0.0605,0.9544,46.4,95.4,5.3,0.08927,0.08127
2025-03-23T07:00:00,0.0658,1.025,47.1,90.3,3.9,0.10352,0.09552
2025-03-23T07:15:00,0.0905,0.9721,62.5,94.2,3.5,0.09726,0.08926
2025-03-23T07:30:00,0.0698,1.1342,50.8,96.4,4.5,0.10465,0.09665
2025-03-23T07:45:00,0.1082,0.9937,83.8,93.1,6.3,0.09592,0.08792
2025-03-23T08:00:00,0.1339,1.051,97.9,100.0,6.4,0.1067,0.0987
2025-03-23T08:15:00,0.1887,0.9128,131.1,92.9,5.7,0.1067,0.0987
2025-03-23T08:30:00,0.1555,0.7709,115.3,96.0,4.9,0.09873,0.09073
2025-03-23T08:45:00,0.1845,0.7497,134.1,90.9,6.8,0.09398,0.08598
2025-03-23T09:00:00,0.1665,0.7715,123.5,93.8,5.8,0.10385,0.09585
2025-03-23T09:15:00,0.171,0.7191,124.1,94.6,6.1,0.07882,0.07082
2025-03-23T09:30:00,0.1969,0.6089,154.8,94.0,6.7,0.07306,0.06506
2025-03-23T09:45:00,0.2714,0.6814,204.4,83.9,8.7,0.0679,0.0599
2025-03-23T10:00:00,0.2257,0.5459,168.0,92.1,6.2,0.07372,0.06572
2025-03-23T10:15:00,0.1779,0.5401,129.1,100.0,8.7,0.07346,0.06546
2025-03-23T10:30:00,0.2563,0.5195,187.9,91.0,8.6,0.0578,0.0498
2025-03-23T10:45:00,0.3567,0.4595,269.4,83.8,8.1,0.04709,0.03909
2025-03-23T11:00:00,0.2243,0.3976,166.7,95.2,9.0,0.04503,0.03703
2025-03-23T11:15:00,0.1715,0.4713,131.0,100.0,9.1,0.05074,0.04274
2025-03-23T11:30:00,0.2305,0.4533,174.4,97.5,9.9,0.03612,0.02812
2025-03-23T11:45:00,0.2474,0.4356,185.2,90.1,9.1,0.048,0.04
2025-03-23T12:00:00,0.2899,0.4767,211.5,92.1,10.4,0.04589,0.03789
2025-03-23T12:15:00,0.233,0.4402,163.2,100.0,10.4,0.03634,0.02834
2025-03-23T12:30:00,0.2086,0.5206,155.0,95.8,11.1,0.03874,0.03074
2025-03-23T12:45:00,0.2818,0.504,210.9,87.9,13.0,0.03871,0.03071
2025-03-23T13:00:00,0.2975,0.4266,218.6,87.2,11.5,0.04332,0.03532
2025-03-23T13:15:00,0.2211,0.5478,175.0,95.4,10.7,0.02788,0.01988
2025-03-23T13:30:00,0.1659,0.4575,119.7,100.0,10.3,0.04189,0.03389
2025-03-23T13:45:00,0.2149,0.3655,153.7,100.0,10.6,0.03355,0.02555
2025-03-23T14:00:00,0.2408,0.3722,182.3,89.2,13.8,0.03256,0.02456
2025-03-23T14:15:00,0.1729,0.4297,129.5,97.5,11.7,0.03947,0.03147
2025-03-23T14:30:00,0.2671,0.4928,186.8,90.8,12.0,0.03956,0.03156
2025-03-23T14:45:00,0.1695,0.4217,124.6,100.0,13.1,0.03718,0.02918
2025-03-23T15:00:00,0.1731,0.5376,129.4,97.1,10.8,0.03603,0.02803
2025-03-23T15:15:00,0.1846,0.6052,138.7,92.1,11.4,0.0427,0.0347
2025-03-23T15:30:00,0.1412,0.4281,99.0,100.0,10.8,0.06007,0.05207
2025-03-23T15:45:00,0.1119,0.5041,82.7,100.0,11.7,0.06641,0.05841
2025-03-23T16:00:00,0.1135,0.4601,85.6,94.0,12.7,0.06213,0.05413
2025-03-23T16:15:00,0.1364,0.6222,99.3,95.1,11.1,0.06931,0.06131
2025-03-23T16:30:00,0.101,0.471,70.6,86.0,11.2,0.06349,0.05549
2025-03-23T16:45:00,0.0845,0.6758,64.2,93.5,11.6,0.07097,0.06297
2025-03-23T17:00:00,0.0809,0.6596,63.0,87.1,10.3,0.07845,0.07045
2025-03-23T17:15:00,0.1146,0.7544,80.5,90.5,12.0,0.07603,0.06803
2025-03-23T17:30:00,0.0738,0.8413,54.3,92.4,11.9,0.0827,0.0747
2025-03-23T17:45:00,0.0477,0.8787,33.9,99.9,10.0,0.09555,0.08755
2025-03-23T18:00:00,0.0,0.9524,0.0,93.8,10.7,0.09939,0.09139
2025-03-23T18:15:00,0.0,1.2065,0.0,87.1,10.7,0.10104,0.09304
2025-03-23T18:30:00,0.0067,1.2127,5.2,91.6,11.3,0.11531,0.10731
2025-03-23T18:45:00,0.0297,1.2814,21.1,88.7,9.2,0.11616,0.10816
2025-03-23T19:00:00,0.0045,1.4021,3.4,89.0,10.2,0.12752,0.11952
2025-03-23T19:15:00,0.0,1.3105,0.0,90.3,8.7,0.12369,0.11569
2025-03-23T19:30:00,0.0037,1.4215,2.8,90.3,8.2,0.1228,0.1148
2025-03-23T19:45:00,0.0074,1.3437,5.3,93.1,8.0,0.12476,0.11676
2025-03-23T20:00:00,0.0,1.223,0.0,100.0,7.1,0.12091,0.11291
2025-03-23T20:15:00,0.0297,1.2195,22.6,100.0,7.5,0.11461,0.10661
2025-03-23T20:30:00,0.0072,1.2002,5.1,99.6,6.7,0.11185,0.10385
2025-03-23T20:45:00,0.0063,1.0491,4.6,98.6,7.9,0.11365,0.10565
2025-03-23T21:00:00,0.0164,0.9549,12.1,83.5,7.3,0.1075,0.0995
2025-03-23T21:15:00,0.0,0.9685,0.0,90.5,6.2,0.10568,0.09768
2025-03-23T21:30:00,0.0,0.847,0.0,86.6,7.0,0.08229,0.07429
2025-03-23T21:45:00,0.0,0.7395,0.0,85.5,4.2,0.08495,0.07695
2025-03-23T22:00:00,0.0083,0.6014,5.9,91.1,5.5,0.08021,0.07221
2025-03-23T22:15:00,0.0,0.6771,0.0,94.8,5.5,0.07972,0.07172
2025-03-23T22:30:00,0.0184,0.6649,13.6,89.2,5.2,0.07263,0.06463
2025-03-23T22:45:00,0.0295,0.5706,22.3,92.3,4.3,0.06954,0.06154
2025-03-23T23:00:00,0.0021,0.5757,1.6,100.0,4.0,0.07518,0.06718
2025-03-23T23:15:00,0.0086,0.5081,6.6,100.0,3.7,0.06992,0.06192
2025-03-23T23:30:00,0.0044,0.5761,3.2,93.9,3.7,0.06064,0.05264
2025-03-23T23:45:00,0.0,0.5661,0.0,92.6,1.4,0.07477,0.06677
2025-03-24T00:00:00,0.0,0.3738,0.0,75.8,5.0,0.07098,0.06298
2025-03-24T00:15:00,0.0234,0.4146,17.1,79.1,5.0,0.06156,0.05356
2025-03-24T00:30:00,0.0,0.3534,0.0,75.8,4.2,0.06999,0.06199
2025-03-24T00:45:00,0.0,0.4488,0.0,72.9,4.7,0.06059,0.05259
2025-03-24T01:00:00,0.0225,0.4325,16.5,79.8,2.0,0.07175,0.06375
2025-03-24T01:15:00,0.0218,0.357,16.8,76.7,2.0,0.06369,0.05569
2025-03-24T01:30:00,0.0087,0.443,6.1,77.6,1.0,0.06018,0.05218
2025-03-24T01:45:00,0.0,0.3818,0.0,86.0,2.3,0.06276,0.05476
2025-03-24T02:00:00,0.0,0.3528,0.0,86.5,2.7,0.06041,0.05241
2025-03-24T02:15:00,0.001,0.3791,0.7,73.8,2.1,0.06616,0.05816
2025-03-24T02:30:00,0.0,0.334,0.0,84.6,2.5,0.06606,0.05806
2025-03-24T02:45:00,0.0,0.4011,0.0,79.7,2.2,0.06523,0.05723
2025-03-24T03:00:00,0.0221,0.3581,15.4,74.9,3.0,0.06169,0.05369
2025-03-24T03:15:00,0.0,0.3685,0.0,76.0,2.7,0.04309,0.03509
2025-03-24T03:30:00,0.0,0.4845,0.0,79.7,3.6,0.06567,0.05767
2025-03-24T03:45:00,0.0517,0.2189,37.5,65.0,2.9,0.05383,0.04583
2025-03-24T04:00:00,0.0,0.3442,0.0,69.6,3.7,0.06685,0.05885
2025-03-24T04:15:00,0.0,0.4575,0.0,79.9,2.6,0.07247,0.06447
2025-03-24T04:30:00,0.0,0.3364,0.0,77.5,3.8,0.06782,0.05982
2025-03-24T04:45:00,0.0,0.3284,0.0,80.2,1.6,0.06461,0.05661
2025-03-24T05:00:00,0.0,0.508,0.0,84.7,2.0,0.06701,0.05901
2025-03-24T05:15:00,0.0096,0.5645,7.6,84.2,1.5,0.06893,0.06093
2025-03-24T05:30:00,0.0,0.4758,0.0,66.5,3.0,0.06868,0.06068
2025-03-24T05:45:00,0.0518,0.559,39.3,75.5,6.2,0.0714,0.0634
2025-03-24T06:00:00,0.0237,0.5858,16.7,76.2,4.7,0.07301,0.06501
2025-03-24T06:15:00,0.001,0.62,0.8,75.8,5.1,0.08999,0.08199
2025-03-24T06:30:00,0.0633,0.7789,48.1,75.4,5.1,0.08758,0.07958
2025-03-24T06:45:00,0.1171,0.8482,88.5,71.6,5.0,0.09845,0.09045
2025-03-24T07:00:00,0.0919,0.8612,67.4,77.8,5.5,0.09611,0.08811
2025-03-24T07:15:00,0.1021,0.8291,74.5,82.6,5.5,0.10236,0.09436
2025-03-24T07:30:00,0.1322,0.9143,96.1,73.9,5.5,0.10419,0.09619
2025-03-24T07:45:00,0.1694,0.8533,126.1,80.1,6.6,0.10987,0.10187
2025-03-24T08:00:00,0.1995,0.8217,147.3,72.4,6.5,0.11225,0.10425
2025-03-24T08:15:00,0.192,0.8186,144.9,80.2,5.6,0.10713,0.09913
2025-03-24T08:30:00,0.2888,0.7367,217.4,67.2,8.1,0.09833,0.09033
2025-03-24T08:45:00,0.2937,0.584,220.7,72.5,7.3,0.09288,0.08488
2025-03-24T09:00:00,0.2731,0.6465,207.9,79.2,7.0,0.10157,0.09357
2025-03-24T09:15:00,0.2912,0.5083,201.9,71.8,8.3,0.08328,0.07528
2025-03-24T09:30:00,0.305,0.4605,224.5,79.2,8.6,0.07627,0.06827
2025-03-24T09:45:00,0.336,0.3723,247.2,77.1,7.7,0.07994,0.07194
2025-03-24T10:00:00,0.322,0.3607,239.7,78.9,8.6,0.07117,0.06317
2025-03-24T10:15:00,0.2848,0.2887,211.3,86.9,9.8,0.06186,0.05386
2025-03-24T10:30:00,0.3287,0.3511,230.6,81.9,10.8,0.0509,0.0429
2025-03-24T10:45:00,0.3342,0.3047,233.4,83.2,9.4,0.06268,0.05468
2025-03-24T11:00:00,0.3974,0.3181,296.6,70.3,10.1,0.04679,0.03879
2025-03-24T11:15:00,0.3535,0.4079,261.0,77.8,10.7,0.04414,0.03614
2025-03-24T11:30:00,0.3661,0.2953,254.9,76.0,10.2,0.03677,0.02877
2025-03-24T11:45:00,0.3745,0.3882,285.4,71.1,10.8,0.02672,0.01872
2025-03-24T12:00:00,0.3198,0.2869,234.8,82.0,9.2,0.02507,0.01707
2025-03-24T12:15:00,0.4552,0.3314,327.8,75.6,10.9,0.03385,0.02585
2025-03-24T12:30:00,0.3495,0.2303,262.1,78.2,12.1,0.03255,0.02455
2025-03-24T12:45:00,0.3206,0.3344,229.2,85.2,12.3,0.02802,0.02002
2025-03-24T13:00:00,0.3945,0.3674,303.4,70.0,11.1,0.02218,0.01418
2025-03-24T13:15:00,0.3466,0.1401,249.6,77.7,12.2,0.02079,0.01279
2025-03-24T13:30:00,0.4148,0.2725,291.9,69.8,12.5,0.02817,0.02017
2025-03-24T13:45:00,0.3325,0.3533,253.4,73.1,11.5,0.02255,0.01455
2025-03-24T14:00:00,0.3564,0.3388,258.1,74.2,12.4,0.03824,0.03024
2025-03-24T14:15:00,0.3529,0.2904,247.7,77.5,12.1,0.0417,0.0337
2025-03-24T14:30:00,0.3052,0.3163,227.6,78.3,12.8,0.05403,0.04603
2025-03-24T14:45:00,0.2767,0.36,203.2,78.9,14.0,0.04489,0.03689
2025-03-24T15:00:00,0.2632,0.3536,194.2,76.1,13.0,0.03889,0.03089
2025-03-24T15:15:00,0.2274,0.2444,174.6,86.4,12.2,0.04029,0.03229
2025-03-24T15:30:00,0.2225,0.3957,163.9,81.6,12.4,0.02814,0.02014
2025-03-24T15:45:00,0.2222,0.3198,155.4,80.5,12.4,0.04887,0.04087
2025-03-24T16:00:00,0.1493,0.3895,110.2,87.0,13.1,0.05528,0.04728
2025-03-24T16:15:00,0.1835,0.4212,129.8,89.2,12.0,0.0664,0.0584
2025-03-24T16:30:00,0.1085,0.43,87.7,75.5,12.2,0.06891,0.06091
2025-03-24T16:45:00,0.0613,0.5725,45.4,91.3,10.2,0.07385,0.06585
2025-03-24T17:00:00,0.0989,0.5981,78.4,81.6,10.2,0.07712,0.06912
2025-03-24T17:15:00,0.0837,0.6515,63.8,76.2,10.5,0.08574,0.07774
2025-03-24T17:30:00,0.0228,0.801,16.6,82.4,12.2,0.09673,0.08873
2025-03-24T17:45:00,0.0168,0.7632,11.9,77.8,10.0,0.08812,0.08012
2025-03-24T18:00:00,0.005,0.8694,3.7,74.5,11.1,0.09821,0.09021
2025-03-24T18:15:00,0.0,1.021,0.0,73.0,11.7,0.09881,0.09081
2025-03-24T18:30:00,0.0,1.0472,0.0,71.1,11.2,0.12249,0.11449
2025-03-24T18:45:00,0.018,1.0693,13.4,76.4,11.6,0.12536,0.11736
2025-03-24T19:00:00,0.0047,1.2213,3.6,74.4,7.8,0.12579,0.11779
2025-03-24T19:15:00,0.0137,1.2649,10.4,74.5,8.9,0.11645,0.10845
2025-03-24T19:30:00,0.0,1.1551,0.0,84.6,10.2,0.12558,0.11758
2025-03-24T19:45:00,0.0,1.2615,0.0,73.5,8.9,0.12254,0.11454
2025-03-24T20:00:00,0.0,1.1546,0.0,75.0,7.8,0.1224,0.1144
2025-03-24T20:15:00,0.0208,1.1307,14.6,73.4,9.0,0.11747,0.10947
2025-03-24T20:30:00,0.0,1.0722,0.0,84.6,7.6,0.11737,0.10937
2025-03-24T20:45:00,0.0033,1.0595,2.4,74.5,8.3,0.10678,0.09878
2025-03-24T21:00:00,0.015,0.9066,10.8,87.1,7.2,0.10874,0.10074
2025-03-24T21:15:00,0.0,0.8683,0.0,84.7,5.8,0.09941,0.09141
2025-03-24T21:30:00,0.0036,0.6991,2.8,80.5,6.8,0.09069,0.08269
2025-03-24T21:45:00,0.0,0.657,0.0,82.1,6.2,0.08664,0.07864
2025-03-24T22:00:00,0.0139,0.532,10.0,78.8,6.9,0.08005,0.07205
2025-03-24T22:15:00,0.0055,0.5997,4.2,77.2,4.0,0.08358,0.07558
2025-03-24T22:30:00,0.0,0.473,0.0,83.9,5.3,0.07371,0.06571
2025-03-24T22:45:00,0.0,0.407,0.0,91.8,3.4,0.07439,0.06639
2025-03-24T23:00:00,0.0,0.4715,0.0,86.2,4.5,0.06813,0.06013
2025-03-24T23:15:00,0.0154,0.4359,11.2,75.5,5.4,0.05994,0.05194
2025-03-24T23:30:00,0.0226,0.4087,16.9,75.8,3.8,0.07307,0.06507
2025-03-24T23:45:00,0.0,0.3889,0.0,80.6,4.6,0.06041,0.05241
2025-03-25T00:00:00,0.0,0.3681,0.0,65.4,5.7,0.06907,0.06107
2025-03-25T00:15:00,0.0,0.3704,0.0,62.6,4.9,0.06752,0.05952
2025-03-25T00:30:00,0.0,0.3531,0.0,67.8,3.9,0.05506,0.04706
2025-03-25T00:45:00,0.0,0.3345,0.0,82.1,3.0,0.05933,0.05133
2025-03-25T01:00:00,0.0,0.3779,0.0,70.4,3.5,0.06192,0.05392
2025-03-25T01:15:00,0.0,0.3295,0.0,72.3,4.2,0.06008,0.05208
2025-03-25T01:30:00,0.0,0.4414,0.0,62.5,3.9,0.05791,0.04991
2025-03-25T01:45:00,0.0,0.3615,0.0,88.5,2.7,0.06944,0.06144
2025-03-25T02:00:00,0.0,0.3524,0.0,84.5,3.4,0.06356,0.05556
2025-03-25T02:15:00,0.0,0.2509,0.0,70.6,3.3,0.06732,0.05932
2025-03-25T02:30:00,0.0018,0.3374,1.4,64.0,2.0,0.06242,0.05442
2025-03-25T02:45:00,0.0,0.3509,0.0,73.7,2.6,0.06684,0.05884
2025-03-25T03:00:00,0.011,0.2524,7.8,77.1,2.3,0.06052,0.05252
2025-03-25T03:15:00,0.0,0.3122,0.0,67.9,5.2,0.0649,0.0569
2025-03-25T03:30:00,0.0,0.3137,0.0,69.0,2.4,0.0686,0.0606
2025-03-25T03:45:00,0.0122,0.3541,9.2,66.5,2.6,0.06548,0.05748
2025-03-25T04:00:00,0.0,0.4102,0.0,64.5,3.0,0.06264,0.05464
2025-03-25T04:15:00,0.0,0.2635,0.0,70.4,3.0,0.05917,0.05117
2025-03-25T04:30:00,0.0249,0.4042,18.6,64.8,3.6,0.06718,0.05918
2025-03-25T04:45:00,0.0059,0.4585,4.4,67.4,3.5,0.06901,0.06101
2025-03-25T05:00:00,0.0,0.4745,0.0,59.9,5.3,0.06653,0.05853
2025-03-25T05:15:00,0.0235,0.4445,17.7,72.4,3.1,0.06509,0.05709
2025-03-25T05:30:00,0.0,0.3922,0.0,60.4,5.4,0.0752,0.0672
2025-03-25T05:45:00,0.0,0.5745,0.0,63.3,5.3,0.08975,0.08175
2025-03-25T06:00:00,0.0069,0.6089,5.0,67.8,4.8,0.07667,0.06867
2025-03-25T06:15:00,0.0333,0.7081,23.2,69.8,4.8,0.08479,0.07679
2025-03-25T06:30:00,0.0701,0.779,50.6,65.0,5.6,0.08981,0.08181
2025-03-25T06:45:00,0.099,0.7926,71.5,63.0,4.5,0.07713,0.06913
2025-03-25T07:00:00,0.1133,0.767,90.7,73.8,6.0,0.0981,0.0901
2025-03-25T07:15:00,0.1495,0.8417,111.9,75.5,6.0,0.09735,0.08935
2025-03-25T07:30:00,0.2084,0.8101,149.0,64.7,5.5,0.11308,0.10508
2025-03-25T07:45:00,0.153,0.9028,117.0,83.3,6.2,0.10499,0.09699
2025-03-25T08:00:00,0.2656,0.8213,196.8,61.9,7.9,0.10186,0.09386
2025-03-25T08:15:00,0.2746,0.6718,197.2,59.9,6.9,0.1034,0.0954
2025-03-25T08:30:00,0.3205,0.601,228.2,65.4,9.2,0.10212,0.09412
2025-03-25T08:45:00,0.3388,0.6878,248.0,62.9,7.6,0.09263,0.08463
2025-03-25T09:00:00,0.2176,0.506,160.1,77.5,7.2,0.08936,0.08136
2025-03-25T09:15:00,0.2763,0.4184,201.0,76.6,8.9,0.07447,0.06647
2025-03-25T09:30:00,0.3593,0.5313,281.7,66.2,9.2,0.07382,0.06582
2025-03-25T09:45:00,0.36,0.4138,263.3,66.8,8.9,0.07242,0.06442
2025-03-25T10:00:00,0.3241,0.354,245.0,76.3,8.4,0.07247,0.06447
2025-03-25T10:15:00,0.2318,0.3719,172.2,89.2,8.6,0.05828,0.05028
2025-03-25T10:30:00,0.341,0.4373,262.3,72.6,9.7,0.04963,0.04163
2025-03-25T10:45:00,0.3702,0.3368,289.6,66.8,10.6,0.04968,0.04168
2025-03-25T11:00:00,0.4411,0.4107,327.2,62.5,11.7,0.04387,0.03587
2025-03-25T11:15:00,0.4848,0.367,352.0,62.6,11.9,0.04349,0.03549
2025-03-25T11:30:00,0.4005,0.3246,291.5,75.3,10.5,0.0363,0.0283
2025-03-25T11:45:00,0.467,0.3743,359.4,60.9,11.9,0.02592,0.01792
2025-03-25T12:00:00,0.4195,0.2592,316.7,66.2,12.3,0.02553,0.01753
2025-03-25T12:15:00,0.4649,0.2457,353.6,62.9,11.5,0.02296,0.01496
2025-03-25T12:30:00,0.5322,0.2815,387.6,59.2,12.8,0.02217,0.01417
2025-03-25T12:45:00,0.3816,0.389,273.4,72.5,11.8,0.02064,0.01264
2025-03-25T13:00:00,0.3953,0.2769,286.7,70.9,13.5,0.01442,0.00642
2025-03-25T13:15:00,0.507,0.3073,367.5,57.1,11.4,0.00679,-0.00121
2025-03-25T13:30:00,0.4516,0.2654,316.8,59.8,13.4,0.01627,0.00827
2025-03-25T13:45:00,0.3977,0.3267,293.7,64.9,12.1,0.00961,0.00161
2025-03-25T14:00:00,0.4058,0.2894,299.9,60.3,12.3,0.02415,0.01615
2025-03-25T14:15:00,0.373,0.3664,266.8,67.2,11.0,0.02622,0.01822
2025-03-25T14:30:00,0.3728,0.2781,286.4,65.2,12.6,0.019,0.011
2025-03-25T14:45:00,0.302,0.3257,230.9,68.6,12.3,0.03639,0.02839
2025-03-25T15:00:00,0.2824,0.3826,207.5,68.5,12.8,0.04097,0.03297
2025-03-25T15:15:00,0.3581,0.284,249.5,58.9,12.0,0.04011,0.03211
2025-03-25T15:30:00,0.2627,0.2838,199.0,72.8,11.4,0.05356,0.04556
2025-03-25T15:45:00,0.2203,0.2942,161.8,72.9,13.5,0.05905,0.05105
2025-03-25T16:00:00,0.2203,0.2731,165.8,65.6,12.6,0.04512,0.03712
2025-03-25T16:15:00,0.1359,0.4649,98.0,76.3,12.9,0.06342,0.05542
2025-03-25T16:30:00,0.161,0.4487,117.1,69.3,12.3,0.06503,0.05703
2025-03-25T16:45:00,0.1491,0.5376,109.5,74.3,13.5,0.07047,0.06247
2025-03-25T17:00:00,0.0851,0.519,63.8,64.9,11.9,0.07951,0.07151
2025-03-25T17:15:00,0.0829,0.6154,61.7,67.6,13.0,0.0759,0.0679
2025-03-25T17:30:00,0.0546,0.7582,42.4,82.4,9.9,0.08325,0.07525
2025-03-25T17:45:00,0.0187,0.801,14.3,74.9,11.4,0.08857,0.08057
2025-03-25T18:00:00,0.0154,0.9526,11.2,73.7,11.1,0.09566,0.08766
2025-03-25T18:15:00,0.0123,0.9506,9.8,70.4,11.6,0.10596,0.09796
2025-03-25T18:30:00,0.0,0.931,0.0,81.1,9.8,0.10363,0.09563
2025-03-25T18:45:00,0.0142,1.047,10.8,65.2,11.0,0.11097,0.10297
2025-03-25T19:00:00,0.0,1.1228,0.0,73.8,10.0,0.12449,0.11649
2025-03-25T19:15:00,0.0,1.2054,0.0,72.6,9.6,0.12303,0.11503
2025-03-25T19:30:00,0.0288,1.1838,23.1,70.3,8.0,0.12671,0.11871
2025-03-25T19:45:00,0.0033,1.1525,2.6,78.2,8.4,0.11252,0.10452
2025-03-25T20:00:00,0.0,1.1459,0.0,72.6,10.0,0.11715,0.10915
2025-03-25T20:15:00,0.0175,1.0415,12.9,63.8,8.3,0.11522,0.10722
2025-03-25T20:30:00,0.0124,1.0539,8.8,70.6,8.4,0.11441,0.10641
2025-03-25T20:45:00,0.0,0.9602,0.0,72.5,8.9,0.10561,0.09761
2025-03-25T21:00:00,0.0,0.9135,0.0,65.7,7.9,0.1092,0.1012
2025-03-25T21:15:00,0.0,0.873,0.0,68.4,8.2,0.0976,0.0896
2025-03-25T21:30:00,0.0101,0.7012,7.5,67.9,6.0,0.09255,0.08455
2025-03-25T21:45:00,0.0,0.7332,0.0,60.8,6.4,0.08739,0.07939
2025-03-25T22:00:00,0.0095,0.529,6.8,67.9,7.5,0.08694,0.07894
2025-03-25T22:15:00,0.0135,0.4753,10.2,77.5,5.3,0.07586,0.06786
2025-03-25T22:30:00,0.0,0.4297,0.0,72.0,6.3,0.08208,0.07408
2025-03-25T22:45:00,0.0261,0.3691,18.6,62.4,6.2,0.07538,0.06738
2025-03-25T23:00:00,0.0,0.4718,0.0,67.0,5.7,0.07141,0.06341
2025-03-25T23:15:00,0.003,0.2632,2.2,65.5,4.6,0.0691,0.0611
2025-03-25T23:30:00,0.0106,0.3872,7.8,65.4,6.1,0.07076,0.06276
2025-03-25T23:45:00,0.0,0.3804,0.0,61.1,5.2,0.07285,0.06485
2025-03-26T00:00:00,0.0,0.3487,0.0,52.6,6.8,0.07067,0.06267
2025-03-26T00:15:00,0.0056,0.3369,3.9,48.5,4.6,0.06726,0.05926
2025-03-26T00:30:00,0.0,0.3801,0.0,53.0,5.4,0.07026,0.06226
2025-03-26T00:45:00,0.0,0.4173,0.0,52.3,5.8,0.06571,0.05771
2025-03-26T01:00:00,0.0,0.3282,0.0,51.9,3.6,0.07251,0.06451
2025-03-26T01:15:00,0.0,0.3563,0.0,60.0,3.6,0.06484,0.05684
2025-03-26T01:30:00,0.0,0.4129,0.0,45.6,4.6,0.05255,0.04455
2025-03-26T01:45:00,0.0,0.2288,0.0,53.5,3.2,0.07303,0.06503
2025-03-26T02:00:00,0.054,0.4033,38.7,54.9,3.1,0.06565,0.05765
2025-03-26T02:15:00,0.014,0.2945,10.0,40.2,3.8,0.05798,0.04998
2025-03-26T02:30:00,0.0089,0.3251,6.9,45.7,3.8,0.06382,0.05582
2025-03-26T02:45:00,0.0,0.4057,0.0,47.8,3.7,0.05971,0.05171
2025-03-26T03:00:00,0.0,0.3876,0.0,54.1,4.4,0.07763,0.06963
2025-03-26T03:15:00,0.0277,0.351,19.5,46.0,4.2,0.06804,0.06004
2025-03-26T03:30:00,0.0047,0.328,3.5,52.5,3.2,0.0557,0.0477
2025-03-26T03:45:00,0.034,0.3156,23.2,53.2,3.2,0.06849,0.06049
2025-03-26T04:00:00,0.0,0.361,0.0,58.5,3.5,0.06299,0.05499
2025-03-26T04:15:00,0.0,0.4036,0.0,59.4,3.9,0.07719,0.06919
2025-03-26T04:30:00,0.0,0.4332,0.0,40.7,4.1,0.05986,0.05186
2025-03-26T04:45:00,0.0128,0.4062,9.2,58.9,3.2,0.05345,0.04545
2025-03-26T05:00:00,0.0018,0.4231,1.3,52.8,3.0,0.06847,0.06047
2025-03-26T05:15:00,0.0248,0.502,18.8,56.1,5.3,0.06762,0.05962
2025-03-26T05:30:00,0.0,0.4579,0.0,50.0,4.0,0.06944,0.06144
2025-03-26T05:45:00,0.0,0.5279,0.0,50.6,5.5,0.06201,0.05401
2025-03-26T06:00:00,0.0,0.6084,0.0,54.1,5.7,0.08104,0.07304
2025-03-26T06:15:00,0.0343,0.6489,24.8,58.9,4.9,0.0928,0.0848
2025-03-26T06:30:00,0.0506,0.7793,37.4,53.0,5.7,0.07607,0.06807
2025-03-26T06:45:00,0.1483,0.781,111.1,57.6,5.8,0.09954,0.09154
2025-03-26T07:00:00,0.1521,0.8266,111.1,51.9,6.6,0.09392,0.08592
2025-03-26T07:15:00,0.1539,1.0252,113.9,58.4,6.3,0.11565,0.10765
2025-03-26T07:30:00,0.157,0.8433,120.5,57.5,7.6,0.10734,0.09934
2025-03-26T07:45:00,0.2584,0.926,197.4,52.3,7.0,0.10532,0.09732
2025-03-26T08:00:00,0.2785,0.8599,206.2,52.1,7.6,0.11308,0.10508
2025-03-26T08:15:00,0.2773,0.7478,206.1,58.8,6.5,0.10777,0.09977
2025-03-26T08:30:00,0.3468,0.7455,243.7,49.4,8.7,0.09744,0.08944
2025-03-26T08:45:00,0.4294,0.5847,306.8,47.9,8.6,0.10009,0.09209
2025-03-26T09:00:00,0.4154,0.5175,304.6,53.1,8.3,0.08642,0.07842
2025-03-26T09:15:00,0.4466,0.5402,318.7,51.9,9.6,0.07162,0.06362
2025-03-26T09:30:00,0.5087,0.3384,376.9,47.7,9.9,0.08707,0.07907
2025-03-26T09:45:00,0.4734,0.3088,359.6,46.1,10.6,0.06531,0.05731
2025-03-26T10:00:00,0.453,0.3439,351.2,55.0,11.7,0.05659,0.04859
2025-03-26T10:15:00,0.4923,0.3243,361.0,59.3,10.5,0.05559,0.04759
2025-03-26T10:30:00,0.5626,0.3653,407.3,49.7,10.1,0.0381,0.0301
2025-03-26T10:45:00,0.5017,0.2265,357.7,59.4,9.9,0.03384,0.02584
2025-03-26T11:00:00,0.5018,0.3508,400.0,49.5,11.6,0.03407,0.02607
2025-03-26T11:15:00,0.4632,0.2882,350.0,61.8,12.6,0.02963,0.02163
2025-03-26T11:30:00,0.4848,0.3156,356.4,59.0,10.9,0.0294,0.0214
2025-03-26T11:45:00,0.5187,0.258,383.9,54.3,11.8,0.03247,0.02447
2025-03-26T12:00:00,0.4786,0.2585,375.8,58.5,12.7,0.02019,0.01219
2025-03-26T12:15:00,0.5452,0.4836,401.7,49.8,11.4,0.02386,0.01586
2025-03-26T12:30:00,0.588,0.3352,437.7,43.2,13.1,0.02295,0.01495
2025-03-26T12:45:00,0.5501,0.3069,393.4,52.7,14.5,0.01189,0.00389
2025-03-26T13:00:00,0.5375,0.4269,409.2,47.4,12.8,0.01944,0.01144
2025-03-26T13:15:00,0.5991,0.3917,420.5,48.5,13.3,0.01272,0.00472
2025-03-26T13:30:00,0.4131,0.1288,314.0,61.5,14.4,0.02567,0.01767
2025-03-26T13:45:00,0.4021,0.3152,281.2,67.6,12.8,0.02351,0.01551
2025-03-26T14:00:00,0.4825,0.366,355.2,53.2,12.4,0.0229,0.0149
2025-03-26T14:15:00,0.4605,0.2798,329.4,56.8,12.9,0.01727,0.00927
2025-03-26T14:30:00,0.4849,0.2874,359.6,40.4,13.8,0.02892,0.02092
2025-03-26T14:45:00,0.3581,0.3657,273.1,58.6,12.5,0.0269,0.0189
2025-03-26T15:00:00,0.3885,0.3019,275.0,57.7,14.1,0.03931,0.03131
2025-03-26T15:15:00,0.3754,0.3114,279.3,54.3,14.0,0.0382,0.0302
2025-03-26T15:30:00,0.3948,0.2674,281.2,43.3,14.6,0.03813,0.03013
2025-03-26T15:45:00,0.3256,0.3404,246.0,54.3,13.2,0.0529,0.0449
2025-03-26T16:00:00,0.2306,0.3559,174.3,58.3,13.3,0.05628,0.04828
2025-03-26T16:15:00,0.2357,0.4068,174.0,50.8,12.5,0.05329,0.04529
2025-03-26T16:30:00,0.2297,0.4949,162.4,55.4,12.7,0.06907,0.06107
2025-03-26T16:45:00,0.1807,0.4607,134.9,46.7,14.0,0.06592,0.05792
2025-03-26T17:00:00,0.2017,0.4058,138.6,46.9,11.9,0.07185,0.06385
2025-03-26T17:15:00,0.1298,0.5244,95.2,55.8,13.7,0.0808,0.0728
2025-03-26T17:30:00,0.0755,0.7381,53.0,51.5,11.6,0.08216,0.07416
2025-03-26T17:45:00,0.043,0.7269,33.0,59.5,11.8,0.09077,0.08277
2025-03-26T18:00:00,0.0226,0.8399,16.8,51.6,12.3,0.09915,0.09115
2025-03-26T18:15:00,0.0,1.0052,0.0,61.2,12.3,0.11568,0.10768
2025-03-26T18:30:00,0.0,1.1815,0.0,50.9,11.6,0.12129,0.11329
2025-03-26T18:45:00,0.015,1.0019,11.1,53.6,11.6,0.11566,0.10766
2025-03-26T19:00:00,0.0,1.2622,0.0,45.5,11.4,0.13066,0.12266
2025-03-26T19:15:00,0.0006,1.2362,0.5,56.3,10.7,0.12318,0.11518
2025-03-26T19:30:00,0.0,1.2127,0.0,60.3,12.0,0.12669,0.11869
2025-03-26T19:45:00,0.0,1.1005,0.0,50.8,11.0,0.12915,0.12115
2025-03-26T20:00:00,0.0262,1.0962,18.7,60.6,10.8,0.1236,0.1156
2025-03-26T20:15:00,0.0012,1.1822,0.9,57.0,9.8,0.13304,0.12504
2025-03-26T20:30:00,0.0,0.9261,0.0,54.1,10.6,0.11567,0.10767
2025-03-26T20:45:00,0.0001,1.0953,0.1,65.1,8.3,0.10194,0.09394
2025-03-26T21:00:00,0.0,0.898,0.0,51.2,8.2,0.11143,0.10343
2025-03-26T21:15:00,0.0,0.7821,0.0,51.1,7.6,0.09548,0.08748
2025-03-26T21:30:00,0.0129,0.5627,9.8,42.8,9.8,0.09062,0.08262
2025-03-26T21:45:00,0.0,0.6199,0.0,41.4,8.9,0.06935,0.06135
2025-03-26T22:00:00,0.0,0.6168,0.0,47.2,7.7,0.0887,0.0807
2025-03-26T22:15:00,0.0,0.5248,0.0,52.8,8.4,0.0836,0.0756
2025-03-26T22:30:00,0.013,0.4861,9.9,63.2,6.3,0.08014,0.07214
2025-03-26T22:45:00,0.0181,0.4389,13.4,52.3,6.3,0.07849,0.07049
2025-03-26T23:00:00,0.0252,0.4272,18.9,63.2,5.3,0.08063,0.07263
2025-03-26T23:15:00,0.0339,0.4305,23.8,58.8,6.2,0.06857,0.06057
2025-03-26T23:30:00,0.0,0.4857,0.0,48.6,5.6,0.07326,0.06526
2025-03-26T23:45:00,0.0011,0.3122,0.9,55.1,5.1,0.0623,0.0543
2025-03-27T00:00:00,0.0286,0.3297,20.8,38.3,5.4,0.06288,0.05488
2025-03-27T00:15:00,0.0085,0.3924,6.1,24.4,6.2,0.07134,0.06334
2025-03-27T00:30:00,0.0,0.3083,0.0,35.8,5.8,0.06735,0.05935
2025-03-27T00:45:00,0.0235,0.2313,17.1,27.8,7.0,0.057,0.049
2025-03-27T01:00:00,0.0,0.3474,0.0,27.7,5.1,0.06717,0.05917
2025-03-27T01:15:00,0.0048,0.3019,3.8,30.2,5.3,0.0639,0.0559
2025-03-27T01:30:00,0.0559,0.415,41.6,36.3,4.5,0.06009,0.05209
2025-03-27T01:45:00,0.01,0.4292,7.5,31.1,3.5,0.06761,0.05961
2025-03-27T02:00:00,0.0,0.4182,0.0,38.1,3.5,0.06257,0.05457
2025-03-27T02:15:00,0.0113,0.4297,8.6,28.3,5.6,0.05558,0.04758
2025-03-27T02:30:00,0.0103,0.4198,7.7,40.9,3.8,0.05834,0.05034
2025-03-27T02:45:00,0.0,0.3286,0.0,36.8,6.4,0.07563,0.06763
2025-03-27T03:00:00,0.0351,0.2745,25.4,21.1,5.8,0.05594,0.04794
2025-03-27T03:15:00,0.0,0.3829,0.0,35.9,4.1,0.06639,0.05839
2025-03-27T03:30:00,0.0,0.4715,0.0,27.7,6.6,0.06877,0.06077
2025-03-27T03:45:00,0.015,0.3805,11.5,39.2,4.8,0.06905,0.06105
2025-03-27T04:00:00,0.0,0.4399,0.0,22.0,5.4,0.05804,0.05004
2025-03-27T04:15:00,0.0,0.4145,0.0,40.5,4.9,0.06376,0.05576
2025-03-27T04:30:00,0.0026,0.3972,1.9,32.2,4.5,0.06703,0.05903
2025-03-27T04:45:00,0.0037,0.3163,2.7,35.8,3.6,0.07175,0.06375
2025-03-27T05:00:00,0.048,0.4182,34.5,40.9,4.3,0.06423,0.05623
2025-03-27T05:15:00,0.0,0.5124,0.0,40.5,4.8,0.06276,0.05476
2025-03-27T05:30:00,0.0065,0.4693,4.6,44.2,6.5,0.078,0.07
2025-03-27T05:45:00,0.0231,0.5278,16.9,35.4,5.7,0.08156,0.07356
2025-03-27T06:00:00,0.0647,0.5306,47.0,42.3,6.3,0.0808,0.0728
2025-03-27T06:15:00,0.0694,0.576,49.5,30.3,5.8,0.07925,0.07125
2025-03-27T06:30:00,0.1254,0.6845,89.4,37.4,5.9,0.09017,0.08217
2025-03-27T06:45:00,0.1475,0.7002,100.6,39.2,8.1,0.09345,0.08545
2025-03-27T07:00:00,0.2216,0.9055,162.9,38.7,6.4,0.10275,0.09475
2025-03-27T07:15:00,0.2136,0.9627,159.3,27.8,8.2,0.09459,0.08659
2025-03-27T07:30:00,0.3089,0.7988,239.6,27.0,8.1,0.10613,0.09813
2025-03-27T07:45:00,0.2867,0.9196,204.3,38.4,7.4,0.10642,0.09842
2025-03-27T08:00:00,0.3869,0.8608,270.1,34.9,7.3,0.101,0.093
2025-03-27T08:15:00,0.3686,0.7509,270.2,35.9,9.3,0.10745,0.09945
2025-03-27T08:30:00,0.4232,0.7213,313.8,32.5,9.4,0.10317,0.09517
2025-03-27T08:45:00,0.412,0.7534,311.2,40.8,10.1,0.09583,0.08783
2025-03-27T09:00:00,0.5269,0.5743,387.0,27.9,9.0,0.09491,0.08691
2025-03-27T09:15:00,0.4584,0.5521,364.1,35.1,10.0,0.07757,0.06957
2025-03-27T09:30:00,0.5196,0.4335,373.1,37.6,8.8,0.07905,0.07105
2025-03-27T09:45:00,0.5752,0.4132,433.0,32.8,10.9,0.07535,0.06735
2025-03-27T10:00:00,0.6546,0.2458,473.6,28.4,11.0,0.06823,0.06023
2025-03-27T10:15:00,0.5996,0.354,418.3,38.4,11.5,0.06731,0.05931
2025-03-27T10:30:00,0.5452,0.3807,422.5,40.8,11.1,0.0486,0.0406
2025-03-27T10:45:00,0.6276,0.227,466.3,37.5,12.0,0.04235,0.03435
2025-03-27T11:00:00,0.6153,0.3149,465.5,33.1,12.2,0.04903,0.04103
2025-03-27T11:15:00,0.7017,0.2002,531.8,26.1,10.9,0.04708,0.03908
2025-03-27T11:30:00,0.6763,0.3598,483.3,42.3,12.7,0.05431,0.04631
2025-03-27T11:45:00,0.7294,0.2985,521.6,28.7,13.9,0.04298,0.03498
2025-03-27T12:00:00,0.6533,0.3389,471.7,37.7,14.0,0.03215,0.02415
2025-03-27T12:15:00,0.6728,0.2098,487.1,38.1,13.0,0.04076,0.03276
2025-03-27T12:30:00,0.6553,0.3253,487.2,33.7,13.8,0.02978,0.02178
2025-03-27T12:45:00,0.7255,0.3257,529.5,29.8,14.0,0.0253,0.0173
2025-03-27T13:00:00,0.6756,0.2361,484.3,35.0,14.2,0.04965,0.04165
2025-03-27T13:15:00,0.7483,0.3671,535.8,25.2,14.6,0.03615,0.02815
2025-03-27T13:30:00,0.6275,0.4168,466.1,30.4,13.9,0.03909,0.03109
2025-03-27T13:45:00,0.6473,0.2944,469.0,30.1,13.9,0.03918,0.03118
2025-03-27T14:00:00,0.5833,0.2685,436.9,34.4,13.9,0.04803,0.04003
2025-03-27T14:15:00,0.4738,0.3457,363.9,46.8,14.3,0.04056,0.03256
2025-03-27T14:30:00,0.5726,0.4436,397.7,34.3,15.1,0.04815,0.04015
2025-03-27T14:45:00,0.4778,0.3031,350.4,41.9,13.6,0.03694,0.02894
2025-03-27T15:00:00,0.4323,0.2599,317.6,36.9,14.7,0.03726,0.02926
2025-03-27T15:15:00,0.4621,0.3317,347.0,32.5,13.5,0.05692,0.04892
2025-03-27T15:30:00,0.4194,0.2756,307.0,31.0,14.3,0.06021,0.05221
2025-03-27T15:45:00,0.3694,0.3474,275.6,37.1,13.9,0.0577,0.0497
2025-03-27T16:00:00,0.3391,0.3021,243.7,40.6,12.6,0.05959,0.05159
2025-03-27T16:15:00,0.3621,0.3254,254.7,27.3,15.0,0.06319,0.05519
2025-03-27T16:30:00,0.2769,0.5452,206.6,34.8,13.5,0.06246,0.05446
2025-03-27T16:45:00,0.2115,0.5107,159.3,32.9,13.5,0.08067,0.07267
2025-03-27T17:00:00,0.1918,0.5003,141.2,28.0,13.9,0.08071,0.07271
2025-03-27T17:15:00,0.1431,0.5706,104.7,32.0,14.7,0.08555,0.07755
2025-03-27T17:30:00,0.1463,0.7801,108.8,30.6,14.5,0.09089,0.08289
2025-03-27T17:45:00,0.0902,0.7437,69.2,26.1,12.6,0.10126,0.09326
2025-03-27T18:00:00,0.0328,0.9234,23.9,41.8,12.0,0.10435,0.09635
2025-03-27T18:15:00,0.0,0.9822,0.0,20.2,12.4,0.11189,0.10389
2025-03-27T18:30:00,0.0,1.0999,0.0,39.6,12.2,0.10598,0.09798
2025-03-27T18:45:00,0.0005,1.1465,0.4,36.0,12.5,0.1208,0.1128
2025-03-27T19:00:00,0.0147,1.124,10.8,31.6,11.4,0.13451,0.12651
2025-03-27T19:15:00,0.0,1.1467,0.0,36.4,11.8,0.12061,0.11261
2025-03-27T19:30:00,0.0,1.2224,0.0,26.3,12.2,0.12383,0.11583
2025-03-27T19:45:00,0.0,1.1979,0.0,40.3,10.3,0.12934,0.12134
2025-03-27T20:00:00,0.0242,1.2342,17.9,27.2,10.4,0.12769,0.11969
2025-03-27T20:15:00,0.0,1.0986,0.0,37.1,9.3,0.12237,0.11437
2025-03-27T20:30:00,0.0,0.9466,0.0,33.6,10.8,0.10456,0.09656
2025-03-27T20:45:00,0.027,0.9486,19.6,37.9,8.9,0.11217,0.10417
2025-03-27T21:00:00,0.0184,0.9954,14.2,42.3,7.8,0.09652,0.08852
2025-03-27T21:15:00,0.0337,0.6983,24.8,46.0,7.9,0.09301,0.08501
2025-03-27T21:30:00,0.0,0.6891,0.0,34.9,8.8,0.09574,0.08774
2025-03-27T21:45:00,0.0128,0.6739,9.0,34.0,7.9,0.08554,0.07754
2025-03-27T22:00:00,0.0,0.6551,0.0,32.8,8.6,0.08755,0.07955
2025-03-27T22:15:00,0.0012,0.5163,0.9,36.9,8.7,0.09758,0.08958
2025-03-27T22:30:00,0.0072,0.5497,5.3,37.4,8.4,0.08001,0.07201
2025-03-27T22:45:00,0.0,0.4018,0.0,25.6,6.3,0.07696,0.06896
2025-03-27T23:00:00,0.0,0.4159,0.0,32.8,7.8,0.06511,0.05711
2025-03-27T23:15:00,0.0,0.3579,0.0,30.3,6.8,0.06499,0.05699
2025-03-27T23:30:00,0.0097,0.2626,7.4,32.1,5.9,0.06125,0.05325
2025-03-27T23:45:00,0.0,0.3671,0.0,24.0,7.6,0.06357,0.05557
2025-03-28T00:00:00,0.0,0.2111,0.0,30.4,5.4,0.05845,0.05045
2025-03-28T00:15:00,0.0,0.4473,0.0,43.1,6.5,0.06104,0.05304
2025-03-28T00:30:00,0.0057,0.4728,4.2,33.7,6.3,0.06375,0.05575
2025-03-28T00:45:00,0.0,0.4164,0.0,43.6,4.8,0.059,0.051
2025-03-28T01:00:00,0.0,0.2892,0.0,37.4,5.8,0.05649,0.04849
2025-03-28T01:15:00,0.0099,0.3278,7.4,40.2,3.8,0.05683,0.04883
2025-03-28T01:30:00,0.0088,0.3702,6.4,39.0,5.7,0.06772,0.05972
2025-03-28T01:45:00,0.0127,0.4107,9.9,34.8,6.5,0.06536,0.05736
2025-03-28T02:00:00,0.0,0.3274,0.0,35.3,4.5,0.07116,0.06316
2025-03-28T02:15:00,0.0,0.3131,0.0,29.1,6.2,0.07127,0.06327
2025-03-28T02:30:00,0.0,0.3551,0.0,32.4,5.7,0.06296,0.05496
2025-03-28T02:45:00,0.0048,0.4307,3.3,41.3,4.1,0.06903,0.06103
2025-03-28T03:00:00,0.0001,0.3143,0.1,37.2,5.1,0.05638,0.04838
2025-03-28T03:15:00,0.0196,0.4443,13.9,38.4,3.0,0.07875,0.07075
2025-03-28T03:30:00,0.0,0.3556,0.0,42.8,4.4,0.07228,0.06428
2025-03-28T03:45:00,0.0136,0.3162,9.5,35.4,4.6,0.06392,0.05592
2025-03-28T04:00:00,0.0,0.3401,0.0,41.7,4.7,0.05841,0.05041
2025-03-28T04:15:00,0.0218,0.3228,16.5,45.2,4.2,0.06797,0.05997
2025-03-28T04:30:00,0.0,0.3841,0.0,38.8,4.8,0.05496,0.04696
2025-03-28T04:45:00,0.0241,0.3636,18.0,38.1,5.5,0.06227,0.05427
2025-03-28T05:00:00,0.0333,0.3592,22.8,46.6,3.8,0.07259,0.06459
2025-03-28T05:15:00,0.0,0.4567,0.0,39.8,4.0,0.07019,0.06219
2025-03-28T05:30:00,0.0,0.436,0.0,31.6,7.1,0.06904,0.06104
2025-03-28T05:45:00,0.0,0.526,0.0,38.5,5.7,0.08063,0.07263
2025-03-28T06:00:00,0.037,0.6502,26.8,33.5,6.1,0.07235,0.06435
2025-03-28T06:15:00,0.0697,0.7056,50.7,28.3,9.3,0.08461,0.07661
2025-03-28T06:30:00,0.1053,0.729,78.4,41.7,6.9,0.08474,0.07674
2025-03-28T06:45:00,0.1659,0.7937,120.9,32.2,7.7,0.08771,0.07971
2025-03-28T07:00:00,0.1878,0.8389,145.3,28.5,7.1,0.1005,0.0925
2025-03-28T07:15:00,0.2273,0.6828,166.2,36.3,7.6,0.09612,0.08812
2025-03-28T07:30:00,0.2636,0.851,191.5,44.0,8.2,0.11684,0.10884
2025-03-28T07:45:00,0.2796,0.8527,202.9,44.1,7.9,0.10387,0.09587
2025-03-28T08:00:00,0.358,0.8864,268.3,35.8,8.0,0.11959,0.11159
2025-03-28T08:15:00,0.4197,0.8615,306.5,36.9,8.4,0.09959,0.09159
2025-03-28T08:30:00,0.4485,0.6919,333.6,28.8,9.5,0.10659,0.09859
2025-03-28T08:45:00,0.427,0.597,337.2,35.0,10.1,0.0911,0.0831
2025-03-28T09:00:00,0.4502,0.5015,356.3,35.0,9.1,0.08448,0.07648
2025-03-28T09:15:00,0.501,0.5467,359.1,40.0,9.0,0.08704,0.07904
2025-03-28T09:30:00,0.5507,0.5053,418.0,37.1,8.9,0.08343,0.07543
2025-03-28T09:45:00,0.6176,0.3857,444.4,29.9,9.7,0.06511,0.05711
2025-03-28T10:00:00,0.4619,0.4582,348.4,49.5,9.3,0.07363,0.06563
2025-03-28T10:15:00,0.642,0.4241,464.6,35.0,11.9,0.05606,0.04806
2025-03-28T10:30:00,0.6183,0.3356,436.1,41.4,12.3,0.05659,0.04859
2025-03-28T10:45:00,0.7472,0.3118,513.2,27.4,13.3,0.05368,0.04568
2025-03-28T11:00:00,0.6785,0.3003,502.0,31.8,13.2,0.05117,0.04317
2025-03-28T11:15:00,0.6227,0.3281,435.1,45.4,13.5,0.03356,0.02556
2025-03-28T11:30:00,0.6611,0.1926,479.2,41.0,11.6,0.0513,0.0433
2025-03-28T11:45:00,0.6058,0.2087,492.5,33.6,14.4,0.04265,0.03465
2025-03-28T12:00:00,0.6607,0.3015,524.5,24.4,14.2,0.03484,0.02684
2025-03-28T12:15:00,0.6006,0.3365,433.7,38.9,12.9,0.02978,0.02178
2025-03-28T12:30:00,0.7135,0.3845,505.1,36.2,12.1,0.02469,0.01669
2025-03-28T12:45:00,0.6814,0.173,504.5,34.9,14.4,0.02605,0.01805
2025-03-28T13:00:00,0.6638,0.4045,488.8,32.7,12.9,0.03726,0.02926
2025-03-28T13:15:00,0.5504,0.2005,413.4,46.0,14.7,0.03215,0.02415
2025-03-28T13:30:00,0.5483,0.3434,412.5,42.7,13.8,0.02801,0.02001
2025-03-28T13:45:00,0.5976,0.3252,424.1,41.8,15.3,0.03264,0.02464
2025-03-28T14:00:00,0.5366,0.2312,396.7,44.6,14.6,0.04655,0.03855
2025-03-28T14:15:00,0.5526,0.3316,413.8,33.9,15.1,0.03687,0.02887
2025-03-28T14:30:00,0.503,0.3029,363.3,40.0,14.3,0.03734,0.02934
2025-03-28T14:45:00,0.5048,0.3025,378.2,33.4,15.7,0.05121,0.04321
2025-03-28T15:00:00,0.4922,0.3322,358.4,32.6,15.2,0.04838,0.04038
2025-03-28T15:15:00,0.4389,0.2575,326.8,38.5,13.4,0.04862,0.04062
2025-03-28T15:30:00,0.4096,0.2728,297.8,38.0,13.9,0.04771,0.03971
2025-03-28T15:45:00,0.3832,0.2438,283.6,34.8,15.2,0.04532,0.03732
2025-03-28T16:00:00,0.2907,0.4049,225.4,49.1,15.1,0.05121,0.04321
2025-03-28T16:15:00,0.2849,0.4298,203.2,38.8,14.3,0.05931,0.05131
2025-03-28T16:30:00,0.2842,0.3789,203.8,45.6,13.2,0.06527,0.05727
2025-03-28T16:45:00,0.1867,0.4187,137.0,51.1,12.9,0.07357,0.06557
2025-03-28T17:00:00,0.2249,0.5379,167.8,35.1,14.3,0.08007,0.07207
2025-03-28T17:15:00,0.1052,0.5535,74.5,43.5,13.4,0.08385,0.07585
2025-03-28T17:30:00,0.1246,0.7089,94.1,37.5,13.2,0.08996,0.08196
2025-03-28T17:45:00,0.0547,0.8178,39.8,45.1,11.9,0.08893,0.08093
2025-03-28T18:00:00,0.0613,0.7847,44.3,28.7,14.0,0.08839,0.08039
2025-03-28T18:15:00,0.0231,0.9597,16.6,33.7,12.9,0.10429,0.09629
2025-03-28T18:30:00,0.0,1.0078,0.0,37.5,12.2,0.10727,0.09927
2025-03-28T18:45:00,0.0049,1.167,3.6,38.8,11.9,0.11382,0.10582
2025-03-28T19:00:00,0.031,1.061,21.5,44.0,11.2,0.11974,0.11174
2025-03-28T19:15:00,0.0,1.2761,0.0,40.5,12.0,0.11626,0.10826
2025-03-28T19:30:00,0.0,1.2082,0.0,32.6,11.8,0.11794,0.10994
2025-03-28T19:45:00,0.0206,1.2175,15.9,36.8,10.6,0.12339,0.11539
2025-03-28T20:00:00,0.0074,1.144,5.4,35.5,10.9,0.12264,0.11464
2025-03-28T20:15:00,0.0,0.9983,0.0,39.7,9.8,0.11469,0.10669
2025-03-28T20:30:00,0.0026,1.0594,1.9,42.1,10.7,0.11725,0.10925
2025-03-28T20:45:00,0.0,1.026,0.0,46.0,9.0,0.10784,0.09984
2025-03-28T21:00:00,0.0,0.9293,0.0,35.6,8.1,0.0975,0.0895
2025-03-28T21:15:00,0.0086,0.7763,6.7,47.8,10.6,0.09821,0.09021
2025-03-28T21:30:00,0.0126,0.6181,9.4,35.0,9.2,0.10375,0.09575
2025-03-28T21:45:00,0.0205,0.5321,15.0,37.9,8.6,0.08326,0.07526
2025-03-28T22:00:00,0.0041,0.6089,3.2,37.8,6.5,0.08969,0.08169
2025-03-28T22:15:00,0.0,0.4895,0.0,34.1,9.4,0.08696,0.07896
2025-03-28T22:30:00,0.0156,0.4701,12.2,41.7,8.0,0.08433,0.07633
2025-03-28T22:45:00,0.0342,0.3945,24.7,37.2,7.2,0.06769,0.05969
2025-03-28T23:00:00,0.0141,0.344,10.0,30.1,8.3,0.08257,0.07457
2025-03-28T23:15:00,0.0084,0.3991,6.1,38.9,7.5,0.06955,0.06155
2025-03-28T23:30:00,0.0128,0.2825,9.3,47.1,7.4,0.06611,0.05811
2025-03-28T23:45:00,0.0432,0.4127,31.2,40.0,5.1,0.06538,0.05738
2025-03-29T00:00:00,0.0071,0.4825,5.1,69.4,5.0,0.06861,0.06061
2025-03-29T00:15:00,0.0231,0.5071,16.4,56.6,5.0,0.06531,0.05731
2025-03-29T00:30:00,0.0,0.4965,0.0,58.2,4.7,0.06394,0.05594
2025-03-29T00:45:00,0.0,0.5435,0.0,64.6,3.7,0.0727,0.0647
2025-03-29T01:00:00,0.0,0.4546,0.0,66.4,5.7,0.06066,0.05266
2025-03-29T01:15:00,0.0161,0.504,11.7,61.5,5.6,0.05874,0.05074
2025-03-29T01:30:00,0.0202,0.4938,15.2,62.8,4.3,0.06976,0.06176
2025-03-29T01:45:00,0.0333,0.4939,24.1,64.3,3.1,0.06922,0.06122
2025-03-29T02:00:00,0.0,0.4666,0.0,60.5,3.9,0.07156,0.06356
2025-03-29T02:15:00,0.0,0.3861,0.0,69.6,4.1,0.05857,0.05057
2025-03-29T02:30:00,0.0241,0.5288,17.4,59.6,3.8,0.07149,0.06349
2025-03-29T02:45:00,0.0337,0.5691,24.6,61.2,3.7,0.0679,0.0599
2025-03-29T03:00:00,0.0036,0.4908,2.7,67.3,4.0,0.0756,0.0676
2025-03-29T03:15:00,0.0,0.5328,0.0,64.7,3.8,0.05757,0.04957
2025-03-29T03:30:00,0.0089,0.4519,6.5,66.7,3.4,0.06642,0.05842
2025-03-29T03:45:00,0.0,0.3876,0.0,74.4,3.4,0.06354,0.05554
2025-03-29T04:00:00,0.0,0.5948,0.0,65.2,2.8,0.05585,0.04785
2025-03-29T04:15:00,0.0142,0.4827,10.6,67.8,3.9,0.0614,0.0534
2025-03-29T04:30:00,0.0,0.4339,0.0,54.7,4.6,0.07294,0.06494
2025-03-29T04:45:00,0.0246,0.5345,18.0,67.5,4.4,0.06413,0.05613
2025-03-29T05:00:00,0.0338,0.4779,24.8,69.5,2.3,0.06376,0.05576
2025-03-29T05:15:00,0.0,0.6084,0.0,69.7,4.6,0.07494,0.06694
2025-03-29T05:30:00,0.0,0.6473,0.0,65.2,3.9,0.07791,0.06991
2025-03-29T05:45:00,0.0,0.6407,0.0,66.5,5.3,0.08083,0.07283
2025-03-29T06:00:00,0.0729,0.7483,52.0,61.7,5.0,0.07382,0.06582
2025-03-29T06:15:00,0.0307,0.7044,24.2,75.9,5.3,0.08252,0.07452
2025-03-29T06:30:00,0.0512,0.903,39.3,70.4,4.6,0.09387,0.08587
2025-03-29T06:45:00,0.1333,0.9067,99.3,66.3,6.8,0.08879,0.08079
2025-03-29T07:00:00,0.16,0.915,117.1,67.1,5.1,0.09313,0.08513
2025-03-29T07:15:00,0.2116,1.0122,153.1,61.5,6.1,0.10692,0.09892
2025-03-29T07:30:00,0.1739,0.9947,126.3,62.5,6.6,0.11463,0.10663
2025-03-29T07:45:00,0.2637,1.0066,195.5,54.8,8.5,0.10024,0.09224
2025-03-29T08:00:00,0.2644,1.0121,185.1,65.7,7.0,0.09178,0.08378
2025-03-29T08:15:00,0.2366,0.9347,180.8,67.1,7.2,0.09708,0.08908
2025-03-29T08:30:00,0.2218,0.8407,165.2,76.3,7.0,0.09641,0.08841
2025-03-29T08:45:00,0.3814,0.7644,286.2,55.9,8.4,0.09687,0.08887
2025-03-29T09:00:00,0.363,0.6986,265.7,56.6,9.8,0.09549,0.08749
2025-03-29T09:15:00,0.3686,0.6995,268.1,67.7,8.8,0.0843,0.0763
2025-03-29T09:30:00,0.3857,0.4945,283.3,69.0,9.6,0.07408,0.06608
2025-03-29T09:45:00,0.427,0.5824,309.6,54.6,8.8,0.07238,0.06438
2025-03-29T10:00:00,0.383,0.534,281.7,65.4,9.0,0.05923,0.05123
2025-03-29T10:15:00,0.4332,0.3823,306.9,64.0,9.2,0.0588,0.0508
2025-03-29T10:30:00,0.4153,0.4382,310.4,69.3,10.9,0.04993,0.04193
2025-03-29T10:45:00,0.4452,0.4618,332.3,69.1,10.6,0.06519,0.05719
2025-03-29T11:00:00,0.4475,0.5382,323.7,62.7,11.0,0.04995,0.04195
2025-03-29T11:15:00,0.5238,0.4601,381.0,60.3,12.0,0.03652,0.02852
2025-03-29T11:30:00,0.448,0.4095,325.2,72.2,12.2,0.03255,0.02455
2025-03-29T11:45:00,0.4641,0.4684,341.1,66.7,11.5,0.03337,0.02537
2025-03-29T12:00:00,0.4468,0.4725,342.1,63.6,12.4,0.02404,0.01604
2025-03-29T12:15:00,0.45,0.475,327.8,63.2,10.3,0.02789,0.01989
2025-03-29T12:30:00,0.4883,0.5956,367.0,59.4,12.5,0.02667,0.01867
2025-03-29T12:45:00,0.4206,0.4622,302.6,71.1,11.5,0.03568,0.02768
2025-03-29T13:00:00,0.4778,0.3581,347.6,65.8,14.1,0.02757,0.01957
2025-03-29T13:15:00,0.494,0.5079,362.3,57.8,13.0,0.02561,0.01761
2025-03-29T13:30:00,0.4012,0.3917,298.9,72.3,12.9,0.023,0.015
2025-03-29T13:45:00,0.415,0.5553,296.6,67.7,13.0,0.0251,0.0171
2025-03-29T14:00:00,0.4133,0.4774,304.2,63.4,13.2,0.03328,0.02528
2025-03-29T14:15:00,0.3825,0.4295,293.7,65.6,14.6,0.03428,0.02628
2025-03-29T14:30:00,0.3707,0.451,264.8,68.5,11.7,0.04459,0.03659
2025-03-29T14:45:00,0.4285,0.4593,298.2,55.0,13.6,0.03651,0.02851
2025-03-29T15:00:00,0.391,0.5216,279.5,56.0,14.0,0.04941,0.04141
2025-03-29T15:15:00,0.346,0.5041,251.7,59.9,13.7,0.04761,0.03961
2025-03-29T15:30:00,0.2986,0.4782,224.8,59.5,13.6,0.0493,0.0413
2025-03-29T15:45:00,0.2519,0.4237,186.8,65.0,11.9,0.04082,0.03282
2025-03-29T16:00:00,0.2916,0.5147,209.6,58.0,12.4,0.04897,0.04097
2025-03-29T16:15:00,0.2052,0.578,147.0,68.8,13.2,0.06535,0.05735
2025-03-29T16:30:00,0.2266,0.5748,165.9,59.0,13.4,0.07388,0.06588
2025-03-29T16:45:00,0.1344,0.5927,95.8,65.5,13.5,0.07177,0.06377
2025-03-29T17:00:00,0.1671,0.5975,116.4,53.8,13.7,0.08059,0.07259
2025-03-29T17:15:00,0.1275,0.8532,93.4,62.3,12.9,0.07947,0.07147
2025-03-29T17:30:00,0.0711,0.8148,51.2,63.9,13.3,0.08593,0.07793
2025-03-29T17:45:00,0.0412,0.9068,29.8,69.8,11.4,0.09062,0.08262
2025-03-29T18:00:00,0.0113,0.9926,8.1,64.6,12.2,0.10687,0.09887
2025-03-29T18:15:00,0.0127,1.0518,9.0,68.1,12.8,0.10925,0.10125
2025-03-29T18:30:00,0.0,1.1277,0.0,66.0,10.9,0.11142,0.10342
2025-03-29T18:45:00,0.0351,1.3858,26.6,66.4,11.0,0.11564,0.10764
2025-03-29T19:00:00,0.0259,1.2413,19.3,58.2,11.2,0.12463,0.11663
2025-03-29T19:15:00,0.0198,1.3121,14.8,67.3,9.9,0.12559,0.11759
2025-03-29T19:30:00,0.0,1.265,0.0,61.4,11.0,0.11956,0.11156
2025-03-29T19:45:00,0.0,1.3212,0.0,67.1,10.5,0.13425,0.12625
2025-03-29T20:00:00,0.0062,1.3217,4.4,53.2,10.5,0.12346,0.11546
2025-03-29T20:15:00,0.0,1.2233,0.0,63.4,9.5,0.11867,0.11067
2025-03-29T20:30:00,0.0254,1.2704,20.0,57.3,9.3,0.12311,0.11511
2025-03-29T20:45:00,0.0,1.1474,0.0,62.2,9.4,0.11529,0.10729
2025-03-29T21:00:00,0.0095,0.9695,7.0,63.8,7.9,0.10309,0.09509
2025-03-29T21:15:00,0.0,0.8557,0.0,69.6,8.6,0.10117,0.09317
2025-03-29T21:30:00,0.0192,0.9405,14.6,64.7,7.8,0.08603,0.07803
2025-03-29T21:45:00,0.0,0.7288,0.0,55.0,7.8,0.08346,0.07546
2025-03-29T22:00:00,0.0,0.6746,0.0,71.2,7.0,0.06913,0.06113
2025-03-29T22:15:00,0.0,0.7055,0.0,70.4,6.9,0.08602,0.07802
2025-03-29T22:30:00,0.0,0.6454,0.0,65.0,6.8,0.06395,0.05595
2025-03-29T22:45:00,0.0182,0.5524,14.2,69.3,5.9,0.07671,0.06871
2025-03-29T23:00:00,0.006,0.5406,4.4,79.8,5.2,0.0655,0.0575
2025-03-29T23:15:00,0.0,0.5054,0.0,59.3,6.6,0.06297,0.05497
2025-03-29T23:30:00,0.0,0.4976,0.0,47.1,5.2,0.06647,0.05847
2025-03-29T23:45:00,0.0,0.457,0.0,62.4,4.3,0.06836,0.06036
2025-03-30T00:00:00,0.023,0.521,17.3,49.3,5.3,0.06867,0.06067
2025-03-30T00:15:00,0.0,0.476,0.0,54.8,5.9,0.07563,0.06763
2025-03-30T00:30:00,0.0163,0.4873,12.4,61.7,5.2,0.06715,0.05915
2025-03-30T00:45:00,0.0,0.448,0.0,58.0,5.7,0.07029,0.06229
2025-03-30T01:00:00,0.0,0.4054,0.0,51.7,4.5,0.06141,0.05341
2025-03-30T01:15:00,0.0071,0.5284,5.2,50.4,5.3,0.06928,0.06128
2025-03-30T01:30:00,0.0,0.4892,0.0,62.0,3.7,0.06592,0.05792
2025-03-30T01:45:00,0.0,0.4336,0.0,53.3,3.8,0.06222,0.05422
2025-03-30T02:00:00,0.0,0.481,0.0,66.1,3.4,0.06443,0.05643
2025-03-30T02:15:00,0.0042,0.3621,3.0,58.4,4.6,0.06463,0.05663
2025-03-30T02:30:00,0.0,0.4611,0.0,49.9,5.3,0.06615,0.05815
2025-03-30T02:45:00,0.0,0.5299,0.0,51.0,4.4,0.06742,0.05942
2025-03-30T03:00:00,0.0,0.4965,0.0,44.4,4.0,0.06197,0.05397
2025-03-30T03:15:00,0.0,0.4563,0.0,57.8,2.2,0.06061,0.05261
2025-03-30T03:30:00,0.0,0.4641,0.0,59.3,3.6,0.06959,0.06159
2025-03-30T03:45:00,0.0,0.4517,0.0,50.9,4.3,0.05503,0.04703
2025-03-30T04:00:00,0.0,0.4663,0.0,60.2,3.5,0.06168,0.05368
2025-03-30T04:15:00,0.0089,0.473,6.6,59.0,4.7,0.075,0.067
2025-03-30T04:30:00,0.0,0.4093,0.0,56.7,4.0,0.04993,0.04193
2025-03-30T04:45:00,0.0165,0.4483,12.2,52.2,5.8,0.06278,0.05478
2025-03-30T05:00:00,0.0,0.5318,0.0,66.0,4.1,0.07221,0.06421
2025-03-30T05:15:00,0.0,0.5681,0.0,54.9,4.0,0.05981,0.05181
2025-03-30T05:30:00,0.0291,0.653,20.7,67.1,4.5,0.08754,0.07954
2025-03-30T05:45:00,0.0,0.6808,0.0,52.3,4.5,0.05934,0.05134
2025-03-30T06:00:00,0.05,0.7211,36.3,52.9,6.8,0.08712,0.07912
2025-03-30T06:15:00,0.0897,0.7148,64.6,59.9,4.7,0.09212,0.08412
2025-03-30T06:30:00,0.1551,0.8928,110.9,36.5,6.9,0.09306,0.08506
2025-03-30T06:45:00,0.1592,0.823,122.7,54.4,5.6,0.09122,0.08322
2025-03-30T07:00:00,0.1579,0.93,120.5,49.4,8.0,0.09953,0.09153
2025-03-30T07:15:00,0.1543,1.0035,110.9,60.2,7.9,0.09625,0.08825
2025-03-30T07:30:00,0.2413,0.96,175.2,54.9,6.5,0.10968,0.10168
2025-03-30T07:45:00,0.2305,1.057,171.9,65.5,8.0,0.09986,0.09186
2025-03-30T08:00:00,0.3323,1.0294,239.0,49.2,8.0,0.10498,0.09698
2025-03-30T08:15:00,0.3026,0.8486,226.9,53.6,7.6,0.1108,0.1028
2025-03-30T08:30:00,0.3508,0.7837,266.9,48.2,8.6,0.09458,0.08658
2025-03-30T08:45:00,0.33,0.7938,240.1,58.2,7.8,0.09399,0.08599
2025-03-30T09:00:00,0.3874,0.7044,281.6,51.4,9.0,0.09089,0.08289
2025-03-30T09:15:00,0.4332,0.768,312.0,53.3,9.7,0.07483,0.06683
2025-03-30T09:30:00,0.4616,0.634,313.7,60.2,9.7,0.08249,0.07449
2025-03-30T09:45:00,0.4203,0.6858,313.0,58.2,9.2,0.07021,0.06221
2025-03-30T10:00:00,0.479,0.4268,343.5,58.5,11.9,0.05203,0.04403
2025-03-30T10:15:00,0.4756,0.421,355.5,53.5,10.9,0.0543,0.0463
2025-03-30T10:30:00,0.5063,0.4179,373.3,52.3,12.1,0.04397,0.03597
2025-03-30T10:45:00,0.4546,0.3867,334.2,65.8,10.3,0.03934,0.03134
2025-03-30T11:00:00,0.5433,0.3849,381.7,56.3,10.4,0.039,0.031
2025-03-30T11:15:00,0.5085,0.5492,376.2,59.6,12.6,0.03011,0.02211
2025-03-30T11:30:00,0.537,0.4717,415.2,51.7,12.1,0.03653,0.02853
2025-03-30T11:45:00,0.6086,0.506,488.0,45.0,11.1,0.02341,0.01541
2025-03-30T12:00:00,0.6088,0.487,431.1,48.3,11.6,0.03094,0.02294
2025-03-30T12:15:00,0.5226,0.4444,382.7,57.3,12.8,0.02274,0.01474
2025-03-30T12:30:00,0.5532,0.4068,393.5,56.2,13.0,0.02665,0.01865
2025-03-30T12:45:00,0.5468,0.4965,405.7,54.0,13.9,0.01737,0.00937
2025-03-30T13:00:00,0.513,0.5427,390.5,53.4,13.1,0.01727,0.00927
2025-03-30T13:15:00,0.4893,0.3424,368.5,56.7,13.2,0.01368,0.00568
2025-03-30T13:30:00,0.6221,0.5212,442.5,46.3,13.1,0.02493,0.01693
2025-03-30T13:45:00,0.4381,0.4754,330.2,64.6,14.2,0.02851,0.02051
2025-03-30T14:00:00,0.4867,0.392,352.1,56.4,14.0,0.03753,0.02953
2025-03-30T14:15:00,0.4723,0.3659,336.0,58.4,15.0,0.03495,0.02695
2025-03-30T14:30:00,0.4581,0.4386,354.9,49.3,15.5,0.03149,0.02349
2025-03-30T14:45:00,0.3716,0.4269,262.2,63.0,14.0,0.03186,0.02386
2025-03-30T15:00:00,0.397,0.4891,289.3,56.6,12.3,0.03889,0.03089
2025-03-30T15:15:00,0.3195,0.4449,233.1,60.0,15.5,0.04008,0.03208
2025-03-30T15:30:00,0.3282,0.3907,240.9,58.8,14.4,0.05296,0.04496
2025-03-30T15:45:00,0.3141,0.4852,224.4,55.9,13.9,0.05403,0.04603
2025-03-30T16:00:00,0.2641,0.4679,196.5,57.1,14.4,0.04781,0.03981
2025-03-30T16:15:00,0.2678,0.5894,191.6,61.6,14.4,0.05347,0.04547
2025-03-30T16:30:00,0.2237,0.6265,163.4,62.6,14.4,0.07093,0.06293
2025-03-30T16:45:00,0.2095,0.6297,151.7,55.5,14.6,0.07008,0.06208
2025-03-30T17:00:00,0.1343,0.7337,100.1,66.4,11.8,0.07274,0.06474
2025-03-30T17:15:00,0.1411,0.7319,100.0,67.6,14.1,0.08752,0.07952
2025-03-30T17:30:00,0.1015,0.805,73.1,60.4,12.3,0.08462,0.07662
2025-03-30T17:45:00,0.0998,1.0219,74.7,49.6,13.8,0.09196,0.08396
2025-03-30T18:00:00,0.0119,0.8862,8.7,57.0,12.1,0.09752,0.08952
2025-03-30T18:15:00,0.0,1.1467,0.0,51.6,10.3,0.09485,0.08685
2025-03-30T18:30:00,0.0318,1.2882,23.0,56.5,11.6,0.11757,0.10957
2025-03-30T18:45:00,0.006,1.3227,4.3,55.3,11.1,0.11003,0.10203
2025-03-30T19:00:00,0.0,1.2612,0.0,57.7,11.1,0.11764,0.10964
2025-03-30T19:15:00,0.0,1.401,0.0,56.7,11.3,0.11902,0.11102
2025-03-30T19:30:00,0.0153,1.3595,10.9,49.8,10.4,0.12879,0.12079
2025-03-30T19:45:00,0.0,1.3733,0.0,60.1,9.6,0.12346,0.11546
2025-03-30T20:00:00,0.0,1.2758,0.0,54.7,10.0,0.12195,0.11395
2025-03-30T20:15:00,0.0164,1.2242,11.7,54.3,10.7,0.10848,0.10048
2025-03-30T20:30:00,0.0,1.2502,0.0,58.0,8.4,0.1137,0.1057
2025-03-30T20:45:00,0.0,1.0473,0.0,53.9,9.3,0.10027,0.09227
2025-03-30T21:00:00,0.0,0.9315,0.0,52.1,9.8,0.10545,0.09745
2025-03-30T21:15:00,0.0006,0.8524,0.5,47.4,10.0,0.10015,0.09215
2025-03-30T21:30:00,0.0,0.7491,0.0,50.7,8.4,0.09234,0.08434
2025-03-30T21:45:00,0.0057,0.7773,4.2,53.2,9.2,0.09956,0.09156
2025-03-30T22:00:00,0.0117,0.7773,8.5,54.4,7.4,0.08586,0.07786
2025-03-30T22:15:00,0.0064,0.7373,4.6,52.3,7.1,0.08227,0.07427
2025-03-30T22:30:00,0.0,0.4635,0.0,62.2,6.7,0.0762,0.0682
2025-03-30T22:45:00,0.0,0.5094,0.0,49.1,6.3,0.07147,0.06347
2025-03-30T23:00:00,0.0,0.5618,0.0,52.3,6.7,0.07628,0.06828
2025-03-30T23:15:00,0.0,0.5334,0.0,65.4,7.2,0.07546,0.06746
2025-03-30T23:30:00,0.0173,0.488,13.3,54.5,5.3,0.05983,0.05183
2025-03-30T23:45:00,0.0,0.5544,0.0,67.1,5.2,0.07309,0.06509
2025-03-31T00:00:00,0.0,0.4089,0.0,71.8,3.1,0.06808,0.06008
2025-03-31T00:15:00,0.0,0.3326,0.0,62.2,4.4,0.07076,0.06276
2025-03-31T00:30:00,0.0,0.2333,0.0,57.3,6.2,0.0678,0.0598
2025-03-31T00:45:00,0.0,0.3377,0.0,69.8,4.3,0.05753,0.04953
2025-03-31T01:00:00,0.0211,0.3947,16.5,59.9,4.0,0.05796,0.04996
2025-03-31T01:15:00,0.0004,0.3879,0.3,72.2,3.4,0.07595,0.06795
2025-03-31T01:30:00,0.0,0.3982,0.0,62.1,6.1,0.06651,0.05851
2025-03-31T01:45:00,0.0,0.3844,0.0,63.5,4.2,0.0565,0.0485
2025-03-31T02:00:00,0.0,0.232,0.0,71.4,2.4,0.06709,0.05909
2025-03-31T02:15:00,0.0126,0.281,9.3,70.4,3.3,0.06283,0.05483
2025-03-31T02:30:00,0.0222,0.4539,16.6,62.2,1.8,0.05395,0.04595
2025-03-31T02:45:00,0.0,0.4084,0.0,70.2,4.1,0.05127,0.04327
2025-03-31T03:00:00,0.0618,0.418,46.1,62.3,3.4,0.05541,0.04741
2025-03-31T03:15:00,0.0,0.4208,0.0,69.2,3.7,0.06669,0.05869
2025-03-31T03:30:00,0.0,0.3488,0.0,67.3,2.1,0.06482,0.05682
2025-03-31T03:45:00,0.0208,0.4152,15.2,63.2,4.9,0.06372,0.05572
2025-03-31T04:00:00,0.007,0.3175,5.3,58.5,3.1,0.0671,0.0591
2025-03-31T04:15:00,0.0,0.4032,0.0,73.0,4.7,0.0693,0.0613
2025-03-31T04:30:00,0.0,0.371,0.0,61.0,5.6,0.05357,0.04557
2025-03-31T04:45:00,0.0273,0.3106,19.4,57.4,4.3,0.06514,0.05714
2025-03-31T05:00:00,0.0,0.3027,0.0,57.3,5.7,0.06313,0.05513
2025-03-31T05:15:00,0.0,0.3777,0.0,62.1,3.5,0.06234,0.05434
2025-03-31T05:30:00,0.0222,0.515,15.7,69.6,4.9,0.06871,0.06071
2025-03-31T05:45:00,0.0,0.551,0.0,67.2,4.5,0.07419,0.06619
2025-03-31T06:00:00,0.0355,0.5912,26.9,63.5,4.8,0.07699,0.06899
2025-03-31T06:15:00,0.0485,0.6617,36.0,64.0,5.0,0.07418,0.06618
2025-03-31T06:30:00,0.0991,0.7404,79.6,55.1,5.5,0.08483,0.07683
2025-03-31T06:45:00,0.1555,0.8997,116.8,59.5,6.2,0.10489,0.09689
2025-03-31T07:00:00,0.1251,0.8288,91.1,62.3,6.0,0.09139,0.08339
2025-03-31T07:15:00,0.1762,0.8236,132.1,68.4,6.5,0.09196,0.08396
2025-03-31T07:30:00,0.2162,0.8797,159.3,61.5,7.3,0.10708,0.09908
2025-03-31T07:45:00,0.1938,0.8172,143.8,60.6,8.9,0.11095,0.10295
2025-03-31T08:00:00,0.2348,0.8906,174.7,69.4,8.4,0.11044,0.10244
2025-03-31T08:15:00,0.3494,0.8083,258.0,54.7,8.4,0.09944,0.09144
2025-03-31T08:30:00,0.2824,0.7433,210.2,67.9,8.1,0.10895,0.10095
2025-03-31T08:45:00,0.3413,0.7103,253.5,66.1,8.8,0.09358,0.08558
2025-03-31T09:00:00,0.3429,0.5132,247.5,65.2,10.1,0.08572,0.07772
2025-03-31T09:15:00,0.3954,0.4774,273.3,63.8,8.9,0.08243,0.07443
2025-03-31T09:30:00,0.4204,0.4555,314.9,55.3,8.6,0.07872,0.07072
2025-03-31T09:45:00,0.4112,0.3627,302.2,63.8,10.0,0.07704,0.06904
2025-03-31T10:00:00,0.4689,0.4018,348.2,55.1,9.9,0.07027,0.06227
2025-03-31T10:15:00,0.3758,0.3075,280.9,68.5,9.0,0.06071,0.05271
2025-03-31T10:30:00,0.4244,0.2912,308.6,70.3,9.2,0.0614,0.0534
2025-03-31T10:45:00,0.4516,0.2806,330.7,70.6,11.7,0.05189,0.04389
2025-03-31T11:00:00,0.5923,0.4001,418.4,50.2,11.2,0.05298,0.04498
2025-03-31T11:15:00,0.4835,0.3888,344.0,61.0,13.1,0.03593,0.02793
2025-03-31T11:30:00,0.5204,0.3943,388.8,58.4,12.7,0.03215,0.02415
2025-03-31T11:45:00,0.4588,0.3633,352.6,66.2,11.7,0.04394,0.03594
2025-03-31T12:00:00,0.4886,0.3607,356.0,63.9,10.5,0.02905,0.02105
2025-03-31T12:15:00,0.4535,0.3091,325.1,68.5,12.0,0.03411,0.02611
2025-03-31T12:30:00,0.4923,0.313,355.1,60.1,12.0,0.03427,0.02627
2025-03-31T12:45:00,0.5756,0.3248,421.7,51.7,14.4,0.03129,0.02329
2025-03-31T13:00:00,0.4553,0.3788,335.2,63.0,14.2,0.03127,0.02327
2025-03-31T13:15:00,0.4533,0.2103,333.7,60.6,11.9,0.04255,0.03455
2025-03-31T13:30:00,0.4819,0.3865,356.7,63.6,13.1,0.01962,0.01162
2025-03-31T13:45:00,0.4714,0.3843,344.8,58.7,13.1,0.0411,0.0331
2025-03-31T14:00:00,0.4684,0.324,339.2,59.3,13.2,0.05093,0.04293
2025-03-31T14:15:00,0.3633,0.4297,269.8,68.1,14.1,0.039,0.031
2025-03-31T14:30:00,0.3683,0.3695,281.4,64.6,13.5,0.04073,0.03273
2025-03-31T14:45:00,0.4325,0.3438,314.7,60.6,13.3,0.04746,0.03946
2025-03-31T15:00:00,0.3397,0.3446,254.8,69.7,13.3,0.05658,0.04858
2025-03-31T15:15:00,0.2467,0.3885,180.2,72.2,13.7,0.04123,0.03323
2025-03-31T15:30:00,0.31,0.2936,230.7,63.3,14.5,0.05188,0.04388
2025-03-31T15:45:00,0.2834,0.449,219.3,60.1,14.8,0.05352,0.04552
2025-03-31T16:00:00,0.2464,0.2636,182.3,61.8,14.2,0.06159,0.05359
2025-03-31T16:15:00,0.2296,0.3667,169.0,62.0,14.1,0.06315,0.05515
2025-03-31T16:30:00,0.2106,0.4473,151.4,57.9,13.5,0.07054,0.06254
2025-03-31T16:45:00,0.1909,0.4539,138.1,61.4,12.4,0.06891,0.06091
2025-03-31T17:00:00,0.1473,0.4437,107.3,72.8,12.9,0.07705,0.06905
2025-03-31T17:15:00,0.0723,0.6757,52.7,63.9,13.7,0.0785,0.0705
2025-03-31T17:30:00,0.1178,0.5407,83.7,56.4,12.1,0.08465,0.07665
2025-03-31T17:45:00,0.0473,0.8319,35.8,68.4,12.2,0.09412,0.08612
2025-03-31T18:00:00,0.0529,0.8648,37.1,71.7,10.9,0.10046,0.09246
2025-03-31T18:15:00,0.0091,0.9804,6.4,58.3,12.1,0.10038,0.09238
2025-03-31T18:30:00,0.0,1.086,0.0,67.4,10.2,0.12241,0.11441
2025-03-31T18:45:00,0.0,1.0393,0.0,57.0,12.3,0.11693,0.10893
2025-03-31T19:00:00,0.0264,1.1387,18.6,67.0,11.4,0.11309,0.10509
2025-03-31T19:15:00,0.0147,1.0667,10.9,61.3,11.0,0.13033,0.12233
2025-03-31T19:30:00,0.0,1.0998,0.0,59.7,11.6,0.12012,0.11212
2025-03-31T19:45:00,0.0267,1.2362,19.6,71.4,8.8,0.12704,0.11904
2025-03-31T20:00:00,0.0,1.3096,0.0,69.1,9.6,0.12184,0.11384
2025-03-31T20:15:00,0.0,1.1471,0.0,66.0,8.7,0.12013,0.11213
2025-03-31T20:30:00,0.0349,1.0122,25.2,58.0,10.6,0.11529,0.10729
2025-03-31T20:45:00,0.0027,1.0201,2.0,57.1,9.5,0.10571,0.09771
2025-03-31T21:00:00,0.0,0.9098,0.0,64.4,9.9,0.10387,0.09587
2025-03-31T21:15:00,0.017,0.8648,12.2,60.2,7.3,0.11016,0.10216
2025-03-31T21:30:00,0.0029,0.79,2.1,64.9,9.2,0.07903,0.07103
2025-03-31T21:45:00,0.0111,0.6736,8.2,46.9,9.2,0.08771,0.07971
2025-03-31T22:00:00,0.0265,0.5712,19.6,60.9,9.3,0.0853,0.0773
2025-03-31T22:15:00,0.0167,0.4101,12.1,67.8,8.1,0.07238,0.06438
2025-03-31T22:30:00,0.0239,0.4341,18.3,65.2,7.3,0.06712,0.05912
2025-03-31T22:45:00,0.0,0.4012,0.0,58.4,7.8,0.08558,0.07758
2025-03-31T23:00:00,0.0,0.376,0.0,66.1,6.2,0.06825,0.06025
2025-03-31T23:15:00,0.0,0.4151,0.0,71.3,5.0,0.08132,0.07332
2025-03-31T23:30:00,0.0165,0.3831,12.3,66.7,4.7,0.07085,0.06285
2025-03-31T23:45:00,0.0034,0.3187,2.4,56.6,6.9,0.06722,0.05922
2025-04-01T00:00:00,0.0,0.3881,0.0,47.0,6.9,0.06786,0.05986
2025-04-01T00:15:00,0.0,0.3568,0.0,46.8,4.9,0.06881,0.06081
2025-04-01T00:30:00,0.0054,0.3033,4.0,54.1,5.7,0.07208,0.06408
2025-04-01T00:45:00,0.0087,0.368,6.5,49.0,6.0,0.06761,0.05961
2025-04-01T01:00:00,0.0,0.3261,0.0,57.2,4.8,0.06587,0.05787
2025-04-01T01:15:00,0.0336,0.3841,25.2,44.2,5.0,0.06606,0.05806
2025-04-01T01:30:00,0.0,0.4327,0.0,37.2,4.8,0.07311,0.06511
2025-04-01T01:45:00,0.0,0.259,0.0,42.5,4.0,0.0699,0.0619
2025-04-01T02:00:00,0.0416,0.359,29.2,35.3,5.1,0.05899,0.05099
2025-04-01T02:15:00,0.0133,0.3288,9.3,41.3,6.0,0.06119,0.05319
2025-04-01T02:30:00,0.0,0.371,0.0,36.4,5.3,0.06699,0.05899
2025-04-01T02:45:00,0.0091,0.4315,6.7,41.8,3.8,0.06127,0.05327
2025-04-01T03:00:00,0.0,0.469,0.0,42.9,5.1,0.06277,0.05477
2025-04-01T03:15:00,0.0,0.3526,0.0,47.1,4.3,0.05932,0.05132
2025-04-01T03:30:00,0.0427,0.3078,32.0,34.2,4.8,0.06354,0.05554
2025-04-01T03:45:00,0.0053,0.4702,3.9,45.1,5.2,0.06775,0.05975
2025-04-01T04:00:00,0.0,0.418,0.0,49.0,3.4,0.07136,0.06336
2025-04-01T04:15:00,0.0,0.3869,0.0,45.9,4.5,0.06575,0.05775
2025-04-01T04:30:00,0.005,0.4419,3.5,46.9,6.0,0.07863,0.07063
2025-04-01T04:45:00,0.0,0.3263,0.0,46.0,5.6,0.06649,0.05849
2025-04-01T05:00:00,0.0,0.4612,0.0,52.5,5.5,0.08726,0.07926
2025-04-01T05:15:00,0.0,0.4748,0.0,48.0,5.5,0.07575,0.06775
2025-04-01T05:30:00,0.0111,0.4921,8.8,49.2,6.5,0.07497,0.06697
2025-04-01T05:45:00,0.0098,0.4704,7.4,46.8,7.8,0.07193,0.06393
2025-04-01T06:00:00,0.0448,0.6292,33.1,40.5,6.0,0.06164,0.05364
2025-04-01T06:15:00,0.1039,0.8201,75.2,51.5,5.1,0.08197,0.07397
2025-04-01T06:30:00,0.0841,0.6402,63.4,54.3,8.4,0.0888,0.0808
2025-04-01T06:45:00,0.1856,0.8907,137.8,42.9,6.8,0.10433,0.09633
2025-04-01T07:00:00,0.1632,0.8712,124.0,51.2,7.0,0.08944,0.08144
2025-04-01T07:15:00,0.2288,0.9217,169.4,47.0,8.0,0.11351,0.10551
2025-04-01T07:30:00,0.2594,0.872,194.8,44.2,6.7,0.10391,0.09591
2025-04-01T07:45:00,0.2969,1.0184,213.2,46.1,8.7,0.11171,0.10371
2025-04-01T08:00:00,0.2925,0.8534,220.3,50.9,8.5,0.0924,0.0844
2025-04-01T08:15:00,0.315,0.7656,238.2,54.8,7.4,0.10698,0.09898
2025-04-01T08:30:00,0.3349,0.6965,246.8,61.7,8.9,0.10088,0.09288
2025-04-01T08:45:00,0.3418,0.7229,243.0,62.0,8.9,0.10237,0.09437
2025-04-01T09:00:00,0.5166,0.6602,379.3,35.5,10.4,0.09305,0.08505
2025-04-01T09:15:00,0.4799,0.4163,353.3,42.2,10.0,0.0792,0.0712
2025-04-01T09:30:00,0.5463,0.39,394.1,45.5,10.1,0.08501,0.07701
2025-04-01T09:45:00,0.5204,0.3995,381.8,45.9,9.3,0.07688,0.06888
2025-04-01T10:00:00,0.5397,0.2417,387.7,44.0,11.1,0.07006,0.06206
2025-04-01T10:15:00,0.6302,0.3195,452.7,33.7,11.9,0.06684,0.05884
2025-04-01T10:30:00,0.6221,0.3065,456.4,34.3,12.8,0.06234,0.05434
2025-04-01T10:45:00,0.606,0.3872,467.8,38.9,12.4,0.05119,0.04319
2025-04-01T11:00:00,0.6086,0.4055,443.0,40.5,13.6,0.03937,0.03137
2025-04-01T11:15:00,0.6482,0.32,467.3,43.5,11.9,0.03595,0.02795
2025-04-01T11:30:00,0.5847,0.3894,415.8,49.1,11.5,0.04959,0.04159
2025-04-01T11:45:00,0.6302,0.1626,472.7,40.6,12.6,0.04343,0.03543
2025-04-01T12:00:00,0.6201,0.2881,467.2,44.9,12.8,0.03789,0.02989
2025-04-01T12:15:00,0.5626,0.2777,410.3,52.5,13.7,0.03319,0.02519
2025-04-01T12:30:00,0.588,0.3568,432.2,54.8,11.7,0.03492,0.02692
2025-04-01T12:45:00,0.4957,0.3108,362.8,57.3,14.5,0.03424,0.02624
2025-04-01T13:00:00,0.5918,0.4073,441.9,46.8,13.2,0.03184,0.02384
2025-04-01T13:15:00,0.5582,0.3029,410.8,52.5,13.4,0.02987,0.02187
2025-04-01T13:30:00,0.6108,0.3111,449.5,43.2,15.2,0.04766,0.03966
2025-04-01T13:45:00,0.4817,0.2325,380.0,51.5,14.2,0.03705,0.02905
2025-04-01T14:00:00,0.5351,0.4002,381.5,52.5,15.1,0.03341,0.02541
2025-04-01T14:15:00,0.4911,0.2461,366.0,47.8,14.7,0.03093,0.02293
2025-04-01T14:30:00,0.445,0.4266,345.0,49.6,14.8,0.03639,0.02839
2025-04-01T14:45:00,0.4807,0.3322,371.3,41.9,14.3,0.04733,0.03933
2025-04-01T15:00:00,0.4047,0.4507,298.1,59.6,14.3,0.05007,0.04207
2025-04-01T15:15:00,0.4121,0.3911,318.5,39.0,15.5,0.04697,0.03897
2025-04-01T15:30:00,0.3969,0.2668,295.4,46.0,13.3,0.0516,0.0436
2025-04-01T15:45:00,0.3881,0.3401,295.1,37.9,14.7,0.05274,0.04474
2025-04-01T16:00:00,0.3397,0.3347,252.9,38.9,15.4,0.05153,0.04353
2025-04-01T16:15:00,0.3129,0.3554,233.7,44.3,15.8,0.06996,0.06196
2025-04-01T16:30:00,0.2734,0.4488,191.1,48.9,13.7,0.06879,0.06079
2025-04-01T16:45:00,0.1818,0.5019,132.4,54.2,12.9,0.08626,0.07826
2025-04-01T17:00:00,0.1699,0.5059,120.3,46.8,14.7,0.07219,0.06419
2025-04-01T17:15:00,0.1683,0.5694,128.7,43.2,13.7,0.08167,0.07367
2025-04-01T17:30:00,0.1223,0.7402,90.7,45.4,12.1,0.09392,0.08592
2025-04-01T17:45:00,0.0782,0.7622,59.4,40.4,15.4,0.09349,0.08549
2025-04-01T18:00:00,0.0602,0.8563,43.6,51.8,12.1,0.09298,0.08498
2025-04-01T18:15:00,0.0365,1.0863,25.7,52.3,13.3,0.10172,0.09372
2025-04-01T18:30:00,0.0,1.061,0.0,62.6,11.2,0.11359,0.10559
2025-04-01T18:45:00,0.0,1.0957,0.0,45.3,12.5,0.11979,0.11179
2025-04-01T19:00:00,0.0,1.2029,0.0,50.0,12.1,0.12082,0.11282
2025-04-01T19:15:00,0.0161,1.2688,11.5,49.3,11.2,0.12974,0.12174
2025-04-01T19:30:00,0.0252,1.2805,17.8,42.9,11.4,0.13056,0.12256
2025-04-01T19:45:00,0.0055,1.2263,4.1,41.9,11.1,0.12593,0.11793
2025-04-01T20:00:00,0.0,1.1018,0.0,47.6,11.4,0.1221,0.1141
2025-04-01T20:15:00,0.0,1.1419,0.0,52.4,9.4,0.1171,0.1091
2025-04-01T20:30:00,0.0,1.1765,0.0,56.5,8.6,0.11757,0.10957
2025-04-01T20:45:00,0.0,0.9712,0.0,35.5,9.9,0.11467,0.10667
2025-04-01T21:00:00,0.0,0.8836,0.0,35.9,9.2,0.10399,0.09599
2025-04-01T21:15:00,0.0044,0.7263,3.3,52.8,9.0,0.10066,0.09266
2025-04-01T21:30:00,0.0,0.6664,0.0,39.2,9.8,0.09051,0.08251
2025-04-01T21:45:00,0.0214,0.6123,15.6,47.8,8.6,0.07884,0.07084
2025-04-01T22:00:00,0.0089,0.5052,6.6,51.0,7.7,0.07669,0.06869
2025-04-01T22:15:00,0.0069,0.5414,5.2,54.9,8.3,0.08329,0.07529
2025-04-01T22:30:00,0.0,0.4271,0.0,40.5,7.8,0.07802,0.07002
2025-04-01T22:45:00,0.0122,0.344,9.1,42.0,7.9,0.08216,0.07416
2025-04-01T23:00:00,0.0118,0.3305,8.6,54.2,5.9,0.07082,0.06282
2025-04-01T23:15:00,0.0,0.3726,0.0,52.5,6.0,0.07404,0.06604
2025-04-01T23:30:00,0.0,0.2004,0.0,47.2,7.4,0.07557,0.06757
2025-04-01T23:45:00,0.0083,0.458,6.1,63.8,6.8,0.07273,0.06473
2025-04-02T00:00:00,0.0062,0.4047,4.8,85.7,4.2,0.06135,0.05335
2025-04-02T00:15:00,0.026,0.3604,19.9,84.4,4.8,0.06389,0.05589
2025-04-02T00:30:00,0.0,0.2903,0.0,89.6,5.4,0.06578,0.05778
2025-04-02T00:45:00,0.0,0.2935,0.0,85.9,4.0,0.05908,0.05108
2025-04-02T01:00:00,0.0143,0.3186,11.0,91.0,4.8,0.06785,0.05985
2025-04-02T01:15:00,0.0,0.4479,0.0,80.6,5.1,0.07114,0.06314
2025-04-02T01:30:00,0.0,0.3835,0.0,100.0,2.9,0.06212,0.05412
2025-04-02T01:45:00,0.0,0.4087,0.0,77.7,3.0,0.07684,0.06884
2025-04-02T02:00:00,0.0,0.4206,0.0,86.3,4.0,0.06326,0.05526
2025-04-02T02:15:00,0.0,0.2858,0.0,86.6,4.0,0.06378,0.05578
2025-04-02T02:30:00,0.0,0.2504,0.0,85.3,3.2,0.06358,0.05558
2025-04-02T02:45:00,0.0018,0.3374,1.3,99.9,3.0,0.06076,0.05276
2025-04-02T03:00:00,0.0,0.2749,0.0,85.8,3.6,0.06753,0.05953
2025-04-02T03:15:00,0.0,0.3781,0.0,71.1,3.3,0.06518,0.05718
2025-04-02T03:30:00,0.0305,0.3435,21.6,85.3,5.2,0.07508,0.06708
2025-04-02T03:45:00,0.0082,0.3622,5.8,90.7,3.6,0.06885,0.06085
2025-04-02T04:00:00,0.0,0.339,0.0,96.0,2.5,0.06861,0.06061
2025-04-02T04:15:00,0.0058,0.3119,4.3,87.9,1.8,0.06436,0.05636
2025-04-02T04:30:00,0.0,0.4058,0.0,89.5,4.0,0.0577,0.0497
2025-04-02T04:45:00,0.0,0.3354,0.0,92.0,3.8,0.06641,0.05841
2025-04-02T05:00:00,0.0,0.4249,0.0,88.1,4.5,0.063,0.055
2025-04-02T05:15:00,0.0099,0.3597,7.2,98.9,2.6,0.07545,0.06745
2025-04-02T05:30:00,0.0,0.4304,0.0,78.3,3.7,0.07181,0.06381
2025-04-02T05:45:00,0.012,0.502,9.2,93.6,4.1,0.08492,0.07692
2025-04-02T06:00:00,0.0231,0.6644,18.3,92.1,4.4,0.083,0.075
2025-04-02T06:15:00,0.0396,0.7684,29.4,81.9,5.0,0.08792,0.07992
2025-04-02T06:30:00,0.1109,0.749,81.7,79.9,5.4,0.08912,0.08112
2025-04-02T06:45:00,0.1169,0.8653,82.9,83.6,4.6,0.09405,0.08605
2025-04-02T07:00:00,0.0921,0.8608,68.6,93.3,6.9,0.10164,0.09364
2025-04-02T07:15:00,0.1275,0.9848,92.6,83.6,5.4,0.10762,0.09962
2025-04-02T07:30:00,0.1779,0.8043,126.4,79.5,5.6,0.10116,0.09316
2025-04-02T07:45:00,0.1311,0.8687,104.5,88.8,7.3,0.11033,0.10233
2025-04-02T08:00:00,0.2453,0.8765,181.5,71.7,7.5,0.12338,0.11538
2025-04-02T08:15:00,0.1799,0.8627,134.7,86.9,8.5,0.10562,0.09762
2025-04-02T08:30:00,0.2241,0.6944,170.7,84.5,7.3,0.10143,0.09343
2025-04-02T08:45:00,0.2355,0.6017,176.5,84.8,8.4,0.09414,0.08614
2025-04-02T09:00:00,0.2652,0.585,196.7,80.2,7.2,0.08384,0.07584
2025-04-02T09:15:00,0.2387,0.4808,165.6,89.3,7.7,0.09321,0.08521
2025-04-02T09:30:00,0.238,0.3938,180.6,90.8,8.9,0.07973,0.07173
2025-04-02T09:45:00,0.2892,0.3407,215.7,86.1,9.2,0.07456,0.06656
2025-04-02T10:00:00,0.3462,0.3541,247.4,80.2,9.4,0.0776,0.0696
2025-04-02T10:15:00,0.3374,0.4168,231.4,85.5,9.3,0.0759,0.0679
2025-04-02T10:30:00,0.3587,0.3777,275.1,80.6,11.7,0.05047,0.04247
2025-04-02T10:45:00,0.3579,0.3593,259.1,84.8,10.7,0.05773,0.04973
2025-04-02T11:00:00,0.3229,0.3655,242.9,83.0,10.5,0.05134,0.04334
2025-04-02T11:15:00,0.3515,0.3021,247.4,84.3,10.9,0.04675,0.03875
2025-04-02T11:30:00,0.4021,0.408,289.7,80.1,10.5,0.04447,0.03647
2025-04-02T11:45:00,0.3984,0.2557,290.3,80.5,12.3,0.03915,0.03115
2025-04-02T12:00:00,0.2805,0.2893,199.8,95.6,10.8,0.04694,0.03894
2025-04-02T12:15:00,0.2809,0.3249,205.6,93.7,11.5,0.03962,0.03162
2025-04-02T12:30:00,0.3716,0.2125,274.0,81.8,10.4,0.03694,0.02894
2025-04-02T12:45:00,0.2656,0.3259,193.0,90.0,12.8,0.04171,0.03371
2025-04-02T13:00:00,0.3799,0.4198,293.4,77.6,14.8,0.03939,0.03139
2025-04-02T13:15:00,0.3018,0.3197,222.5,85.2,14.2,0.03697,0.02897
2025-04-02T13:30:00,0.3121,0.3706,222.7,84.2,13.8,0.03678,0.02878
2025-04-02T13:45:00,0.3488,0.2826,279.2,69.9,12.5,0.04635,0.03835
2025-04-02T14:00:00,0.2604,0.3128,202.4,82.7,13.8,0.04024,0.03224
2025-04-02T14:15:00,0.246,0.2715,177.8,93.0,12.4,0.03833,0.03033
2025-04-02T14:30:00,0.3377,0.2875,244.2,77.5,12.9,0.03572,0.02772
2025-04-02T14:45:00,0.2562,0.1942,188.4,90.6,13.0,0.04106,0.03306
2025-04-02T15:00:00,0.2942,0.3963,212.7,74.2,14.7,0.03933,0.03133
2025-04-02T15:15:00,0.2468,0.4125,182.7,88.5,11.2,0.04902,0.04102
2025-04-02T15:30:00,0.22,0.3688,155.7,86.2,11.8,0.05292,0.04492
2025-04-02T15:45:00,0.2246,0.382,170.9,83.0,13.6,0.04235,0.03435
2025-04-02T16:00:00,0.2074,0.3917,145.9,83.7,14.0,0.05836,0.05036
2025-04-02T16:15:00,0.1895,0.4394,140.0,80.4,13.9,0.06611,0.05811
2025-04-02T16:30:00,0.1786,0.4983,134.6,82.8,12.8,0.0676,0.0596
2025-04-02T16:45:00,0.1285,0.5662,92.6,93.6,12.5,0.06572,0.05772
2025-04-02T17:00:00,0.0955,0.5347,71.1,85.2,12.6,0.08438,0.07638
2025-04-02T17:15:00,0.1189,0.6139,83.1,88.2,12.1,0.07835,0.07035
2025-04-02T17:30:00,0.0971,0.7577,72.4,89.0,12.2,0.08128,0.07328
2025-04-02T17:45:00,0.0745,0.7984,56.9,89.7,11.8,0.0885,0.0805
2025-04-02T18:00:00,0.039,0.9209,30.6,89.3,11.5,0.10124,0.09324
2025-04-02T18:15:00,0.0,0.9909,0.0,80.2,11.5,0.11333,0.10533
2025-04-02T18:30:00,0.0213,1.093,14.7,93.7,12.2,0.12,0.112
2025-04-02T18:45:00,0.0,1.0962,0.0,92.4,9.5,0.11901,0.11101
2025-04-02T19:00:00,0.0,1.1684,0.0,83.8,10.1,0.11424,0.10624
2025-04-02T19:15:00,0.0,1.2036,0.0,92.5,10.6,0.11979,0.11179
2025-04-02T19:30:00,0.0,1.228,0.0,91.6,9.5,0.11923,0.11123
2025-04-02T19:45:00,0.0171,1.2927,12.4,94.5,9.5,0.12293,0.11493
2025-04-02T20:00:00,0.0,1.1905,0.0,80.3,9.7,0.11131,0.10331
2025-04-02T20:15:00,0.0097,1.1718,7.2,94.5,8.7,0.1193,0.1113
2025-04-02T20:30:00,0.0155,1.0952,11.4,88.3,7.3,0.11814,0.11014
2025-04-02T20:45:00,0.0003,1.0222,0.2,81.0,9.6,0.10827,0.10027
2025-04-02T21:00:00,0.0,1.0252,0.0,93.4,7.9,0.10639,0.09839
2025-04-02T21:15:00,0.0,0.7909,0.0,82.5,8.1,0.09234,0.08434
2025-04-02T21:30:00,0.0,0.6599,0.0,84.7,6.6,0.08373,0.07573
2025-04-02T21:45:00,0.0,0.5869,0.0,77.4,7.7,0.08349,0.07549
2025-04-02T22:00:00,0.0,0.5645,0.0,90.6,6.1,0.08964,0.08164
2025-04-02T22:15:00,0.008,0.572,5.9,94.5,6.9,0.08488,0.07688
2025-04-02T22:30:00,0.0,0.4294,0.0,83.5,5.4,0.07261,0.06461
2025-04-02T22:45:00,0.0,0.4513,0.0,92.8,4.3,0.07985,0.07185
2025-04-02T23:00:00,0.0251,0.3912,18.7,82.4,5.8,0.06854,0.06054
2025-04-02T23:15:00,0.0019,0.311,1.5,88.3,5.2,0.07792,0.06992
2025-04-02T23:30:00,0.0,0.2831,0.0,85.9,6.4,0.07054,0.06254
2025-04-02T23:45:00,0.0241,0.2947,17.9,86.0,3.6,0.06405,0.05605
2025-04-03T00:00:00,0.0,0.3241,0.0,39.1,5.6,0.06978,0.06178
2025-04-03T00:15:00,0.0213,0.3666,15.1,37.5,7.5,0.06036,0.05236
2025-04-03T00:30:00,0.0,0.3141,0.0,43.9,6.6,0.05939,0.05139
2025-04-03T00:45:00,0.0,0.4449,0.0,32.3,6.4,0.0563,0.0483
2025-04-03T01:00:00,0.0165,0.3326,12.4,35.2,4.5,0.06655,0.05855
2025-04-03T01:15:00,0.0,0.3189,0.0,42.7,6.7,0.06468,0.05668
2025-04-03T01:30:00,0.0,0.2814,0.0,42.7,5.3,0.06454,0.05654
2025-04-03T01:45:00,0.0,0.3502,0.0,40.0,4.8,0.06254,0.05454
2025-04-03T02:00:00,0.0139,0.366,10.9,34.1,6.2,0.07363,0.06563
2025-04-03T02:15:00,0.016,0.395,12.1,33.4,6.6,0.06246,0.05446
2025-04-03T02:30:00,0.0,0.359,0.0,41.4,4.4,0.06067,0.05267
2025-04-03T02:45:00,0.0168,0.3474,12.0,37.6,5.5,0.07249,0.06449
2025-04-03T03:00:00,0.0,0.3398,0.0,33.6,6.4,0.07355,0.06555
2025-04-03T03:15:00,0.0376,0.4167,27.6,35.0,4.4,0.06709,0.05909
2025-04-03T03:30:00,0.0,0.2875,0.0,34.0,6.8,0.05467,0.04667
2025-04-03T03:45:00,0.0,0.2792,0.0,43.3,3.5,0.06161,0.05361
2025-04-03T04:00:00,0.0024,0.2857,1.8,42.8,4.3,0.06907,0.06107
2025-04-03T04:15:00,0.008,0.3205,5.8,27.0,5.7,0.0658,0.0578
2025-04-03T04:30:00,0.0074,0.4401,5.8,36.8,5.3,0.07551,0.06751
2025-04-03T04:45:00,0.0134,0.4105,9.7,34.3,5.8,0.05875,0.05075
2025-04-03T05:00:00,0.0131,0.4624,9.4,34.3,4.4,0.07217,0.06417
2025-04-03T05:15:00,0.0085,0.4845,6.5,43.4,5.2,0.06598,0.05798
2025-04-03T05:30:00,0.024,0.4726,18.2,34.9,6.8,0.07993,0.07193
2025-04-03T05:45:00,0.0039,0.6202,2.9,25.4,7.1,0.07448,0.06648
2025-04-03T06:00:00,0.073,0.5338,53.1,46.6,6.1,0.08477,0.07677
2025-04-03T06:15:00,0.1036,0.663,74.9,39.4,6.6,0.07902,0.07102
2025-04-03T06:30:00,0.1045,0.7083,73.5,38.3,7.9,0.07927,0.07127
2025-04-03T06:45:00,0.1763,0.7409,127.0,39.2,6.7,0.08613,0.07813
2025-04-03T07:00:00,0.268,0.8198,184.3,28.8,8.2,0.09408,0.08608
2025-04-03T07:15:00,0.2963,0.8997,220.5,37.1,6.3,0.09593,0.08793
2025-04-03T07:30:00,0.2962,0.9156,224.2,31.7,9.3,0.11263,0.10463
2025-04-03T07:45:00,0.3171,0.9537,243.5,34.5,8.9,0.11541,0.10741
2025-04-03T08:00:00,0.4139,0.7725,297.6,38.4,9.1,0.10929,0.10129
2025-04-03T08:15:00,0.4346,0.7601,307.4,33.4,8.8,0.09995,0.09195
2025-04-03T08:30:00,0.443,0.7642,333.7,38.9,9.3,0.10225,0.09425
2025-04-03T08:45:00,0.5145,0.6509,378.6,35.2,10.1,0.09418,0.08618
2025-04-03T09:00:00,0.4565,0.6352,349.8,39.0,9.7,0.10125,0.09325
2025-04-03T09:15:00,0.6125,0.4215,430.1,23.3,11.4,0.08798,0.07998
2025-04-03T09:30:00,0.5225,0.5026,381.9,43.4,9.7,0.0823,0.0743
2025-04-03T09:45:00,0.6296,0.4175,450.1,36.6,11.1,0.07036,0.06236
2025-04-03T10:00:00,0.5627,0.3969,425.4,41.5,10.4,0.05446,0.04646
2025-04-03T10:15:00,0.6688,0.4058,488.2,30.6,13.9,0.05622,0.04822
2025-04-03T10:30:00,0.6457,0.333,458.1,39.5,12.3,0.0491,0.0411
2025-04-03T10:45:00,0.6532,0.2559,476.6,37.3,12.3,0.05362,0.04562
2025-04-03T11:00:00,0.6699,0.2963,517.2,34.5,14.1,0.04818,0.04018
2025-04-03T11:15:00,0.6096,0.2585,459.6,43.9,13.2,0.03954,0.03154
2025-04-03T11:30:00,0.6955,0.4424,516.7,31.7,13.5,0.03926,0.03126
2025-04-03T11:45:00,0.6817,0.2085,493.3,39.6,14.1,0.04868,0.04068
2025-04-03T12:00:00,0.6861,0.3466,499.6,41.0,13.5,0.03164,0.02364
2025-04-03T12:15:00,0.8153,0.2405,582.8,27.9,14.0,0.03041,0.02241
2025-04-03T12:30:00,0.6706,0.3518,494.7,40.4,13.8,0.03349,0.02549
2025-04-03T12:45:00,0.6001,0.2742,458.9,46.9,14.0,0.03002,0.02202
2025-04-03T13:00:00,0.6966,0.2218,496.7,33.5,13.7,0.03142,0.02342
2025-04-03T13:15:00,0.6412,0.287,465.9,39.4,14.3,0.03738,0.02938
2025-04-03T13:30:00,0.594,0.3628,458.8,39.0,15.3,0.04519,0.03719
2025-04-03T13:45:00,0.6457,0.4092,476.6,32.2,15.9,0.02512,0.01712
2025-04-03T14:00:00,0.6282,0.4235,479.6,32.0,15.7,0.03705,0.02905
2025-04-03T14:15:00,0.5986,0.4514,410.8,36.1,14.1,0.0391,0.0311
2025-04-03T14:30:00,0.5761,0.3302,426.5,29.5,16.2,0.04034,0.03234
2025-04-03T14:45:00,0.546,0.3572,401.1,30.9,15.1,0.04198,0.03398
2025-04-03T15:00:00,0.4971,0.3437,354.9,35.4,15.8,0.04357,0.03557
2025-04-03T15:15:00,0.4323,0.3321,330.6,40.3,15.7,0.05438,0.04638
2025-04-03T15:30:00,0.4923,0.303,354.7,26.8,15.5,0.04857,0.04057
2025-04-03T15:45:00,0.4367,0.3454,322.3,36.4,14.9,0.05387,0.04587
2025-04-03T16:00:00,0.4147,0.385,301.1,30.0,15.5,0.05823,0.05023
2025-04-03T16:15:00,0.3146,0.3431,241.8,38.7,15.0,0.06284,0.05484
2025-04-03T16:30:00,0.334,0.4024,241.9,32.6,14.5,0.06556,0.05756
2025-04-03T16:45:00,0.2881,0.4324,221.8,32.3,14.3,0.07743,0.06943
2025-04-03T17:00:00,0.2403,0.5612,176.2,36.0,14.3,0.0767,0.0687
2025-04-03T17:15:00,0.1678,0.6115,121.9,41.4,15.0,0.08356,0.07556
2025-04-03T17:30:00,0.1357,0.707,98.1,26.8,14.7,0.08833,0.08033
2025-04-03T17:45:00,0.132,0.7936,94.5,44.4,13.0,0.08895,0.08095
2025-04-03T18:00:00,0.0513,0.9108,39.7,35.8,12.1,0.09634,0.08834
2025-04-03T18:15:00,0.0143,0.8771,10.0,40.3,14.5,0.10112,0.09312
2025-04-03T18:30:00,0.0,1.0164,0.0,37.6,12.7,0.11415,0.10615
2025-04-03T18:45:00,0.0091,1.1196,6.7,34.9,12.7,0.11346,0.10546
2025-04-03T19:00:00,0.0043,1.2925,3.0,52.6,11.2,0.11502,0.10702
2025-04-03T19:15:00,0.0242,1.1185,16.9,36.5,12.8,0.12515,0.11715
2025-04-03T19:30:00,0.0,1.2208,0.0,34.0,11.6,0.12776,0.11976
2025-04-03T19:45:00,0.0,1.109,0.0,29.0,12.4,0.11343,0.10543
2025-04-03T20:00:00,0.0328,1.2504,24.0,32.7,12.0,0.13208,0.12408
2025-04-03T20:15:00,0.0,1.0936,0.0,33.4,12.5,0.11881,0.11081
2025-04-03T20:30:00,0.0048,1.046,3.5,25.9,13.4,0.11363,0.10563
2025-04-03T20:45:00,0.0,0.9761,0.0,41.9,10.5,0.11556,0.10756
2025-04-03T21:00:00,0.0571,0.8839,41.0,34.6,9.8,0.10404,0.09604
2025-04-03T21:15:00,0.0,0.834,0.0,34.4,8.9,0.09434,0.08634
2025-04-03T21:30:00,0.0,0.7598,0.0,16.5,10.8,0.10562,0.09762
2025-04-03T21:45:00,0.0098,0.6883,7.3,33.4,10.0,0.08086,0.07286
2025-04-03T22:00:00,0.0,0.4742,0.0,40.1,10.0,0.08211,0.07411
2025-04-03T22:15:00,0.0158,0.4279,11.8,41.1,8.5,0.08378,0.07578
2025-04-03T22:30:00,0.0,0.4627,0.0,36.0,8.7,0.06892,0.06092
2025-04-03T22:45:00,0.0,0.4313,0.0,41.5,8.5,0.07201,0.06401
2025-04-03T23:00:00,0.0118,0.437,8.7,33.2,7.8,0.0728,0.0648
2025-04-03T23:15:00,0.0399,0.3176,28.4,41.1,7.5,0.08326,0.07526
2025-04-03T23:30:00,0.0,0.3551,0.0,33.1,7.8,0.06228,0.05428
2025-04-03T23:45:00,0.0199,0.3209,14.4,33.1,7.3,0.06648,0.05848
2025-04-04T00:00:00,0.0,0.3699,0.0,51.0,5.5,0.06895,0.06095
2025-04-04T00:15:00,0.0083,0.3157,5.9,41.2,5.8,0.06549,0.05749
2025-04-04T00:30:00,0.0,0.4576,0.0,49.7,5.3,0.05778,0.04978
2025-04-04T00:45:00,0.0,0.3563,0.0,44.6,5.4,0.06745,0.05945
2025-04-04T01:00:00,0.0,0.3277,0.0,36.8,5.8,0.06565,0.05765
2025-04-04T01:15:00,0.0,0.363,0.0,50.0,4.1,0.06767,0.05967
2025-04-04T01:30:00,0.0025,0.428,1.9,42.4,5.6,0.07179,0.06379
2025-04-04T01:45:00,0.0245,0.32,18.1,46.6,4.9,0.07108,0.06308
2025-04-04T02:00:00,0.0,0.2786,0.0,44.4,4.8,0.06745,0.05945
2025-04-04T02:15:00,0.0073,0.3757,5.4,51.8,2.8,0.06687,0.05887
2025-04-04T02:30:00,0.0,0.3657,0.0,52.8,4.4,0.05841,0.05041
2025-04-04T02:45:00,0.0028,0.3271,2.0,51.4,5.2,0.06421,0.05621
2025-04-04T03:00:00,0.0059,0.3864,4.5,50.8,3.8,0.06635,0.05835
2025-04-04T03:15:00,0.0,0.4129,0.0,47.8,3.0,0.06265,0.05465
2025-04-04T03:30:00,0.0111,0.3569,8.2,43.9,5.2,0.06569,0.05769
2025-04-04T03:45:00,0.0352,0.4983,25.8,45.7,5.3,0.06026,0.05226
2025-04-04T04:00:00,0.0065,0.3249,5.0,51.1,6.3,0.07459,0.06659
2025-04-04T04:15:00,0.0241,0.343,17.6,43.5,6.8,0.07859,0.07059
2025-04-04T04:30:00,0.0205,0.2802,15.6,43.5,4.4,0.06383,0.05583
2025-04-04T04:45:00,0.0158,0.4848,11.0,47.6,4.8,0.06933,0.06133
2025-04-04T05:00:00,0.0012,0.4654,0.9,35.1,5.8,0.06666,0.05866
2025-04-04T05:15:00,0.0063,0.4886,4.5,46.8,6.5,0.07727,0.06927
2025-04-04T05:30:00,0.009,0.4337,6.6,55.0,4.5,0.07453,0.06653
2025-04-04T05:45:00,0.0318,0.6572,23.3,49.7,6.2,0.07529,0.06729
2025-04-04T06:00:00,0.0583,0.7394,44.9,55.1,5.8,0.0771,0.0691
2025-04-04T06:15:00,0.0653,0.6587,47.5,48.5,7.4,0.08346,0.07546
2025-04-04T06:30:00,0.1741,0.6223,125.4,46.1,7.5,0.08145,0.07345
2025-04-04T06:45:00,0.169,0.8261,127.5,48.0,6.2,0.09645,0.08845
2025-04-04T07:00:00,0.219,0.7812,160.1,45.3,8.3,0.0929,0.0849
2025-04-04T07:15:00,0.2448,0.8595,186.1,48.3,8.2,0.10456,0.09656
2025-04-04T07:30:00,0.3056,0.9671,218.7,42.7,8.1,0.10522,0.09722
2025-04-04T07:45:00,0.3124,0.8498,229.2,38.4,9.4,0.11265,0.10465
2025-04-04T08:00:00,0.3598,0.8885,252.4,54.3,7.7,0.10586,0.09786
2025-04-04T08:15:00,0.383,0.8197,274.3,54.7,8.1,0.11012,0.10212
2025-04-04T08:30:00,0.4249,0.7697,317.2,48.7,9.3,0.09467,0.08667
2025-04-04T08:45:00,0.3949,0.6992,288.1,52.8,9.1,0.0985,0.0905
2025-04-04T09:00:00,0.4608,0.5895,320.4,51.0,9.9,0.08691,0.07891
2025-04-04T09:15:00,0.4879,0.5055,344.5,46.4,11.5,0.08202,0.07402
2025-04-04T09:30:00,0.507,0.4616,378.0,45.0,10.4,0.0735,0.0655
2025-04-04T09:45:00,0.5015,0.3187,379.9,46.2,11.7,0.07087,0.06287
2025-04-04T10:00:00,0.576,0.4469,431.0,43.8,10.7,0.04559,0.03759
2025-04-04T10:15:00,0.581,0.3213,438.3,39.8,12.0,0.05256,0.04456
2025-04-04T10:30:00,0.6505,0.3173,485.3,38.0,12.0,0.03512,0.02712
2025-04-04T10:45:00,0.6094,0.2567,411.4,51.1,12.7,0.0454,0.0374
2025-04-04T11:00:00,0.6443,0.3195,467.0,39.8,13.2,0.02099,0.01299
2025-04-04T11:15:00,0.6982,0.2765,490.8,42.6,12.4,0.02205,0.01405
2025-04-04T11:30:00,0.5737,0.3536,434.6,48.8,11.6,0.01384,0.00584
2025-04-04T11:45:00,0.5759,0.2796,417.3,54.3,13.7,0.03011,0.02211
2025-04-04T12:00:00,0.6086,0.3511,435.4,46.9,13.8,0.00952,0.00152
2025-04-04T12:15:00,0.581,0.3056,450.5,52.2,14.8,0.01553,0.00753
2025-04-04T12:30:00,0.5979,0.3345,449.0,48.1,13.9,0.00988,0.00188
2025-04-04T12:45:00,0.654,0.2428,505.1,38.9,15.0,0.00122,-0.00678
2025-04-04T13:00:00,0.5601,0.327,429.9,47.8,14.8,0.00963,0.00163
2025-04-04T13:15:00,0.6349,0.2369,479.0,42.5,14.1,0.01598,0.00798
2025-04-04T13:30:00,0.6191,0.3215,445.1,42.6,13.9,0.01193,0.00393
2025-04-04T13:45:00,0.6223,0.215,444.4,40.5,13.0,0.02037,0.01237
2025-04-04T14:00:00,0.4826,0.3164,360.2,57.6,14.6,0.01485,0.00685
2025-04-04T14:15:00,0.5566,0.3167,422.0,40.5,15.1,0.01989,0.01189
2025-04-04T14:30:00,0.5053,0.3642,355.2,46.3,14.8,0.02083,0.01283
2025-04-04T14:45:00,0.5513,0.3307,405.4,34.5,14.7,0.02889,0.02089
2025-04-04T15:00:00,0.4762,0.362,352.6,42.1,15.8,0.04223,0.03423
2025-04-04T15:15:00,0.426,0.372,297.0,53.0,13.9,0.03729,0.02929
2025-04-04T15:30:00,0.3388,0.2927,250.8,54.5,14.2,0.04081,0.03281
2025-04-04T15:45:00,0.3566,0.3255,272.7,44.4,16.0,0.0407,0.0327
2025-04-04T16:00:00,0.3721,0.2223,265.2,48.1,14.5,0.04488,0.03688
2025-04-04T16:15:00,0.2893,0.4483,216.0,50.8,14.4,0.06348,0.05548
2025-04-04T16:30:00,0.2707,0.527,208.5,47.5,15.0,0.05361,0.04561
2025-04-04T16:45:00,0.2261,0.4033,161.4,44.4,14.3,0.06073,0.05273
2025-04-04T17:00:00,0.2363,0.535,178.5,29.7,14.3,0.07189,0.06389
2025-04-04T17:15:00,0.1075,0.6033,80.5,50.5,15.5,0.0765,0.0685
2025-04-04T17:30:00,0.1099,0.6351,79.3,43.6,14.4,0.09762,0.08962
2025-04-04T17:45:00,0.1087,0.7283,77.2,48.5,15.4,0.0786,0.0706
2025-04-04T18:00:00,0.0672,0.9215,52.7,40.7,13.8,0.1018,0.0938
2025-04-04T18:15:00,0.0321,0.928,23.3,41.6,14.5,0.1104,0.1024
2025-04-04T18:30:00,0.0094,1.0591,6.7,40.6,14.0,0.10529,0.09729
2025-04-04T18:45:00,0.0,1.0768,0.0,49.5,12.8,0.11314,0.10514
2025-04-04T19:00:00,0.0248,1.1282,18.2,43.3,12.5,0.12344,0.11544
2025-04-04T19:15:00,0.0,1.2855,0.0,57.3,12.1,0.13311,0.12511
2025-04-04T19:30:00,0.0364,1.1561,26.4,40.4,13.4,0.1188,0.1108
2025-04-04T19:45:00,0.0146,1.2146,11.2,40.1,11.8,0.11431,0.10631
2025-04-04T20:00:00,0.0,1.1936,0.0,36.0,11.8,0.12764,0.11964
2025-04-04T20:15:00,0.0,1.1172,0.0,48.7,11.1,0.12767,0.11967
2025-04-04T20:30:00,0.0056,1.2082,4.3,47.5,9.6,0.11218,0.10418
2025-04-04T20:45:00,0.0109,0.9245,7.9,46.4,9.1,0.09583,0.08783
2025-04-04T21:00:00,0.0305,0.8865,21.7,54.8,9.8,0.1123,0.1043
2025-04-04T21:15:00,0.0,0.7258,0.0,58.1,8.4,0.09675,0.08875
2025-04-04T21:30:00,0.0,0.706,0.0,41.9,11.0,0.09918,0.09118
2025-04-04T21:45:00,0.0,0.4858,0.0,45.9,9.3,0.08704,0.07904
2025-04-04T22:00:00,0.0035,0.4966,2.5,55.1,8.0,0.08044,0.07244
2025-04-04T22:15:00,0.0255,0.4278,18.8,47.3,8.2,0.07598,0.06798
2025-04-04T22:30:00,0.0062,0.4936,4.6,54.0,7.6,0.08418,0.07618
2025-04-04T22:45:00,0.0413,0.3907,29.4,48.6,7.5,0.08123,0.07323
2025-04-04T23:00:00,0.0117,0.4657,8.5,53.8,7.3,0.05765,0.04965
2025-04-04T23:15:00,0.0167,0.2007,12.3,45.9,7.7,0.06323,0.05523
2025-04-04T23:30:00,0.0135,0.3697,9.8,47.9,6.2,0.0783,0.0703
2025-04-04T23:45:00,0.0,0.2949,0.0,41.8,6.6,0.06456,0.05656
2025-04-05T00:00:00,0.0,0.4379,0.0,49.4,6.8,0.05684,0.04884
2025-04-05T00:15:00,0.0,0.5018,0.0,45.0,7.1,0.06503,0.05703
2025-04-05T00:30:00,0.0012,0.4723,0.9,60.6,6.5,0.06435,0.05635
2025-04-05T00:45:00,0.0,0.4848,0.0,58.8,5.6,0.06442,0.05642
2025-04-05T01:00:00,0.0,0.4119,0.0,44.4,6.2,0.06212,0.05412
2025-04-05T01:15:00,0.0102,0.4241,8.0,43.1,5.6,0.06314,0.05514
2025-04-05T01:30:00,0.0106,0.4887,8.0,49.2,4.7,0.06226,0.05426
2025-04-05T01:45:00,0.0007,0.4059,0.5,40.6,5.0,0.067,0.059
2025-04-05T02:00:00,0.0,0.4562,0.0,49.4,4.4,0.06012,0.05212
2025-04-05T02:15:00,0.0,0.4915,0.0,44.5,4.6,0.06326,0.05526
2025-04-05T02:30:00,0.0005,0.4752,0.4,46.0,7.6,0.06414,0.05614
2025-04-05T02:45:00,0.0,0.4139,0.0,46.9,5.5,0.07285,0.06485
2025-04-05T03:00:00,0.0,0.4612,0.0,43.3,4.9,0.06727,0.05927
2025-04-05T03:15:00,0.0013,0.433,0.9,50.8,5.1,0.0644,0.0564
2025-04-05T03:30:00,0.0224,0.4174,16.2,49.9,5.6,0.06833,0.06033
2025-04-05T03:45:00,0.0,0.5067,0.0,47.3,4.1,0.06765,0.05965
2025-04-05T04:00:00,0.0,0.4693,0.0,54.4,6.4,0.07191,0.06391
2025-04-05T04:15:00,0.03,0.5225,22.2,46.5,4.6,0.06873,0.06073
2025-04-05T04:30:00,0.0,0.5965,0.0,40.6,5.9,0.07694,0.06894
2025-04-05T04:45:00,0.0,0.5022,0.0,56.5,5.9,0.07501,0.06701
2025-04-05T05:00:00,0.0,0.6142,0.0,47.4,5.5,0.06784,0.05984
2025-04-05T05:15:00,0.0033,0.5662,2.5,60.2,5.6,0.06723,0.05923
2025-04-05T05:30:00,0.0028,0.5774,2.2,41.6,6.5,0.07725,0.06925
2025-04-05T05:45:00,0.0065,0.7034,5.0,60.1,5.2,0.07798,0.06998
2025-04-05T06:00:00,0.0559,0.7143,39.6,45.1,7.1,0.07794,0.06994
2025-04-05T06:15:00,0.1233,0.7587,94.9,45.8,6.8,0.07394,0.06594
2025-04-05T06:30:00,0.1303,0.9046,94.8,45.1,6.0,0.07659,0.06859
2025-04-05T06:45:00,0.2117,0.8826,153.3,42.0,8.1,0.09468,0.08668
2025-04-05T07:00:00,0.2138,0.9701,152.8,44.7,8.9,0.10207,0.09407
2025-04-05T07:15:00,0.2499,1.0396,186.1,46.2,8.3,0.10653,0.09853
2025-04-05T07:30:00,0.2715,0.9661,198.3,49.3,7.8,0.09721,0.08921
2025-04-05T07:45:00,0.2666,0.9827,197.1,51.1,8.3,0.11294,0.10494
2025-04-05T08:00:00,0.3042,0.9289,222.3,51.5,8.9,0.10359,0.09559
2025-04-05T08:15:00,0.3378,0.819,246.1,44.9,7.6,0.10738,0.09938
2025-04-05T08:30:00,0.4106,0.8247,294.5,51.0,8.9,0.10406,0.09606
2025-04-05T08:45:00,0.4584,0.6956,337.7,41.9,10.6,0.09173,0.08373
2025-04-05T09:00:00,0.4101,0.6008,306.8,50.1,10.3,0.08681,0.07881
2025-04-05T09:15:00,0.4619,0.6366,347.5,49.2,10.3,0.07099,0.06299
2025-04-05T09:30:00,0.4546,0.5529,345.7,53.7,9.7,0.07067,0.06267
2025-04-05T09:45:00,0.5189,0.5324,381.8,49.7,11.8,0.05813,0.05013
2025-04-05T10:00:00,0.5847,0.501,422.5,43.2,10.8,0.06467,0.05667
2025-04-05T10:15:00,0.5203,0.5428,387.2,51.9,9.0,0.05602,0.04802
2025-04-05T10:30:00,0.5186,0.5498,376.0,55.9,10.7,0.05534,0.04734
2025-04-05T10:45:00,0.6371,0.5022,452.4,41.5,11.4,0.04681,0.03881
2025-04-05T11:00:00,0.5812,0.4612,437.0,49.5,12.4,0.03628,0.02828
2025-04-05T11:15:00,0.5801,0.4774,413.1,52.4,13.1,0.03816,0.03016
2025-04-05T11:30:00,0.6165,0.3421,450.4,49.7,13.4,0.03025,0.02225
2025-04-05T11:45:00,0.6249,0.4705,472.9,48.2,13.9,0.03328,0.02528
2025-04-05T12:00:00,0.6394,0.4583,482.7,47.9,14.8,0.02905,0.02105
2025-04-05T12:15:00,0.6279,0.4537,458.4,41.3,13.5,0.01928,0.01128
2025-04-05T12:30:00,0.596,0.4007,439.8,53.1,14.3,0.02381,0.01581
2025-04-05T12:45:00,0.6248,0.4702,450.9,50.3,14.6,0.02327,0.01527
2025-04-05T13:00:00,0.5722,0.5049,446.4,47.8,15.2,0.0208,0.0128
2025-04-05T13:15:00,0.608,0.3649,432.7,46.6,13.9,0.02829,0.02029
2025-04-05T13:30:00,0.535,0.4484,380.7,59.0,14.8,0.03402,0.02602
2025-04-05T13:45:00,0.5423,0.3684,413.0,48.2,15.7,0.02289,0.01489
2025-04-05T14:00:00,0.5532,0.3218,415.6,48.8,14.8,0.02482,0.01682
2025-04-05T14:15:00,0.5545,0.4266,385.5,50.3,15.5,0.01571,0.00771
2025-04-05T14:30:00,0.4338,0.448,311.7,60.7,15.8,0.03108,0.02308
2025-04-05T14:45:00,0.4746,0.4511,351.0,46.0,13.3,0.03222,0.02422
2025-04-05T15:00:00,0.4434,0.4394,329.5,55.4,13.8,0.02514,0.01714
2025-04-05T15:15:00,0.4238,0.4749,311.5,48.6,13.7,0.04336,0.03536
2025-04-05T15:30:00,0.4048,0.505,291.1,50.9,14.4,0.04895,0.04095
2025-04-05T15:45:00,0.3883,0.4025,288.2,44.5,15.5,0.04503,0.03703
2025-04-05T16:00:00,0.3693,0.4096,267.9,42.2,15.5,0.05152,0.04352
2025-04-05T16:15:00,0.3615,0.5128,270.6,34.1,16.6,0.05259,0.04459
2025-04-05T16:30:00,0.3007,0.6132,235.4,43.0,14.6,0.06796,0.05996
2025-04-05T16:45:00,0.2239,0.6764,164.1,54.0,13.3,0.05968,0.05168
2025-04-05T17:00:00,0.2701,0.6185,202.0,40.5,13.6,0.0727,0.0647
2025-04-05T17:15:00,0.2069,0.689,146.9,48.9,14.4,0.09247,0.08447
2025-04-05T17:30:00,0.0923,0.8968,67.3,51.5,13.3,0.08755,0.07955
2025-04-05T17:45:00,0.0731,0.9487,52.7,42.7,14.3,0.09668,0.08868
2025-04-05T18:00:00,0.042,0.9998,32.1,55.4,12.7,0.09958,0.09158
2025-04-05T18:15:00,0.0451,1.0723,32.4,53.0,12.3,0.09971,0.09171
2025-04-05T18:30:00,0.0174,1.1674,13.5,57.4,12.7,0.1123,0.1043
2025-04-05T18:45:00,0.0113,1.1894,8.1,44.0,13.5,0.1198,0.1118
2025-04-05T19:00:00,0.0,1.4573,0.0,60.8,13.2,0.11498,0.10698
2025-04-05T19:15:00,0.0105,1.3034,7.5,48.4,12.1,0.12557,0.11757
2025-04-05T19:30:00,0.0304,1.2898,21.3,51.0,11.3,0.13193,0.12393
2025-04-05T19:45:00,0.0,1.3248,0.0,55.4,11.3,0.13031,0.12231
2025-04-05T20:00:00,0.0036,1.3595,2.7,46.3,9.8,0.11238,0.10438
2025-04-05T20:15:00,0.0193,1.2254,14.7,49.0,11.6,0.11272,0.10472
2025-04-05T20:30:00,0.0,1.0712,0.0,41.0,10.6,0.10455,0.09655
2025-04-05T20:45:00,0.0,1.1417,0.0,61.5,9.8,0.11556,0.10756
2025-04-05T21:00:00,0.0059,0.9831,4.3,49.1,9.2,0.10727,0.09927
2025-04-05T21:15:00,0.009,0.9568,6.8,52.1,10.3,0.10217,0.09417
2025-04-05T21:30:00,0.0173,0.7781,13.1,45.3,11.0,0.08718,0.07918
2025-04-05T21:45:00,0.0136,0.7689,10.0,55.2,6.8,0.08031,0.07231
2025-04-05T22:00:00,0.04,0.7573,28.1,58.4,9.3,0.08315,0.07515
2025-04-05T22:15:00,0.016,0.6575,12.2,53.5,10.5,0.0793,0.0713
2025-04-05T22:30:00,0.0,0.6443,0.0,46.4,9.0,0.07022,0.06222
2025-04-05T22:45:00,0.0,0.531,0.0,52.1,7.8,0.07348,0.06548
2025-04-05T23:00:00,0.0,0.5475,0.0,52.6,7.6,0.07435,0.06635
2025-04-05T23:15:00,0.0,0.5074,0.0,52.0,7.5,0.07022,0.06222
2025-04-05T23:30:00,0.0357,0.4549,25.8,63.3,5.5,0.0614,0.0534
2025-04-05T23:45:00,0.001,0.5395,0.8,42.7,7.1,0.05409,0.04609
2025-04-06T00:00:00,0.0,0.4749,0.0,40.6,8.0,0.06345,0.05545
2025-04-06T00:15:00,0.0199,0.3753,15.3,50.0,6.3,0.06599,0.05799
2025-04-06T00:30:00,0.0,0.3932,0.0,54.7,5.5,0.06344,0.05544
2025-04-06T00:45:00,0.0,0.5242,0.0,42.9,5.9,0.06243,0.05443
2025-04-06T01:00:00,0.0,0.4834,0.0,40.5,6.2,0.06085,0.05285
2025-04-06T01:15:00,0.0075,0.4287,5.7,49.6,5.3,0.06929,0.06129
2025-04-06T01:30:00,0.0227,0.5095,17.1,48.2,5.4,0.06469,0.05669
2025-04-06T01:45:00,0.0,0.4417,0.0,48.7,4.5,0.06574,0.05774
2025-04-06T02:00:00,0.0,0.4525,0.0,55.1,4.1,0.05917,0.05117
2025-04-06T02:15:00,0.0,0.4925,0.0,54.3,5.7,0.06128,0.05328
2025-04-06T02:30:00,0.0,0.5157,0.0,47.9,3.5,0.06599,0.05799
2025-04-06T02:45:00,0.0,0.586,0.0,56.4,3.8,0.05898,0.05098
2025-04-06T03:00:00,0.0,0.5564,0.0,53.2,5.3,0.05747,0.04947
2025-04-06T03:15:00,0.0,0.4879,0.0,48.3,4.3,0.06308,0.05508
2025-04-06T03:30:00,0.005,0.4326,3.8,44.6,4.5,0.07231,0.06431
2025-04-06T03:45:00,0.0045,0.4955,3.3,52.3,5.5,0.06635,0.05835
2025-04-06T04:00:00,0.011,0.4804,8.1,49.9,5.5,0.07414,0.06614
2025-04-06T04:15:00,0.0074,0.5881,5.3,53.4,5.4,0.0649,0.0569
2025-04-06T04:30:00,0.0,0.5439,0.0,43.0,5.7,0.06431,0.05631
2025-04-06T04:45:00,0.0,0.4752,0.0,54.2,4.1,0.05858,0.05058
2025-04-06T05:00:00,0.0069,0.4703,5.0,45.2,6.6,0.06462,0.05662
2025-04-06T05:15:00,0.0,0.6188,0.0,46.6,6.0,0.07832,0.07032
2025-04-06T05:30:00,0.0,0.6793,0.0,52.5,6.8,0.07391,0.06591
2025-04-06T05:45:00,0.0488,0.6546,37.8,45.5,7.8,0.07926,0.07126
2025-04-06T06:00:00,0.0598,0.6434,41.1,42.5,7.3,0.08271,0.07471
2025-04-06T06:15:00,0.0932,0.7571,67.7,67.1,6.0,0.0827,0.0747
2025-04-06T06:30:00,0.1241,0.8563,92.3,56.3,5.4,0.0863,0.0783
2025-04-06T06:45:00,0.2104,0.8777,158.7,42.8,6.2,0.09323,0.08523
2025-04-06T07:00:00,0.2421,0.8832,183.7,40.0,8.0,0.10136,0.09336
2025-04-06T07:15:00,0.1997,0.9293,150.0,55.7,7.0,0.1043,0.0963
2025-04-06T07:30:00,0.2622,1.0709,192.8,46.4,8.1,0.10767,0.09967
2025-04-06T07:45:00,0.3253,0.9166,246.1,47.5,8.5,0.10737,0.09937
2025-04-06T08:00:00,0.369,0.9881,268.5,46.1,9.8,0.10182,0.09382
2025-04-06T08:15:00,0.3485,0.8329,260.4,54.7,8.6,0.10303,0.09503
2025-04-06T08:30:00,0.3991,0.7323,288.6,45.7,9.6,0.09533,0.08733
2025-04-06T08:45:00,0.455,0.7035,343.9,48.3,9.9,0.10184,0.09384
2025-04-06T09:00:00,0.4636,0.7425,339.9,53.0,8.4,0.07684,0.06884
2025-04-06T09:15:00,0.489,0.7258,369.1,44.6,10.7,0.08102,0.07302
2025-04-06T09:30:00,0.5842,0.539,415.9,41.7,11.7,0.08916,0.08116
2025-04-06T09:45:00,0.5226,0.4235,385.1,51.5,10.1,0.06532,0.05732
2025-04-06T10:00:00,0.4951,0.6308,361.4,55.3,9.6,0.05338,0.04538
2025-04-06T10:15:00,0.5976,0.5303,418.0,49.2,11.1,0.05339,0.04539
2025-04-06T10:30:00,0.6276,0.5478,459.0,38.6,12.3,0.05512,0.04712
2025-04-06T10:45:00,0.7028,0.3798,529.1,33.3,13.7,0.04092,0.03292
2025-04-06T11:00:00,0.6285,0.4965,464.9,47.4,12.5,0.04066,0.03266
2025-04-06T11:15:00,0.6631,0.3823,495.0,41.7,13.6,0.03325,0.02525
2025-04-06T11:30:00,0.6412,0.5255,462.4,42.9,12.6,0.02663,0.01863
2025-04-06T11:45:00,0.5945,0.4172,414.3,55.5,15.3,0.04452,0.03652
2025-04-06T12:00:00,0.6981,0.3951,487.6,44.6,14.0,0.02334,0.01534
2025-04-06T12:15:00,0.6449,0.3746,476.2,47.1,13.2,0.01755,0.00955
2025-04-06T12:30:00,0.5963,0.4993,438.1,48.2,12.3,0.01627,0.00827
2025-04-06T12:45:00,0.6047,0.3875,430.2,48.9,13.2,0.02055,0.01255
2025-04-06T13:00:00,0.5875,0.3733,422.8,52.0,14.6,0.02039,0.01239
2025-04-06T13:15:00,0.4867,0.4186,385.2,58.8,14.5,0.02287,0.01487
2025-04-06T13:30:00,0.6288,0.4165,474.7,41.4,15.7,0.02,0.012
2025-04-06T13:45:00,0.6113,0.3797,456.0,42.2,15.3,0.01206,0.00406
2025-04-06T14:00:00,0.546,0.5237,410.2,47.2,16.9,0.02587,0.01787
2025-04-06T14:15:00,0.5469,0.5021,401.5,44.6,15.2,0.02334,0.01534
2025-04-06T14:30:00,0.484,0.4977,350.7,47.4,15.6,0.0264,0.0184
2025-04-06T14:45:00,0.4706,0.3229,359.1,54.0,14.4,0.02251,0.01451
2025-04-06T15:00:00,0.5273,0.3402,378.1,40.9,14.6,0.03155,0.02355
2025-04-06T15:15:00,0.4252,0.3563,312.7,48.5,15.2,0.03448,0.02648
2025-04-06T15:30:00,0.4414,0.4553,318.0,45.8,14.4,0.04272,0.03472
2025-04-06T15:45:00,0.3468,0.474,241.6,62.8,13.9,0.03856,0.03056
2025-04-06T16:00:00,0.3597,0.5572,268.4,42.7,14.8,0.0522,0.0442
2025-04-06T16:15:00,0.3395,0.5079,264.8,43.6,15.8,0.05755,0.04955
2025-04-06T16:30:00,0.3088,0.6872,230.4,42.0,15.0,0.05534,0.04734
2025-04-06T16:45:00,0.2192,0.5911,161.5,53.1,16.1,0.06393,0.05593
2025-04-06T17:00:00,0.2479,0.753,184.9,49.0,14.0,0.06854,0.06054
2025-04-06T17:15:00,0.1565,0.6863,115.9,56.6,15.3,0.08548,0.07748
2025-04-06T17:30:00,0.1173,0.7335,89.0,47.4,13.2,0.07149,0.06349
2025-04-06T17:45:00,0.124,0.9039,89.7,44.7,14.3,0.09135,0.08335
2025-04-06T18:00:00,0.0938,1.0081,66.1,49.3,14.9,0.09014,0.08214
2025-04-06T18:15:00,0.0568,1.0781,40.8,42.5,15.5,0.1039,0.0959
2025-04-06T18:30:00,0.0,1.1938,0.0,44.8,13.6,0.11737,0.10937
2025-04-06T18:45:00,0.0,1.2787,0.0,49.9,12.8,0.11343,0.10543
2025-04-06T19:00:00,0.0187,1.3085,13.6,58.2,11.6,0.12183,0.11383
2025-04-06T19:15:00,0.0,1.3105,0.0,38.3,12.9,0.11837,0.11037
2025-04-06T19:30:00,0.0,1.4143,0.0,43.9,12.8,0.13604,0.12804
2025-04-06T19:45:00,0.0,1.3041,0.0,46.9,11.9,0.12933,0.12133
2025-04-06T20:00:00,0.0064,1.2906,4.5,57.3,11.6,0.12861,0.12061
2025-04-06T20:15:00,0.0323,1.2338,23.2,49.1,10.1,0.11058,0.10258
2025-04-06T20:30:00,0.0,1.065,0.0,41.9,12.6,0.10761,0.09961
2025-04-06T20:45:00,0.0,1.0907,0.0,57.8,9.7,0.1156,0.1076
2025-04-06T21:00:00,0.0014,0.9412,1.0,51.9,10.7,0.10243,0.09443
2025-04-06T21:15:00,0.0,0.8873,0.0,45.6,10.4,0.0964,0.0884
2025-04-06T21:30:00,0.0,0.8076,0.0,56.1,7.6,0.09445,0.08645
2025-04-06T21:45:00,0.0,0.7595,0.0,45.9,9.6,0.07977,0.07177
2025-04-06T22:00:00,0.0156,0.7631,11.1,41.7,8.8,0.08733,0.07933
2025-04-06T22:15:00,0.0135,0.6805,9.9,49.4,8.3,0.0788,0.0708
2025-04-06T22:30:00,0.0181,0.5972,13.7,42.5,7.3,0.07822,0.07022
2025-04-06T22:45:00,0.0,0.6189,0.0,57.1,7.1,0.0686,0.0606
2025-04-06T23:00:00,0.0086,0.4339,6.3,51.0,7.9,0.07356,0.06556
2025-04-06T23:15:00,0.0,0.5461,0.0,39.8,7.9,0.06462,0.05662
2025-04-06T23:30:00,0.0,0.5771,0.0,50.8,8.0,0.07336,0.06536
2025-04-06T23:45:00,0.0196,0.4135,14.1,47.6,7.7,0.07354,0.06554
2025-04-07T00:00:00,0.0,0.3806,0.0,24.6,8.2,0.07047,0.06247
2025-04-07T00:15:00,0.0132,0.287,9.3,25.2,6.7,0.0681,0.0601
2025-04-07T00:30:00,0.0326,0.3161,23.9,25.3,7.0,0.0688,0.0608
2025-04-07T00:45:00,0.0,0.3418,0.0,23.4,7.8,0.04876,0.04076
2025-04-07T01:00:00,0.0331,0.3406,24.0,10.2,7.8,0.07001,0.06201
2025-04-07T01:15:00,0.0058,0.3269,4.2,21.2,7.7,0.06336,0.05536
2025-04-07T01:30:00,0.0144,0.2494,10.2,24.8,7.5,0.06557,0.05757
2025-04-07T01:45:00,0.0151,0.3064,11.2,23.6,7.7,0.0633,0.0553
2025-04-07T02:00:00,0.0,0.3827,0.0,26.0,6.9,0.05665,0.04865
2025-04-07T02:15:00,0.0,0.3402,0.0,34.8,6.2,0.06177,0.05377
2025-04-07T02:30:00,0.0183,0.3595,13.4,25.2,5.9,0.06896,0.06096
2025-04-07T02:45:00,0.0385,0.2232,29.4,22.5,6.8,0.07352,0.06552
2025-04-07T03:00:00,0.0158,0.2954,12.0,18.9,6.5,0.06129,0.05329
2025-04-07T03:15:00,0.0,0.4376,0.0,31.8,6.0,0.05963,0.05163
2025-04-07T03:30:00,0.0,0.437,0.0,28.5,5.5,0.07382,0.06582
2025-04-07T03:45:00,0.0011,0.3469,0.8,25.5,6.0,0.05991,0.05191
2025-04-07T04:00:00,0.0,0.2689,0.0,24.5,5.7,0.07782,0.06982
2025-04-07T04:15:00,0.0,0.3422,0.0,32.9,6.5,0.06598,0.05798
2025-04-07T04:30:00,0.0175,0.4345,13.1,22.3,6.9,0.06086,0.05286
2025-04-07T04:45:00,0.0239,0.3797,17.6,25.0,6.9,0.07283,0.06483
2025-04-07T05:00:00,0.0,0.4459,0.0,12.5,8.5,0.07821,0.07021
2025-04-07T05:15:00,0.0,0.3582,0.0,29.0,5.6,0.06107,0.05307
2025-04-07T05:30:00,0.0451,0.4906,32.6,18.4,8.4,0.08125,0.07325
2025-04-07T05:45:00,0.014,0.566,9.9,29.9,6.1,0.0731,0.0651
2025-04-07T06:00:00,0.073,0.5573,53.0,19.1,8.0,0.0873,0.0793
2025-04-07T06:15:00,0.1622,0.6153,118.8,16.2,8.1,0.08033,0.07233
2025-04-07T06:30:00,0.2116,0.8011,154.0,19.3,8.7,0.07786,0.06986
2025-04-07T06:45:00,0.2298,0.7775,167.7,23.4,8.4,0.09524,0.08724
2025-04-07T07:00:00,0.2696,0.8223,200.5,11.2,8.7,0.1025,0.0945
2025-04-07T07:15:00,0.3406,0.8511,265.7,23.4,9.3,0.1136,0.1056
2025-04-07T07:30:00,0.3766,0.8868,281.1,16.8,8.6,0.11435,0.10635
2025-04-07T07:45:00,0.42,0.795,304.8,22.4,9.6,0.10968,0.10168
2025-04-07T08:00:00,0.48,0.8065,346.6,24.2,10.4,0.10379,0.09579
2025-04-07T08:15:00,0.5478,0.8784,400.6,15.8,9.8,0.0999,0.0919
2025-04-07T08:30:00,0.5235,0.6938,387.1,24.9,11.8,0.09721,0.08921
2025-04-07T08:45:00,0.5637,0.7027,421.4,22.0,10.7,0.08832,0.08032
2025-04-07T09:00:00,0.579,0.599,430.0,27.7,10.9,0.08471,0.07671
2025-04-07T09:15:00,0.627,0.5096,479.9,27.6,12.7,0.06327,0.05527
2025-04-07T09:30:00,0.6412,0.5082,444.3,31.5,11.5,0.07134,0.06334
2025-04-07T09:45:00,0.6495,0.4626,482.2,23.6,13.6,0.06175,0.05375
2025-04-07T10:00:00,0.7876,0.435,576.7,14.2,11.9,0.0692,0.0612
2025-04-07T10:15:00,0.7649,0.33,555.0,23.4,13.3,0.05064,0.04264
2025-04-07T10:30:00,0.7624,0.3455,576.9,17.6,14.1,0.03601,0.02801
2025-04-07T10:45:00,0.7589,0.3782,576.7,22.3,14.2,0.03567,0.02767
2025-04-07T11:00:00,0.8857,0.2957,665.0,7.8,15.4,0.01891,0.01091
2025-04-07T11:15:00,0.7406,0.4521,544.8,33.2,13.0,0.01723,0.00923
2025-04-07T11:30:00,0.8245,0.2276,593.4,28.4,13.6,0.00483,-0.00317
2025-04-07T11:45:00,0.8271,0.2569,620.8,18.4,14.4,0.02046,0.01246
2025-04-07T12:00:00,0.8443,0.2561,631.5,10.7,14.3,0.01187,0.00387
2025-04-07T12:15:00,0.8296,0.3479,626.5,19.0,14.8,-0.00156,-0.00956
2025-04-07T12:30:00,0.8363,0.2817,611.1,23.7,17.5,0.00307,-0.00493
2025-04-07T12:45:00,0.7502,0.3674,548.9,27.8,16.0,0.00787,-0.00013
2025-04-07T13:00:00,0.8189,0.2912,588.2,22.7,16.4,0.00472,-0.00328
2025-04-07T13:15:00,0.7471,0.2816,530.0,27.2,14.7,0.00445,-0.00355
2025-04-07T13:30:00,0.777,0.2733,563.2,24.2,17.5,-0.00177,-0.00977
2025-04-07T13:45:00,0.7068,0.3274,523.6,26.2,15.5,0.00155,-0.00645
2025-04-07T14:00:00,0.7108,0.4036,531.1,18.5,15.2,0.00865,0.00065
2025-04-07T14:15:00,0.7241,0.2981,528.3,19.4,15.7,0.01694,0.00894
2025-04-07T14:30:00,0.6588,0.3357,487.1,22.7,16.0,0.01031,0.00231
2025-04-07T14:45:00,0.6667,0.2803,484.7,20.1,16.4,0.01287,0.00487
2025-04-07T15:00:00,0.7146,0.3,512.6,7.0,17.0,0.03114,0.02314
2025-04-07T15:15:00,0.5825,0.3635,436.7,19.0,15.9,0.02366,0.01566
2025-04-07T15:30:00,0.5235,0.3828,378.3,23.4,16.7,0.04091,0.03291
2025-04-07T15:45:00,0.4603,0.3058,337.4,24.7,15.5,0.04133,0.03333
2025-04-07T16:00:00,0.4282,0.3352,329.5,26.8,16.0,0.05079,0.04279
2025-04-07T16:15:00,0.438,0.4842,313.8,16.0,16.4,0.06183,0.05383
2025-04-07T16:30:00,0.3654,0.3554,269.3,24.4,15.2,0.06162,0.05362
2025-04-07T16:45:00,0.3159,0.5127,237.0,21.3,14.9,0.06855,0.06055
2025-04-07T17:00:00,0.2887,0.4927,208.4,16.1,14.7,0.06507,0.05707
2025-04-07T17:15:00,0.2536,0.6442,181.3,25.4,16.0,0.07336,0.06536
2025-04-07T17:30:00,0.1777,0.7866,134.8,18.0,15.6,0.08852,0.08052
2025-04-07T17:45:00,0.1399,0.7294,103.5,19.8,14.9,0.10104,0.09304
2025-04-07T18:00:00,0.1245,0.8964,95.4,13.1,14.0,0.10723,0.09923
2025-04-07T18:15:00,0.0685,0.8905,50.8,13.3,14.1,0.11945,0.11145
2025-04-07T18:30:00,0.0087,1.0665,6.4,28.8,14.3,0.11344,0.10544
2025-04-07T18:45:00,0.0,1.1439,0.0,20.3,13.2,0.11789,0.10989
2025-04-07T19:00:00,0.0,1.1801,0.0,23.2,12.8,0.12664,0.11864
2025-04-07T19:15:00,0.0,1.2492,0.0,15.9,13.7,0.12327,0.11527
2025-04-07T19:30:00,0.0184,1.2372,13.2,25.1,12.8,0.12382,0.11582
2025-04-07T19:45:00,0.0144,1.2343,10.5,30.9,13.7,0.11742,0.10942
2025-04-07T20:00:00,0.0116,1.1694,8.5,17.4,13.6,0.12769,0.11969
2025-04-07T20:15:00,0.0184,0.9585,13.5,12.2,13.0,0.11205,0.10405
2025-04-07T20:30:00,0.0034,0.9576,2.5,27.9,12.6,0.11724,0.10924
2025-04-07T20:45:00,0.0,0.9743,0.0,20.1,12.2,0.10058,0.09258
2025-04-07T21:00:00,0.0,0.8973,0.0,26.8,12.0,0.11016,0.10216
2025-04-07T21:15:00,0.0208,0.7894,15.0,29.4,10.1,0.09176,0.08376
2025-04-07T21:30:00,0.0101,0.7789,7.6,29.9,11.0,0.09749,0.08949
2025-04-07T21:45:00,0.0,0.6091,0.0,22.2,9.7,0.07776,0.06976
2025-04-07T22:00:00,0.0181,0.5252,13.1,19.0,9.5,0.08005,0.07205
2025-04-07T22:15:00,0.0065,0.4742,4.8,19.0,9.6,0.08576,0.07776
2025-04-07T22:30:00,0.0,0.5249,0.0,10.6,9.5,0.07051,0.06251
2025-04-07T22:45:00,0.0133,0.4677,9.7,31.9,7.9,0.07302,0.06502
2025-04-07T23:00:00,0.0,0.523,0.0,16.1,9.2,0.06761,0.05961
2025-04-07T23:15:00,0.0084,0.4323,6.3,18.0,7.6,0.05499,0.04699
2025-04-07T23:30:00,0.0232,0.4574,17.3,24.5,6.1,0.06948,0.06148
2025-04-07T23:45:00,0.0047,0.311,3.7,22.4,8.3,0.06936,0.06136
2025-04-08T00:00:00,0.0,0.4171,0.0,7.1,8.7,0.05835,0.05035
2025-04-08T00:15:00,0.0018,0.3144,1.3,7.1,9.4,0.06844,0.06044
2025-04-08T00:30:00,0.018,0.36,13.4,12.4,7.3,0.06023,0.05223
2025-04-08T00:45:00,0.02,0.3496,15.4,3.7,7.2,0.05898,0.05098
2025-04-08T01:00:00,0.0,0.3521,0.0,12.4,9.1,0.06504,0.05704
2025-04-08T01:15:00,0.0,0.3408,0.0,13.7,6.9,0.06091,0.05291
2025-04-08T01:30:00,0.0,0.3261,0.0,0.0,8.6,0.07875,0.07075
2025-04-08T01:45:00,0.0,0.2903,0.0,10.0,8.7,0.05567,0.04767
2025-04-08T02:00:00,0.0085,0.3443,6.0,9.7,6.8,0.06943,0.06143
2025-04-08T02:15:00,0.0523,0.4179,38.0,9.9,7.3,0.07094,0.06294
2025-04-08T02:30:00,0.0041,0.385,3.2,0.0,8.8,0.05313,0.04513
2025-04-08T02:45:00,0.0,0.3006,0.0,13.4,7.0,0.05462,0.04662
2025-04-08T03:00:00,0.0124,0.4477,9.3,0.0,6.6,0.0684,0.0604
2025-04-08T03:15:00,0.0,0.3354,0.0,3.4,6.6,0.06216,0.05416
2025-04-08T03:30:00,0.0296,0.2511,21.4,16.3,6.4,0.06741,0.05941
2025-04-08T03:45:00,0.033,0.2825,24.4,7.0,6.9,0.07204,0.06404
2025-04-08T04:00:00,0.0,0.2231,0.0,3.9,8.5,0.06315,0.05515
2025-04-08T04:15:00,0.0002,0.4006,0.1,7.4,6.9,0.0593,0.0513
2025-04-08T04:30:00,0.0184,0.3699,13.8,1.2,7.0,0.04979,0.04179
2025-04-08T04:45:00,0.0,0.3581,0.0,3.5,6.8,0.06816,0.06016
2025-04-08T05:00:00,0.0,0.4167,0.0,3.5,6.6,0.0625,0.0545
2025-04-08T05:15:00,0.0,0.4439,0.0,2.9,6.0,0.07158,0.06358
2025-04-08T05:30:00,0.0032,0.5813,2.3,9.8,6.9,0.07332,0.06532
2025-04-08T05:45:00,0.069,0.4782,53.0,4.8,8.3,0.06653,0.05853
2025-04-08T06:00:00,0.1164,0.5887,85.7,6.7,9.0,0.0888,0.0808
2025-04-08T06:15:00,0.1679,0.6435,123.2,0.0,9.3,0.08922,0.08122
2025-04-08T06:30:00,0.1977,0.8147,149.4,6.6,8.7,0.09256,0.08456
2025-04-08T06:45:00,0.2991,0.7294,211.0,2.4,8.1,0.08532,0.07732
2025-04-08T07:00:00,0.3183,0.8523,234.2,0.0,9.7,0.09478,0.08678
2025-04-08T07:15:00,0.3391,0.9057,263.4,20.7,10.2,0.09812,0.09012
2025-04-08T07:30:00,0.472,0.8403,341.1,6.4,10.4,0.10204,0.09404
2025-04-08T07:45:00,0.4802,0.8681,369.1,6.8,9.4,0.09944,0.09144
2025-04-08T08:00:00,0.5351,0.7983,391.8,0.0,12.0,0.10871,0.10071
2025-04-08T08:15:00,0.5637,0.8663,408.6,11.6,10.6,0.10553,0.09753
2025-04-08T08:30:00,0.6772,0.6781,464.8,5.4,10.7,0.10261,0.09461
2025-04-08T08:45:00,0.6103,0.7196,455.0,10.9,12.5,0.09208,0.08408
2025-04-08T09:00:00,0.6956,0.5624,509.9,4.4,11.9,0.09634,0.08834
2025-04-08T09:15:00,0.7546,0.4423,563.7,1.0,11.1,0.0824,0.0744
2025-04-08T09:30:00,0.7766,0.4683,581.7,3.5,13.1,0.05714,0.04914
2025-04-08T09:45:00,0.8601,0.3552,619.2,4.1,11.8,0.06201,0.05401
2025-04-08T10:00:00,0.8597,0.3234,611.1,5.1,13.3,0.05807,0.05007
2025-04-08T10:15:00,0.9176,0.4046,658.5,4.8,13.7,0.05723,0.04923
2025-04-08T10:30:00,0.8931,0.3815,711.0,0.9,14.2,0.04322,0.03522
2025-04-08T10:45:00,0.9467,0.4444,679.0,5.4,13.8,0.03771,0.02971
2025-04-08T11:00:00,0.9377,0.326,692.3,5.0,13.6,0.03002,0.02202
2025-04-08T11:15:00,0.9317,0.3028,709.7,3.7,16.3,0.03336,0.02536
2025-04-08T11:30:00,0.9139,0.2761,689.3,5.9,15.9,0.02261,0.01461
2025-04-08T11:45:00,0.9114,0.3795,716.6,0.0,14.9,0.01817,0.01017
2025-04-08T12:00:00,0.9475,0.2837,685.8,0.0,15.5,0.0144,0.0064
2025-04-08T12:15:00,0.9114,0.3045,673.0,11.6,16.5,0.01986,0.01186
2025-04-08T12:30:00,0.9845,0.3218,720.5,0.0,17.3,0.01163,0.00363
2025-04-08T12:45:00,0.9164,0.2032,690.1,1.3,16.6,0.00373,-0.00427
2025-04-08T13:00:00,0.9014,0.3028,681.7,6.4,16.3,0.01717,0.00917
2025-04-08T13:15:00,0.8773,0.3238,633.6,13.6,16.4,0.00956,0.00156
2025-04-08T13:30:00,0.9311,0.3431,668.8,4.1,16.2,0.01691,0.00891
2025-04-08T13:45:00,0.8414,0.2632,619.8,11.9,17.2,0.01864,0.01064
2025-04-08T14:00:00,0.8794,0.3364,649.1,0.0,17.4,0.02584,0.01784
2025-04-08T14:15:00,0.7554,0.1649,544.5,11.5,16.2,0.02763,0.01963
2025-04-08T14:30:00,0.8476,0.2891,590.3,5.9,16.5,0.0211,0.0131
2025-04-08T14:45:00,0.7172,0.3289,522.4,11.6,18.3,0.02712,0.01912
2025-04-08T15:00:00,0.6574,0.3741,484.0,8.3,16.7,0.02427,0.01627
2025-04-08T15:15:00,0.6733,0.4219,499.2,7.9,17.4,0.04623,0.03823
2025-04-08T15:30:00,0.6121,0.3773,443.0,4.7,17.0,0.04323,0.03523
2025-04-08T15:45:00,0.6017,0.3426,445.2,5.7,17.7,0.05359,0.04559
2025-04-08T16:00:00,0.5141,0.412,375.1,0.0,16.8,0.0482,0.0402
2025-04-08T16:15:00,0.4647,0.4986,335.7,8.0,16.3,0.043,0.035
2025-04-08T16:30:00,0.4161,0.4576,311.5,13.4,15.0,0.06998,0.06198
2025-04-08T16:45:00,0.3934,0.5361,278.8,8.4,16.2,0.06718,0.05918
2025-04-08T17:00:00,0.3548,0.6013,245.2,9.7,18.1,0.07362,0.06562
2025-04-08T17:15:00,0.255,0.5416,191.3,7.8,15.7,0.07967,0.07167
2025-04-08T17:30:00,0.2623,0.6613,187.9,10.6,16.3,0.08997,0.08197
2025-04-08T17:45:00,0.1631,0.7765,126.2,9.6,15.3,0.09617,0.08817
2025-04-08T18:00:00,0.0942,0.7936,67.6,6.9,16.1,0.09022,0.08222
2025-04-08T18:15:00,0.0614,0.9394,47.6,9.2,14.5,0.11275,0.10475
2025-04-08T18:30:00,0.0,1.1175,0.0,4.9,15.3,0.10891,0.10091
2025-04-08T18:45:00,0.0073,1.123,5.2,4.7,15.6,0.11426,0.10626
2025-04-08T19:00:00,0.0,1.1662,0.0,13.9,13.9,0.13125,0.12325
2025-04-08T19:15:00,0.0244,1.1873,18.2,0.0,13.8,0.12888,0.12088
2025-04-08T19:30:00,0.0,1.2433,0.0,14.4,14.4,0.12231,0.11431
2025-04-08T19:45:00,0.0,1.2029,0.0,3.3,13.8,0.11267,0.10467
2025-04-08T20:00:00,0.0,1.1114,0.0,7.0,13.8,0.12278,0.11478
2025-04-08T20:15:00,0.0173,1.1444,12.6,13.5,12.3,0.12176,0.11376
2025-04-08T20:30:00,0.0021,0.9682,1.6,0.0,10.7,0.11372,0.10572
2025-04-08T20:45:00,0.0124,0.9088,9.1,10.4,11.2,0.10164,0.09364
2025-04-08T21:00:00,0.0,0.9402,0.0,9.9,12.9,0.09885,0.09085
2025-04-08T21:15:00,0.0,0.7829,0.0,2.0,11.3,0.09041,0.08241
2025-04-08T21:30:00,0.0,0.7323,0.0,7.9,13.1,0.09373,0.08573
2025-04-08T21:45:00,0.0361,0.6116,25.7,4.3,10.9,0.09222,0.08422
2025-04-08T22:00:00,0.0,0.4736,0.0,4.6,10.2,0.08884,0.08084
2025-04-08T22:15:00,0.0239,0.4989,17.6,9.1,10.4,0.0743,0.0663
2025-04-08T22:30:00,0.0042,0.3502,3.1,1.2,9.7,0.07675,0.06875
2025-04-08T22:45:00,0.0025,0.5638,1.8,0.0,8.7,0.07595,0.06795
2025-04-08T23:00:00,0.001,0.3067,0.7,2.8,9.3,0.06742,0.05942
2025-04-08T23:15:00,0.0305,0.4018,22.7,4.9,10.0,0.06796,0.05996
2025-04-08T23:30:00,0.0041,0.3493,3.1,15.4,8.8,0.08038,0.07238
2025-04-08T23:45:00,0.0,0.2774,0.0,16.9,8.6,0.06799,0.05999
2025-04-09T00:00:00,0.0057,0.3875,4.3,13.9,8.8,0.0703,0.0623
2025-04-09T00:15:00,0.0156,0.3245,11.9,13.8,7.4,0.06239,0.05439
2025-04-09T00:30:00,0.0,0.2799,0.0,16.0,8.6,0.06525,0.05725
2025-04-09T00:45:00,0.0,0.1953,0.0,18.8,7.1,0.05471,0.04671
2025-04-09T01:00:00,0.0105,0.3239,8.0,12.9,6.3,0.06485,0.05685
2025-04-09T01:15:00,0.0186,0.4492,13.6,7.2,7.4,0.07215,0.06415
2025-04-09T01:30:00,0.0,0.4232,0.0,5.5,7.2,0.07759,0.06959
2025-04-09T01:45:00,0.0022,0.2502,1.6,2.8,7.5,0.07218,0.06418
2025-04-09T02:00:00,0.0,0.4114,0.0,23.8,7.1,0.06912,0.06112
2025-04-09T02:15:00,0.0,0.3545,0.0,6.0,7.1,0.06532,0.05732
2025-04-09T02:30:00,0.0344,0.3684,26.2,8.0,7.0,0.06141,0.05341
2025-04-09T02:45:00,0.0446,0.4112,33.4,8.6,6.4,0.06405,0.05605
2025-04-09T03:00:00,0.0,0.2707,0.0,10.7,6.3,0.0687,0.0607
2025-04-09T03:15:00,0.0224,0.3053,16.9,16.4,5.7,0.06034,0.05234
2025-04-09T03:30:00,0.0,0.4548,0.0,10.1,5.9,0.07071,0.06271
2025-04-09T03:45:00,0.0,0.3249,0.0,5.2,6.5,0.0593,0.0513
2025-04-09T04:00:00,0.0154,0.3307,11.3,14.7,7.1,0.05471,0.04671
2025-04-09T04:15:00,0.0,0.278,0.0,14.5,6.6,0.05961,0.05161
2025-04-09T04:30:00,0.0097,0.3595,7.6,15.1,7.1,0.05618,0.04818
2025-04-09T04:45:00,0.0,0.4321,0.0,16.0,6.3,0.0587,0.0507
2025-04-09T05:00:00,0.0,0.5157,0.0,14.6,6.1,0.07486,0.06686
2025-04-09T05:15:00,0.0063,0.479,4.8,17.7,8.0,0.0685,0.0605
2025-04-09T05:30:00,0.0407,0.4739,31.9,10.1,8.3,0.07324,0.06524
2025-04-09T05:45:00,0.0504,0.5143,35.9,18.5,7.6,0.08179,0.07379
2025-04-09T06:00:00,0.1082,0.646,79.7,20.2,8.0,0.08601,0.07801
2025-04-09T06:15:00,0.1698,0.6558,131.0,21.4,8.4,0.07969,0.07169
2025-04-09T06:30:00,0.1685,0.7095,124.4,23.8,8.3,0.09544,0.08744
2025-04-09T06:45:00,0.3163,0.6693,224.5,9.6,10.4,0.09474,0.08674
2025-04-09T07:00:00,0.3208,0.7906,242.2,10.0,10.2,0.09725,0.08925
2025-04-09T07:15:00,0.3668,0.8581,267.8,15.8,10.3,0.10406,0.09606
2025-04-09T07:30:00,0.3684,0.873,279.2,24.1,8.6,0.09598,0.08798
2025-04-09T07:45:00,0.4618,0.8648,341.6,12.2,10.0,0.10147,0.09347
2025-04-09T08:00:00,0.5352,0.9011,371.7,16.9,11.1,0.10546,0.09746
2025-04-09T08:15:00,0.5446,0.6539,400.1,15.6,10.0,0.10783,0.09983
2025-04-09T08:30:00,0.5751,0.7394,431.1,10.9,11.5,0.0982,0.0902
2025-04-09T08:45:00,0.6593,0.6396,467.5,12.2,11.9,0.09437,0.08637
2025-04-09T09:00:00,0.6634,0.4719,515.2,11.2,12.7,0.09443,0.08643
2025-04-09T09:15:00,0.764,0.535,560.8,7.5,12.1,0.08977,0.08177
2025-04-09T09:30:00,0.7761,0.4609,556.9,8.7,11.7,0.07821,0.07021
2025-04-09T09:45:00,0.7414,0.3163,572.7,14.8,11.6,0.07351,0.06551
2025-04-09T10:00:00,0.8053,0.389,581.0,15.3,13.5,0.05604,0.04804
2025-04-09T10:15:00,0.8572,0.3886,590.1,16.6,12.9,0.04966,0.04166
2025-04-09T10:30:00,0.8498,0.3256,596.4,18.0,14.2,0.047,0.039
2025-04-09T10:45:00,0.8162,0.369,618.1,14.7,13.9,0.03748,0.02948
2025-04-09T11:00:00,0.884,0.2928,638.4,16.4,12.7,0.03104,0.02304
2025-04-09T11:15:00,0.8927,0.3306,666.8,5.6,14.5,0.03937,0.03137
2025-04-09T11:30:00,0.9132,0.3199,680.5,9.1,14.8,0.02419,0.01619
2025-04-09T11:45:00,0.8717,0.3535,610.0,20.5,14.3,0.0161,0.0081
2025-04-09T12:00:00,0.9349,0.2496,683.3,8.2,15.7,0.0219,0.0139
2025-04-09T12:15:00,0.9014,0.4631,662.5,10.1,14.7,0.02766,0.01966
2025-04-09T12:30:00,0.876,0.2308,643.3,13.9,15.0,0.01544,0.00744
2025-04-09T12:45:00,0.8734,0.3977,663.8,11.3,17.6,0.02131,0.01331
2025-04-09T13:00:00,0.758,0.3255,580.0,22.1,15.4,0.01094,0.00294
2025-04-09T13:15:00,0.8924,0.3218,661.8,1.7,15.4,0.01095,0.00295
2025-04-09T13:30:00,0.8077,0.3851,589.1,18.0,15.1,0.01076,0.00276
2025-04-09T13:45:00,0.8347,0.2711,614.5,9.0,16.2,0.01567,0.00767
2025-04-09T14:00:00,0.7363,0.2333,516.5,21.2,16.0,0.02976,0.02176
2025-04-09T14:15:00,0.785,0.3868,565.1,14.2,15.0,0.01454,0.00654
2025-04-09T14:30:00,0.6979,0.4389,520.0,13.9,16.3,0.03448,0.02648
2025-04-09T14:45:00,0.77,0.4683,569.0,3.7,19.6,0.02217,0.01417
2025-04-09T15:00:00,0.6701,0.3683,465.1,18.6,15.3,0.03069,0.02269
2025-04-09T15:15:00,0.6622,0.1839,463.4,17.8,15.8,0.04126,0.03326
2025-04-09T15:30:00,0.5444,0.3751,391.2,18.2,15.6,0.04443,0.03643
2025-04-09T15:45:00,0.5035,0.4062,383.0,13.6,17.3,0.04697,0.03897
2025-04-09T16:00:00,0.4642,0.3966,349.2,21.0,16.7,0.04027,0.03227
2025-04-09T16:15:00,0.4333,0.4445,321.9,22.0,17.2,0.05751,0.04951
2025-04-09T16:30:00,0.3724,0.4936,270.2,21.1,17.8,0.05469,0.04669
2025-04-09T16:45:00,0.3541,0.5245,257.8,19.7,16.7,0.08207,0.07407
2025-04-09T17:00:00,0.3251,0.5354,234.5,14.8,15.3,0.07156,0.06356
2025-04-09T17:15:00,0.2523,0.5268,197.1,10.7,16.9,0.08049,0.07249
2025-04-09T17:30:00,0.2227,0.6505,163.1,15.8,15.6,0.07924,0.07124
2025-04-09T17:45:00,0.1138,0.8185,81.1,20.2,14.6,0.09011,0.08211
2025-04-09T18:00:00,0.1051,0.9385,76.0,18.5,15.7,0.09203,0.08403
2025-04-09T18:15:00,0.0763,1.047,56.0,22.1,13.7,0.11212,0.10412
2025-04-09T18:30:00,0.0,1.0699,0.0,11.8,15.3,0.11052,0.10252
2025-04-09T18:45:00,0.0,1.0586,0.0,19.0,14.8,0.12044,0.11244
2025-04-09T19:00:00,0.036,1.2118,27.3,11.9,14.5,0.11678,0.10878
2025-04-09T19:15:00,0.0108,1.1447,8.0,14.4,14.8,0.12036,0.11236
2025-04-09T19:30:00,0.0,1.2629,0.0,17.0,13.7,0.13207,0.12407
2025-04-09T19:45:00,0.0114,1.1559,8.4,16.0,13.1,0.11798,0.10998
2025-04-09T20:00:00,0.0,1.2237,0.0,9.8,13.6,0.11101,0.10301
2025-04-09T20:15:00,0.0,1.1644,0.0,10.5,12.7,0.12097,0.11297
2025-04-09T20:30:00,0.0116,1.0164,8.6,10.3,12.2,0.10735,0.09935
2025-04-09T20:45:00,0.0376,0.9942,26.7,10.8,12.6,0.10648,0.09848
2025-04-09T21:00:00,0.0225,0.912,17.1,7.8,11.8,0.10906,0.10106
2025-04-09T21:15:00,0.0124,0.7709,9.2,8.5,10.6,0.09303,0.08503
2025-04-09T21:30:00,0.0105,0.7127,8.0,12.7,11.8,0.09771,0.08971
2025-04-09T21:45:00,0.0,0.6241,0.0,10.1,10.9,0.08322,0.07522
2025-04-09T22:00:00,0.0,0.4575,0.0,20.0,10.9,0.09163,0.08363
2025-04-09T22:15:00,0.0259,0.4796,19.5,14.8,9.3,0.08664,0.07864
2025-04-09T22:30:00,0.0,0.6058,0.0,19.7,9.9,0.07251,0.06451
2025-04-09T22:45:00,0.0,0.4553,0.0,10.9,9.7,0.07134,0.06334
2025-04-09T23:00:00,0.0172,0.2931,12.3,15.4,8.8,0.06549,0.05749
2025-04-09T23:15:00,0.0143,0.4045,10.2,6.5,9.1,0.07005,0.06205
2025-04-09T23:30:00,0.0306,0.4035,20.4,19.1,8.4,0.07453,0.06653
2025-04-09T23:45:00,0.0,0.3763,0.0,12.2,7.1,0.05808,0.05008
2025-04-10T00:00:00,0.0148,0.3845,10.5,23.1,8.8,0.0705,0.0625
2025-04-10T00:15:00,0.0351,0.412,26.5,23.0,7.4,0.05706,0.04906
2025-04-10T00:30:00,0.0,0.4683,0.0,23.0,7.3,0.05984,0.05184
2025-04-10T00:45:00,0.0,0.4332,0.0,21.6,7.2,0.05427,0.04627
2025-04-10T01:00:00,0.0024,0.3626,1.7,24.8,6.4,0.07763,0.06963
2025-04-10T01:15:00,0.0,0.2436,0.0,26.1,7.3,0.06535,0.05735
2025-04-10T01:30:00,0.0,0.2483,0.0,23.6,6.2,0.06647,0.05847
2025-04-10T01:45:00,0.0,0.3957,0.0,28.6,6.1,0.06094,0.05294
2025-04-10T02:00:00,0.0024,0.3644,1.8,20.7,7.3,0.0714,0.0634
2025-04-10T02:15:00,0.0326,0.3477,24.3,21.5,6.3,0.05238,0.04438
2025-04-10T02:30:00,0.0,0.4323,0.0,20.5,6.9,0.06517,0.05717
2025-04-10T02:45:00,0.0438,0.2822,33.7,31.5,6.0,0.07825,0.07025
2025-04-10T03:00:00,0.0133,0.2765,9.3,22.2,6.5,0.06273,0.05473
2025-04-10T03:15:00,0.0,0.3023,0.0,28.1,7.0,0.06516,0.05716
2025-04-10T03:30:00,0.0103,0.3572,7.8,10.7,7.6,0.06914,0.06114
2025-04-10T03:45:00,0.0,0.2871,0.0,37.4,6.6,0.06034,0.05234
2025-04-10T04:00:00,0.0,0.3571,0.0,26.9,6.8,0.06552,0.05752
2025-04-10T04:15:00,0.0,0.3446,0.0,18.3,5.9,0.07145,0.06345
2025-04-10T04:30:00,0.0,0.3658,0.0,21.9,5.4,0.06734,0.05934
2025-04-10T04:45:00,0.0,0.3695,0.0,24.8,7.6,0.06915,0.06115
2025-04-10T05:00:00,0.0,0.3196,0.0,24.5,6.0,0.06597,0.05797
2025-04-10T05:15:00,0.0,0.4782,0.0,17.9,7.3,0.07159,0.06359
2025-04-10T05:30:00,0.0674,0.5407,50.2,21.0,6.1,0.07225,0.06425
2025-04-10T05:45:00,0.0826,0.4233,58.1,19.7,8.7,0.08355,0.07555
2025-04-10T06:00:00,0.0824,0.5603,63.0,30.9,8.3,0.08278,0.07478
2025-04-10T06:15:00,0.1874,0.6833,132.0,6.4,9.6,0.08123,0.07323
2025-04-10T06:30:00,0.1676,0.7444,125.7,27.2,7.7,0.07275,0.06475
2025-04-10T06:45:00,0.2685,0.6997,196.1,10.6,8.2,0.09667,0.08867
2025-04-10T07:00:00,0.2962,0.842,205.2,24.7,9.5,0.10168,0.09368
2025-04-10T07:15:00,0.3279,0.8273,249.0,22.4,10.8,0.0958,0.0878
2025-04-10T07:30:00,0.3247,0.9622,247.9,29.9,10.5,0.0924,0.0844
2025-04-10T07:45:00,0.4241,0.9169,322.6,27.5,10.1,0.09916,0.09116
2025-04-10T08:00:00,0.4751,0.9325,373.9,12.6,8.8,0.11143,0.10343
2025-04-10T08:15:00,0.5247,0.7377,393.4,14.9,11.9,0.09748,0.08948
2025-04-10T08:30:00,0.593,0.7581,406.1,23.3,11.5,0.09729,0.08929
2025-04-10T08:45:00,0.6227,0.6094,467.2,17.8,11.6,0.09597,0.08797
2025-04-10T09:00:00,0.6341,0.6232,470.4,17.5,11.6,0.09536,0.08736
2025-04-10T09:15:00,0.6754,0.5137,484.6,26.6,11.5,0.08045,0.07245
2025-04-10T09:30:00,0.7386,0.3976,533.3,21.8,14.8,0.07211,0.06411
2025-04-10T09:45:00,0.6042,0.3843,474.1,33.6,11.8,0.06154,0.05354
2025-04-10T10:00:00,0.7237,0.3814,524.3,27.1,12.1,0.067,0.059
2025-04-10T10:15:00,0.7908,0.4172,552.7,31.0,12.2,0.05644,0.04844
2025-04-10T10:30:00,0.8351,0.2699,586.3,18.4,12.7,0.04286,0.03486
2025-04-10T10:45:00,0.6919,0.4856,535.8,27.8,14.1,0.02904,0.02104
2025-04-10T11:00:00,0.8102,0.3599,590.5,25.4,12.8,0.02725,0.01925
2025-04-10T11:15:00,0.8456,0.3361,599.2,23.9,15.0,0.03064,0.02264
2025-04-10T11:30:00,0.8163,0.3418,584.8,25.3,15.4,0.01857,0.01057
2025-04-10T11:45:00,0.7793,0.3021,583.8,31.2,14.0,0.02456,0.01656
2025-04-10T12:00:00,0.7963,0.3178,579.4,26.2,14.8,0.01829,0.01029
2025-04-10T12:15:00,0.7757,0.3955,563.2,27.5,17.3,0.01542,0.00742
2025-04-10T12:30:00,0.7441,0.2373,554.5,30.3,14.8,0.01579,0.00779
2025-04-10T12:45:00,0.8206,0.3437,600.2,22.6,14.8,0.01377,0.00577
2025-04-10T13:00:00,0.7839,0.3786,573.5,22.3,15.4,0.00528,-0.00272
2025-04-10T13:15:00,0.7004,0.3982,525.3,33.6,15.3,0.0088,0.0008
2025-04-10T13:30:00,0.7096,0.2216,526.6,32.3,16.3,0.02585,0.01785
2025-04-10T13:45:00,0.7859,0.3403,588.8,19.7,16.2,0.0063,-0.0017
2025-04-10T14:00:00,0.7455,0.2077,523.5,28.2,17.6,0.01304,0.00504
2025-04-10T14:15:00,0.6768,0.2904,493.1,29.0,15.4,0.02518,0.01718
2025-04-10T14:30:00,0.699,0.3238,498.9,21.3,17.8,0.02119,0.01319
2025-04-10T14:45:00,0.6285,0.325,456.7,20.4,17.0,0.02104,0.01304
2025-04-10T15:00:00,0.5919,0.3083,422.1,27.9,16.9,0.02207,0.01407
2025-04-10T15:15:00,0.6233,0.3691,464.7,15.2,16.7,0.03759,0.02959
2025-04-10T15:30:00,0.5531,0.3975,403.3,24.9,15.9,0.04511,0.03711
2025-04-10T15:45:00,0.462,0.3705,352.0,27.9,16.4,0.05223,0.04423
2025-04-10T16:00:00,0.4207,0.3309,306.3,31.5,16.1,0.04924,0.04124
2025-04-10T16:15:00,0.4218,0.3839,307.5,32.6,15.4,0.06055,0.05255
2025-04-10T16:30:00,0.3901,0.4636,302.3,19.4,15.8,0.05373,0.04573
2025-04-10T16:45:00,0.2972,0.5245,231.0,23.5,16.5,0.06693,0.05893
2025-04-10T17:00:00,0.3164,0.549,240.4,13.5,16.8,0.06817,0.06017
2025-04-10T17:15:00,0.2336,0.5392,169.1,19.1,14.9,0.07991,0.07191
2025-04-10T17:30:00,0.2578,0.6625,194.1,11.6,14.5,0.09023,0.08223
2025-04-10T17:45:00,0.1751,0.7878,130.5,15.4,15.7,0.0991,0.0911
2025-04-10T18:00:00,0.1249,0.7843,98.0,29.2,15.2,0.09359,0.08559
2025-04-10T18:15:00,0.06,0.9414,40.2,22.7,14.7,0.11366,0.10566
2025-04-10T18:30:00,0.0304,1.0143,22.5,28.7,14.9,0.10911,0.10111
2025-04-10T18:45:00,0.0,1.1686,0.0,13.0,14.2,0.11081,0.10281
2025-04-10T19:00:00,0.0,1.2379,0.0,19.8,14.7,0.11979,0.11179
2025-04-10T19:15:00,0.0381,1.1543,27.1,29.4,13.1,0.11453,0.10653
2025-04-10T19:30:00,0.0018,1.3112,1.3,22.5,13.5,0.12433,0.11633
2025-04-10T19:45:00,0.0163,1.3136,11.9,18.0,11.8,0.12552,0.11752
2025-04-10T20:00:00,0.0,1.1487,0.0,20.2,13.5,0.12059,0.11259
2025-04-10T20:15:00,0.0,1.1108,0.0,14.7,12.9,0.12173,0.11373
2025-04-10T20:30:00,0.0051,1.0153,3.7,16.8,12.2,0.1123,0.1043
2025-04-10T20:45:00,0.0,0.9251,0.0,34.8,10.8,0.10913,0.10113
2025-04-10T21:00:00,0.0023,0.7866,1.7,26.5,11.8,0.09495,0.08695
2025-04-10T21:15:00,0.0193,0.625,14.2,21.3,11.6,0.0982,0.0902
2025-04-10T21:30:00,0.0,0.7116,0.0,31.0,10.8,0.08733,0.07933
2025-04-10T21:45:00,0.0082,0.7256,6.0,21.7,9.9,0.0846,0.0766
2025-04-10T22:00:00,0.0,0.4863,0.0,27.9,10.8,0.08213,0.07413
2025-04-10T22:15:00,0.0,0.5378,0.0,26.4,10.1,0.07984,0.07184
2025-04-10T22:30:00,0.0114,0.4208,8.4,11.4,8.8,0.06546,0.05746
2025-04-10T22:45:00,0.0,0.435,0.0,22.7,8.1,0.06324,0.05524
2025-04-10T23:00:00,0.0097,0.3836,7.5,11.9,9.1,0.06867,0.06067
2025-04-10T23:15:00,0.0,0.4014,0.0,29.6,10.7,0.07169,0.06369
2025-04-10T23:30:00,0.0365,0.3961,26.5,24.1,8.8,0.0698,0.0618
2025-04-10T23:45:00,0.0118,0.3957,8.2,23.6,7.6,0.07212,0.06412
2025-04-11T00:00:00,0.0333,0.3873,25.0,1.6,8.9,0.07281,0.06481
2025-04-11T00:15:00,0.0106,0.4203,7.8,0.0,8.2,0.06798,0.05998
2025-04-11T00:30:00,0.0235,0.2736,17.3,6.0,9.4,0.06488,0.05688
2025-04-11T00:45:00,0.0234,0.3069,17.9,16.5,8.3,0.05881,0.05081
2025-04-11T01:00:00,0.0065,0.4093,4.8,8.9,7.9,0.05932,0.05132
2025-04-11T01:15:00,0.0,0.2845,0.0,19.3,8.7,0.0622,0.0542
2025-04-11T01:30:00,0.0251,0.4102,18.7,4.9,5.5,0.06661,0.05861
2025-04-11T01:45:00,0.0,0.3479,0.0,6.6,8.9,0.06632,0.05832
2025-04-11T02:00:00,0.0,0.415,0.0,14.7,7.2,0.06503,0.05703
2025-04-11T02:15:00,0.0071,0.3586,5.3,11.3,7.4,0.06409,0.05609
2025-04-11T02:30:00,0.0,0.3362,0.0,11.7,8.5,0.06879,0.06079
2025-04-11T02:45:00,0.0,0.3511,0.0,8.5,6.6,0.06626,0.05826
2025-04-11T03:00:00,0.0475,0.246,35.2,5.4,7.4,0.06681,0.05881
2025-04-11T03:15:00,0.0301,0.3726,21.7,0.0,8.0,0.0669,0.0589
2025-04-11T03:30:00,0.0242,0.3537,17.1,5.9,7.2,0.06183,0.05383
2025-04-11T03:45:00,0.023,0.4085,16.5,5.3,7.9,0.05902,0.05102
2025-04-11T04:00:00,0.0,0.3797,0.0,11.9,8.7,0.06833,0.06033
2025-04-11T04:15:00,0.0,0.2982,0.0,0.0,8.4,0.06818,0.06018
2025-04-11T04:30:00,0.0063,0.3678,4.7,4.3,7.9,0.06485,0.05685
2025-04-11T04:45:00,0.0,0.412,0.0,5.2,8.3,0.06443,0.05643
2025-04-11T05:00:00,0.0,0.4056,0.0,14.0,9.3,0.08173,0.07373
2025-04-11T05:15:00,0.0,0.4935,0.0,15.6,8.6,0.06513,0.05713
2025-04-11T05:30:00,0.0299,0.4857,22.3,0.0,7.9,0.07061,0.06261
2025-04-11T05:45:00,0.05,0.5417,36.4,3.0,8.7,0.07641,0.06841
2025-04-11T06:00:00,0.1229,0.5091,93.9,0.0,7.6,0.0715,0.0635
2025-04-11T06:15:00,0.2286,0.7057,170.4,6.4,8.9,0.08338,0.07538
2025-04-11T06:30:00,0.2162,0.8005,165.8,5.3,9.1,0.0982,0.0902
2025-04-11T06:45:00,0.293,0.756,206.2,1.1,9.2,0.09796,0.08996
2025-04-11T07:00:00,0.3854,0.7856,270.5,3.1,9.8,0.10091,0.09291
2025-04-11T07:15:00,0.4314,0.8557,313.0,7.8,10.9,0.10482,0.09682
2025-04-11T07:30:00,0.4156,0.9979,314.7,3.6,10.5,0.10501,0.09701
2025-04-11T07:45:00,0.5211,0.983,384.4,6.6,10.9,0.11169,0.10369
2025-04-11T08:00:00,0.4984,0.8485,348.0,22.8,11.0,0.10484,0.09684
2025-04-11T08:15:00,0.6173,0.7275,443.6,0.6,11.5,0.10121,0.09321
2025-04-11T08:30:00,0.6733,0.6877,477.9,7.3,9.2,0.10051,0.09251
2025-04-11T08:45:00,0.7273,0.5749,498.7,12.8,12.9,0.09989,0.09189
2025-04-11T09:00:00,0.7332,0.5253,508.8,11.1,12.7,0.08976,0.08176
2025-04-11T09:15:00,0.7182,0.5509,510.6,13.8,13.0,0.08432,0.07632
2025-04-11T09:30:00,0.783,0.4777,568.4,9.0,14.4,0.06023,0.05223
2025-04-11T09:45:00,0.8266,0.3938,612.8,1.8,13.5,0.07159,0.06359
2025-04-11T10:00:00,0.9102,0.4173,667.4,2.2,12.5,0.07078,0.06278
2025-04-11T10:15:00,0.9516,0.3917,682.4,0.0,14.9,0.0575,0.0495
2025-04-11T10:30:00,1.0062,0.4582,714.4,0.0,13.0,0.04089,0.03289
2025-04-11T10:45:00,0.8705,0.2945,631.8,12.1,14.0,0.03161,0.02361
2025-04-11T11:00:00,0.8609,0.4352,630.4,16.7,14.0,0.03286,0.02486
2025-04-11T11:15:00,0.9989,0.3973,719.2,7.3,15.2,0.02035,0.01235
2025-04-11T11:30:00,1.0585,0.288,734.0,1.2,14.7,0.02629,0.01829
2025-04-11T11:45:00,1.0042,0.3575,723.6,1.7,16.4,0.01502,0.00702
2025-04-11T12:00:00,0.9566,0.2912,734.1,2.9,17.0,0.02079,0.01279
2025-04-11T12:15:00,0.8624,0.3947,631.4,15.3,15.8,0.02069,0.01269
2025-04-11T12:30:00,1.0271,0.3455,747.1,0.0,16.8,-0.0015,-0.0095
2025-04-11T12:45:00,0.9744,0.2977,691.4,5.7,15.8,0.01133,0.00333
2025-04-11T13:00:00,0.9734,0.3904,735.7,0.0,16.8,0.005,-0.003
2025-04-11T13:15:00,0.9136,0.3349,682.2,6.0,17.5,0.00109,-0.00691
2025-04-11T13:30:00,0.7957,0.2699,602.9,17.1,17.1,0.00693,-0.00107
2025-04-11T13:45:00,0.9566,0.3176,671.4,0.0,16.8,0.01108,0.00308
2025-04-11T14:00:00,0.9126,0.3814,665.0,2.0,17.5,0.021,0.013
2025-04-11T14:15:00,0.8474,0.3374,607.4,6.2,17.1,0.00862,0.00062
2025-04-11T14:30:00,0.8137,0.2916,581.3,4.5,17.0,0.02749,0.01949
2025-04-11T14:45:00,0.7713,0.3174,568.1,3.2,16.0,0.03714,0.02914
2025-04-11T15:00:00,0.6829,0.3712,530.2,6.2,17.7,0.03279,0.02479
2025-04-11T15:15:00,0.7347,0.4198,512.0,0.0,18.3,0.03693,0.02893
2025-04-11T15:30:00,0.6392,0.3149,495.5,1.5,17.0,0.03827,0.03027
2025-04-11T15:45:00,0.6011,0.3954,438.2,0.0,17.1,0.03623,0.02823
2025-04-11T16:00:00,0.5491,0.4222,396.9,2.9,18.5,0.05165,0.04365
2025-04-11T16:15:00,0.4839,0.4667,357.5,5.9,18.3,0.05617,0.04817
2025-04-11T16:30:00,0.4273,0.535,310.6,10.7,16.0,0.06398,0.05598
2025-04-11T16:45:00,0.4259,0.4313,310.8,4.6,15.8,0.08105,0.07305
2025-04-11T17:00:00,0.3293,0.5445,239.7,12.6,17.1,0.07637,0.06837
2025-04-11T17:15:00,0.3165,0.629,229.2,4.9,17.1,0.08123,0.07323
2025-04-11T17:30:00,0.2062,0.7269,159.7,13.4,17.6,0.09495,0.08695
2025-04-11T17:45:00,0.1976,0.8356,152.5,0.0,16.9,0.08449,0.07649
2025-04-11T18:00:00,0.1615,0.9232,114.7,5.9,14.7,0.09259,0.08459
2025-04-11T18:15:00,0.1008,0.9113,76.8,5.5,15.7,0.10373,0.09573
2025-04-11T18:30:00,0.0351,0.9766,25.6,0.0,15.8,0.10797,0.09997
2025-04-11T18:45:00,0.0293,1.1206,20.5,0.0,15.0,0.12109,0.11309
2025-04-11T19:00:00,0.0035,1.2122,2.5,0.0,14.6,0.11888,0.11088
2025-04-11T19:15:00,0.0058,1.1281,4.4,4.7,14.4,0.13372,0.12572
2025-04-11T19:30:00,0.0073,1.2059,5.3,9.3,15.2,0.13341,0.12541
2025-04-11T19:45:00,0.0026,1.2306,1.9,0.0,14.5,0.12839,0.12039
2025-04-11T20:00:00,0.0,1.188,0.0,7.5,12.8,0.11947,0.11147
2025-04-11T20:15:00,0.0131,1.1829,9.5,7.8,13.3,0.12221,0.11421
2025-04-11T20:30:00,0.0255,0.9933,19.1,6.9,12.8,0.11905,0.11105
2025-04-11T20:45:00,0.0318,0.9863,23.1,1.3,13.4,0.10271,0.09471
2025-04-11T21:00:00,0.0,0.8637,0.0,4.9,13.7,0.10568,0.09768
2025-04-11T21:15:00,0.0,0.9056,0.0,4.2,13.2,0.10218,0.09418
2025-04-11T21:30:00,0.0,0.6021,0.0,0.0,12.5,0.09374,0.08574
2025-04-11T21:45:00,0.0,0.6945,0.0,4.2,11.9,0.09673,0.08873
2025-04-11T22:00:00,0.0,0.4642,0.0,0.0,11.9,0.08997,0.08197
2025-04-11T22:15:00,0.0289,0.5325,21.5,0.0,10.9,0.07374,0.06574
2025-04-11T22:30:00,0.0,0.4677,0.0,5.4,11.0,0.07609,0.06809
2025-04-11T22:45:00,0.0058,0.3471,4.4,3.1,11.3,0.06761,0.05961
2025-04-11T23:00:00,0.0,0.3471,0.0,13.3,10.7,0.07396,0.06596
2025-04-11T23:15:00,0.0075,0.3912,5.5,3.0,9.8,0.06364,0.05564
2025-04-11T23:30:00,0.0,0.4174,0.0,7.5,9.8,0.07318,0.06518
2025-04-11T23:45:00,0.0,0.3773,0.0,11.9,8.9,0.06909,0.06109
2025-04-12T00:00:00,0.0235,0.3876,16.9,10.2,9.1,0.07083,0.06283
2025-04-12T00:15:00,0.011,0.4344,8.2,7.0,8.5,0.06413,0.05613
2025-04-12T00:30:00,0.0,0.5591,0.0,7.4,8.2,0.05626,0.04826
2025-04-12T00:45:00,0.0,0.4484,0.0,0.0,8.9,0.0756,0.0676
2025-04-12T01:00:00,0.0103,0.335,7.6,9.8,8.1,0.06396,0.05596
2025-04-12T01:15:00,0.0128,0.4158,9.3,3.6,7.8,0.07326,0.06526
2025-04-12T01:30:00,0.0317,0.3819,23.0,5.3,6.8,0.06758,0.05958
2025-04-12T01:45:00,0.0,0.3884,0.0,1.8,6.4,0.06904,0.06104
2025-04-12T02:00:00,0.0219,0.5293,16.5,0.0,8.3,0.07598,0.06798
2025-04-12T02:15:00,0.0284,0.4295,20.1,4.5,6.9,0.06704,0.05904
2025-04-12T02:30:00,0.0,0.4323,0.0,16.6,6.7,0.07341,0.06541
2025-04-12T02:45:00,0.0113,0.4696,8.5,11.7,7.5,0.05611,0.04811
2025-04-12T03:00:00,0.0,0.4469,0.0,4.6,5.9,0.07025,0.06225
2025-04-12T03:15:00,0.0199,0.4316,14.9,5.3,6.9,0.0636,0.0556
2025-04-12T03:30:00,0.0,0.3715,0.0,5.8,6.4,0.0643,0.0563
2025-04-12T03:45:00,0.0151,0.4163,10.9,4.9,8.2,0.06526,0.05726
2025-04-12T04:00:00,0.0,0.5027,0.0,12.3,7.3,0.06747,0.05947
2025-04-12T04:15:00,0.0,0.5049,0.0,9.9,7.4,0.07563,0.06763
2025-04-12T04:30:00,0.0004,0.4503,0.3,5.2,8.6,0.05506,0.04706
2025-04-12T04:45:00,0.0,0.4329,0.0,7.7,6.1,0.06721,0.05921
2025-04-12T05:00:00,0.0211,0.4673,15.2,9.9,8.4,0.06379,0.05579
2025-04-12T05:15:00,0.0094,0.5784,7.0,7.3,9.2,0.07672,0.06872
2025-04-12T05:30:00,0.0362,0.5672,26.5,2.2,7.9,0.06943,0.06143
2025-04-12T05:45:00,0.0767,0.6406,55.1,3.9,8.2,0.07764,0.06964
2025-04-12T06:00:00,0.1435,0.758,109.4,0.0,10.0,0.07616,0.06816
2025-04-12T06:15:00,0.2349,0.6983,171.2,0.0,9.4,0.08685,0.07885
2025-04-12T06:30:00,0.2583,0.7925,196.7,1.1,9.4,0.09373,0.08573
2025-04-12T06:45:00,0.3371,0.857,247.6,4.6,9.9,0.09029,0.08229
2025-04-12T07:00:00,0.3573,1.044,256.4,7.3,9.8,0.09785,0.08985
2025-04-12T07:15:00,0.4305,0.9696,313.3,0.0,9.9,0.09334,0.08534
2025-04-12T07:30:00,0.4349,0.9811,319.3,11.8,10.9,0.10696,0.09896
2025-04-12T07:45:00,0.5046,0.8987,369.7,12.7,10.1,0.11212,0.10412
2025-04-12T08:00:00,0.4665,0.9978,352.6,14.9,12.0,0.10381,0.09581
2025-04-12T08:15:00,0.6349,0.9115,450.6,0.0,11.7,0.11222,0.10422
2025-04-12T08:30:00,0.6107,0.8468,463.5,0.8,10.9,0.08969,0.08169
2025-04-12T08:45:00,0.6158,0.7543,478.7,6.5,12.6,0.08615,0.07815
2025-04-12T09:00:00,0.7135,0.5898,530.6,11.8,12.4,0.08291,0.07491
2025-04-12T09:15:00,0.7457,0.6514,561.9,4.7,15.0,0.08159,0.07359
2025-04-12T09:30:00,0.7846,0.6476,568.5,12.1,13.2,0.07758,0.06958
2025-04-12T09:45:00,0.7491,0.5098,556.1,11.5,13.9,0.07002,0.06202
2025-04-12T10:00:00,0.816,0.5066,619.1,1.6,14.8,0.06346,0.05546
2025-04-12T10:15:00,0.9017,0.5206,684.8,0.5,13.7,0.0621,0.0541
2025-04-12T10:30:00,0.9298,0.4208,708.1,2.7,14.8,0.04944,0.04144
2025-04-12T10:45:00,0.8426,0.4578,650.4,7.3,15.4,0.03982,0.03182
2025-04-12T11:00:00,0.9844,0.5314,725.3,1.2,14.4,0.03568,0.02768
2025-04-12T11:15:00,1.0023,0.3721,702.9,7.2,14.1,0.05211,0.04411
2025-04-12T11:30:00,0.9126,0.5487,689.6,6.9,16.5,0.02214,0.01414
2025-04-12T11:45:00,0.9343,0.4904,705.7,7.2,18.1,0.03249,0.02449
2025-04-12T12:00:00,0.9239,0.3468,685.1,10.0,16.6,0.04006,0.03206
2025-04-12T12:15:00,0.9824,0.3576,727.7,6.7,15.4,0.03246,0.02446
2025-04-12T12:30:00,0.8696,0.464,641.1,16.7,15.7,0.02331,0.01531
2025-04-12T12:45:00,1.026,0.4402,726.0,0.7,18.4,0.02753,0.01953
2025-04-12T13:00:00,0.9156,0.3909,675.7,6.2,16.7,0.03244,0.02444
2025-04-12T13:15:00,0.9405,0.5161,692.2,6.5,16.7,0.03474,0.02674
2025-04-12T13:30:00,0.9639,0.4968,709.3,6.2,17.0,0.02284,0.01484
2025-04-12T13:45:00,0.8329,0.4879,634.0,5.8,18.0,0.034,0.026
2025-04-12T14:00:00,0.8927,0.3312,677.3,2.3,18.4,0.0326,0.0246
2025-04-12T14:15:00,0.7416,0.414,584.8,9.9,17.0,0.03975,0.03175
2025-04-12T14:30:00,0.8038,0.5651,603.6,2.8,17.3,0.04384,0.03584
2025-04-12T14:45:00,0.7728,0.3509,582.0,1.9,17.6,0.03613,0.02813
2025-04-12T15:00:00,0.7616,0.4567,562.0,2.8,18.4,0.03245,0.02445
2025-04-12T15:15:00,0.777,0.4813,554.7,1.8,17.9,0.04674,0.03874
2025-04-12T15:30:00,0.6103,0.511,479.6,12.4,16.1,0.05848,0.05048
2025-04-12T15:45:00,0.6245,0.4443,449.5,8.1,18.3,0.05566,0.04766
2025-04-12T16:00:00,0.5892,0.397,412.2,9.8,16.0,0.05695,0.04895
2025-04-12T16:15:00,0.5435,0.4958,400.5,0.0,15.9,0.07434,0.06634
2025-04-12T16:30:00,0.4722,0.6188,346.4,1.8,17.6,0.05844,0.05044
2025-04-12T16:45:00,0.4198,0.6555,294.1,10.5,16.1,0.07528,0.06728
2025-04-12T17:00:00,0.391,0.627,281.4,0.0,17.5,0.07204,0.06404
2025-04-12T17:15:00,0.3085,0.762,224.0,7.3,16.7,0.08177,0.07377
2025-04-12T17:30:00,0.2563,0.8557,193.3,0.0,17.3,0.08834,0.08034
2025-04-12T17:45:00,0.2122,0.8463,158.7,0.0,17.0,0.1034,0.0954
2025-04-12T18:00:00,0.1309,0.9396,94.1,19.0,15.3,0.09519,0.08719
2025-04-12T18:15:00,0.0741,1.069,52.9,0.0,14.7,0.10382,0.09582
2025-04-12T18:30:00,0.052,1.1704,38.1,0.0,15.8,0.10314,0.09514
2025-04-12T18:45:00,0.0,1.3508,0.0,6.9,13.6,0.12044,0.11244
2025-04-12T19:00:00,0.0346,1.312,24.3,0.0,16.1,0.11847,0.11047
2025-04-12T19:15:00,0.0023,1.3153,1.8,0.0,15.1,0.12614,0.11814
2025-04-12T19:30:00,0.0,1.4199,0.0,0.0,15.4,0.11808,0.11008
2025-04-12T19:45:00,0.0184,1.298,13.7,9.4,14.2,0.12177,0.11377
2025-04-12T20:00:00,0.0108,1.2367,7.8,5.9,13.7,0.12813,0.12013
2025-04-12T20:15:00,0.0055,1.2395,3.8,15.2,13.5,0.11755,0.10955
2025-04-12T20:30:00,0.0,1.1004,0.0,4.7,13.2,0.118,0.11
2025-04-12T20:45:00,0.0,0.9383,0.0,3.2,13.6,0.11231,0.10431
2025-04-12T21:00:00,0.0067,1.0152,4.8,17.1,12.0,0.10149,0.09349
2025-04-12T21:15:00,0.0,0.8371,0.0,1.0,12.9,0.0886,0.0806
2025-04-12T21:30:00,0.0,0.7616,0.0,8.6,11.8,0.09836,0.09036
2025-04-12T21:45:00,0.0304,0.7476,21.6,0.2,11.9,0.08833,0.08033
2025-04-12T22:00:00,0.0368,0.7538,25.9,7.9,9.4,0.08859,0.08059
2025-04-12T22:15:00,0.0066,0.6255,4.6,7.7,10.6,0.06662,0.05862
2025-04-12T22:30:00,0.027,0.5562,19.2,5.4,10.1,0.06541,0.05741
2025-04-12T22:45:00,0.0357,0.4509,26.4,1.5,11.3,0.05977,0.05177
2025-04-12T23:00:00,0.0174,0.4833,12.8,8.2,10.0,0.06522,0.05722
2025-04-12T23:15:00,0.0,0.4958,0.0,3.6,10.1,0.0751,0.0671
2025-04-12T23:30:00,0.0,0.5395,0.0,2.6,9.5,0.07103,0.06303
2025-04-12T23:45:00,0.0,0.5306,0.0,7.1,9.7,0.06656,0.05856
2025-04-13T00:00:00,0.0205,0.5118,15.3,24.2,8.5,0.06579,0.05779
2025-04-13T00:15:00,0.0134,0.438,9.6,21.4,9.0,0.06956,0.06156
2025-04-13T00:30:00,0.0,0.4043,0.0,19.8,9.2,0.06319,0.05519
2025-04-13T00:45:00,0.0086,0.4044,6.6,19.3,7.6,0.06738,0.05938
2025-04-13T01:00:00,0.0291,0.4778,21.6,23.7,8.9,0.06584,0.05784
2025-04-13T01:15:00,0.0,0.3937,0.0,14.7,5.2,0.05188,0.04388
2025-04-13T01:30:00,0.0336,0.4472,24.1,25.9,7.4,0.06269,0.05469
2025-04-13T01:45:00,0.0178,0.5051,13.2,20.7,6.6,0.07315,0.06515
2025-04-13T02:00:00,0.0266,0.4807,20.9,26.3,8.0,0.06263,0.05463
2025-04-13T02:15:00,0.0,0.4664,0.0,26.6,6.7,0.06414,0.05614
2025-04-13T02:30:00,0.0389,0.395,28.4,17.0,8.2,0.06136,0.05336
2025-04-13T02:45:00,0.0,0.4861,0.0,22.1,7.2,0.0621,0.0541
2025-04-13T03:00:00,0.0122,0.4866,8.6,18.5,7.5,0.07177,0.06377
2025-04-13T03:15:00,0.0024,0.51,1.7,25.0,4.9,0.06345,0.05545
2025-04-13T03:30:00,0.0,0.4526,0.0,21.3,5.8,0.05898,0.05098
2025-04-13T03:45:00,0.0,0.4456,0.0,35.6,6.4,0.04654,0.03854
2025-04-13T04:00:00,0.0,0.3975,0.0,20.6,8.5,0.06195,0.05395
2025-04-13T04:15:00,0.0104,0.3917,7.9,11.5,7.2,0.05388,0.04588
2025-04-13T04:30:00,0.0173,0.4932,13.2,29.8,7.1,0.05523,0.04723
2025-04-13T04:45:00,0.0166,0.4962,12.3,13.5,8.6,0.07171,0.06371
2025-04-13T05:00:00,0.0,0.5077,0.0,26.2,8.0,0.07233,0.06433
2025-04-13T05:15:00,0.0059,0.5018,4.3,17.7,8.3,0.05821,0.05021
2025-04-13T05:30:00,0.018,0.6854,13.5,20.9,7.9,0.07705,0.06905
2025-04-13T05:45:00,0.0635,0.5667,47.4,17.1,9.2,0.07762,0.06962
2025-04-13T06:00:00,0.1241,0.7439,89.9,21.4,8.1,0.07379,0.06579
2025-04-13T06:15:00,0.1654,0.7531,123.6,24.8,8.0,0.08718,0.07918
2025-04-13T06:30:00,0.2354,0.8533,165.6,23.8,8.2,0.07778,0.06978
2025-04-13T06:45:00,0.3126,0.9116,230.6,15.9,9.2,0.0853,0.0773
2025-04-13T07:00:00,0.3083,0.915,227.6,29.3,9.1,0.08872,0.08072
2025-04-13T07:15:00,0.4083,1.0415,294.4,20.8,9.3,0.09492,0.08692
2025-04-13T07:30:00,0.3952,1.007,293.4,19.9,10.0,0.11005,0.10205
2025-04-13T07:45:00,0.4894,0.9997,349.1,16.7,9.6,0.09851,0.09051
2025-04-13T08:00:00,0.4976,0.9543,356.5,25.3,10.7,0.09962,0.09162
2025-04-13T08:15:00,0.58,0.8487,422.4,18.6,12.7,0.099,0.091
2025-04-13T08:30:00,0.5391,0.9891,410.6,21.4,11.9,0.1023,0.0943
2025-04-13T08:45:00,0.6144,0.7439,453.0,21.0,12.2,0.09396,0.08596
2025-04-13T09:00:00,0.697,0.6686,515.9,14.2,11.5,0.09485,0.08685
2025-04-13T09:15:00,0.7164,0.772,522.0,14.8,13.7,0.07833,0.07033
2025-04-13T09:30:00,0.7414,0.5198,541.1,18.5,12.0,0.06743,0.05943
2025-04-13T09:45:00,0.7085,0.5775,524.0,25.9,13.7,0.06474,0.05674
2025-04-13T10:00:00,0.7467,0.649,550.2,23.2,11.7,0.06087,0.05287
2025-04-13T10:15:00,0.7781,0.5075,573.9,24.0,13.7,0.04843,0.04043
2025-04-13T10:30:00,0.7809,0.4894,588.7,23.2,14.5,0.04965,0.04165
2025-04-13T10:45:00,0.8456,0.4761,625.7,16.9,14.7,0.05345,0.04545
2025-04-13T11:00:00,0.7815,0.3604,586.0,23.7,12.8,0.03423,0.02623
2025-04-13T11:15:00,0.8387,0.4885,616.4,24.1,16.0,0.03373,0.02573
2025-04-13T11:30:00,0.7781,0.5099,595.1,24.7,15.3,0.03786,0.02986
2025-04-13T11:45:00,0.8888,0.4486,619.1,21.5,14.2,0.02268,0.01468
2025-04-13T12:00:00,0.9511,0.387,676.8,11.4,15.6,0.01883,0.01083
2025-04-13T12:15:00,0.8569,0.4718,623.6,22.5,15.9,0.01525,0.00725
2025-04-13T12:30:00,0.7472,0.5168,557.8,33.4,16.6,0.02268,0.01468
2025-04-13T12:45:00,0.872,0.4516,631.1,17.5,15.9,0.02244,0.01444
2025-04-13T13:00:00,0.9307,0.3882,691.1,11.5,16.9,0.01814,0.01014
2025-04-13T13:15:00,0.8433,0.45,601.0,26.4,16.6,0.01957,0.01157
2025-04-13T13:30:00,0.6831,0.3874,500.4,31.8,17.2,0.02785,0.01985
2025-04-13T13:45:00,0.7535,0.3311,554.5,23.9,17.5,0.02686,0.01886
2025-04-13T14:00:00,0.6957,0.4738,544.3,22.3,15.2,0.01523,0.00723
2025-04-13T14:15:00,0.5941,0.3896,447.5,32.7,16.5,0.02602,0.01802
2025-04-13T14:30:00,0.6619,0.3331,482.7,31.6,16.0,0.02956,0.02156
2025-04-13T14:45:00,0.6466,0.4572,493.0,20.5,17.2,0.03645,0.02845
2025-04-13T15:00:00,0.6139,0.4423,454.1,21.7,15.8,0.03429,0.02629
2025-04-13T15:15:00,0.5582,0.4611,399.9,28.9,15.8,0.03552,0.02752
2025-04-13T15:30:00,0.5036,0.5095,354.6,35.9,15.3,0.04066,0.03266
2025-04-13T15:45:00,0.5662,0.45,422.8,16.3,16.5,0.037,0.029
2025-04-13T16:00:00,0.4075,0.5072,329.9,21.2,16.3,0.05205,0.04405
2025-04-13T16:15:00,0.4507,0.5431,331.1,22.2,17.8,0.05346,0.04546
2025-04-13T16:30:00,0.3435,0.607,248.2,25.0,15.1,0.06502,0.05702
2025-04-13T16:45:00,0.3565,0.5483,275.2,16.6,16.7,0.06162,0.05362
2025-04-13T17:00:00,0.2831,0.6211,200.6,25.7,14.3,0.07111,0.06311
2025-04-13T17:15:00,0.239,0.7933,176.3,26.6,14.0,0.07416,0.06616
2025-04-13T17:30:00,0.2384,0.9182,167.3,16.2,15.2,0.08022,0.07222
2025-04-13T17:45:00,0.2094,0.9099,154.3,14.8,15.1,0.09753,0.08953
2025-04-13T18:00:00,0.1336,0.9975,97.7,23.7,15.1,0.0972,0.0892
2025-04-13T18:15:00,0.0438,0.9673,33.3,36.0,16.7,0.10902,0.10102
2025-04-13T18:30:00,0.0335,1.233,24.1,16.1,15.5,0.10541,0.09741
2025-04-13T18:45:00,0.0138,1.2533,10.1,28.5,14.2,0.11762,0.10962
2025-04-13T19:00:00,0.023,1.248,17.2,19.8,15.7,0.11067,0.10267
2025-04-13T19:15:00,0.0249,1.3627,18.0,18.7,14.7,0.12037,0.11237
2025-04-13T19:30:00,0.0,1.3175,0.0,23.4,12.8,0.12117,0.11317
2025-04-13T19:45:00,0.0,1.3195,0.0,24.5,13.0,0.12712,0.11912
2025-04-13T20:00:00,0.0,1.2934,0.0,24.5,14.4,0.12269,0.11469
2025-04-13T20:15:00,0.0,1.276,0.0,31.9,12.4,0.11727,0.10927
2025-04-13T20:30:00,0.0,1.2829,0.0,21.2,12.2,0.119,0.111
2025-04-13T20:45:00,0.0356,1.0911,24.8,24.8,12.2,0.11003,0.10203
2025-04-13T21:00:00,0.0025,0.9455,1.9,22.6,11.4,0.10658,0.09858
2025-04-13T21:15:00,0.0,0.9274,0.0,25.7,10.7,0.10229,0.09429
2025-04-13T21:30:00,0.0,0.7829,0.0,25.9,10.7,0.09179,0.08379
2025-04-13T21:45:00,0.0,0.6861,0.0,19.6,9.8,0.08529,0.07729
2025-04-13T22:00:00,0.0,0.6113,0.0,16.3,11.4,0.08439,0.07639
2025-04-13T22:15:00,0.0,0.589,0.0,21.3,9.7,0.07593,0.06793
2025-04-13T22:30:00,0.0,0.4441,0.0,22.1,10.5,0.0774,0.0694
2025-04-13T22:45:00,0.0,0.5492,0.0,27.8,8.7,0.079,0.071
2025-04-13T23:00:00,0.0,0.469,0.0,30.0,10.2,0.07534,0.06734
2025-04-13T23:15:00,0.0,0.5548,0.0,20.4,9.1,0.06629,0.05829
2025-04-13T23:30:00,0.0,0.4032,0.0,17.9,9.5,0.05966,0.05166
2025-04-13T23:45:00,0.0,0.4546,0.0,20.5,8.7,0.06616,0.05816
2025-04-14T00:00:00,0.0,0.263,0.0,47.5,7.9,0.06397,0.05597
2025-04-14T00:15:00,0.0058,0.3296,4.3,48.7,7.8,0.07135,0.06335
2025-04-14T00:30:00,0.0229,0.3149,17.0,45.3,7.5,0.06243,0.05443
2025-04-14T00:45:00,0.0,0.3917,0.0,50.2,5.7,0.06347,0.05547
2025-04-14T01:00:00,0.0008,0.3564,0.6,42.6,7.2,0.06913,0.06113
2025-04-14T01:15:00,0.03,0.3689,21.9,45.0,5.6,0.06186,0.05386
2025-04-14T01:30:00,0.0,0.2958,0.0,34.7,6.4,0.06377,0.05577
2025-04-14T01:45:00,0.0133,0.3246,9.8,45.4,8.5,0.07499,0.06699
2025-04-14T02:00:00,0.0,0.2933,0.0,37.4,6.6,0.07364,0.06564
2025-04-14T02:15:00,0.0,0.2938,0.0,36.5,7.6,0.06849,0.06049
2025-04-14T02:30:00,0.0,0.2827,0.0,44.9,7.1,0.06633,0.05833
2025-04-14T02:45:00,0.0024,0.3071,1.8,35.1,6.5,0.05893,0.05093
2025-04-14T03:00:00,0.0,0.3286,0.0,46.8,5.7,0.06809,0.06009
2025-04-14T03:15:00,0.0157,0.2437,10.8,44.6,5.6,0.06512,0.05712
2025-04-14T03:30:00,0.0,0.3586,0.0,48.8,6.4,0.06615,0.05815
2025-04-14T03:45:00,0.0,0.3252,0.0,49.8,5.8,0.06182,0.05382
2025-04-14T04:00:00,0.0057,0.3373,4.3,45.2,7.2,0.06502,0.05702
2025-04-14T04:15:00,0.0,0.4457,0.0,46.3,6.2,0.06429,0.05629
2025-04-14T04:30:00,0.0149,0.5546,11.5,46.8,6.7,0.06777,0.05977
2025-04-14T04:45:00,0.0,0.264,0.0,42.0,6.2,0.07518,0.06718
2025-04-14T05:00:00,0.0,0.3638,0.0,40.1,6.6,0.06993,0.06193
2025-04-14T05:15:00,0.0,0.4165,0.0,49.7,6.9,0.05945,0.05145
2025-04-14T05:30:00,0.0533,0.4174,38.3,38.3,7.7,0.06578,0.05778
2025-04-14T05:45:00,0.0738,0.5479,55.7,52.6,6.3,0.06499,0.05699
2025-04-14T06:00:00,0.0945,0.5843,70.2,45.4,7.2,0.0733,0.0653
2025-04-14T06:15:00,0.1527,0.6711,109.8,39.2,8.1,0.08562,0.07762
2025-04-14T06:30:00,0.2283,0.7526,168.6,46.4,7.9,0.08936,0.08136
2025-04-14T06:45:00,0.2061,0.8334,159.2,45.7,8.1,0.08824,0.08024
2025-04-14T07:00:00,0.2656,0.863,192.7,43.5,8.6,0.0981,0.0901
2025-04-14T07:15:00,0.2757,0.8878,210.3,49.5,8.1,0.096,0.088
2025-04-14T07:30:00,0.3374,0.8561,244.5,45.2,9.0,0.09494,0.08694
2025-04-14T07:45:00,0.3635,0.8868,267.8,43.9,10.1,0.09644,0.08844
2025-04-14T08:00:00,0.3607,0.8862,278.2,46.2,9.8,0.09932,0.09132
2025-04-14T08:15:00,0.3814,0.7666,273.5,52.4,10.4,0.11064,0.10264
2025-04-14T08:30:00,0.5381,0.7205,394.0,43.8,11.0,0.08989,0.08189
2025-04-14T08:45:00,0.4968,0.662,353.4,45.5,9.6,0.0995,0.0915
2025-04-14T09:00:00,0.5696,0.5943,417.8,42.3,11.5,0.09282,0.08482
2025-04-14T09:15:00,0.5355,0.4305,402.3,43.6,11.6,0.0757,0.0677
2025-04-14T09:30:00,0.5625,0.4619,439.5,39.8,12.4,0.06793,0.05993
2025-04-14T09:45:00,0.6325,0.4369,466.2,36.7,10.4,0.05588,0.04788
2025-04-14T10:00:00,0.6605,0.2968,503.5,35.5,13.8,0.0509,0.0429
2025-04-14T10:15:00,0.511,0.3641,382.0,55.9,12.3,0.04688,0.03888
2025-04-14T10:30:00,0.6241,0.3557,492.6,43.3,13.4,0.03539,0.02739
2025-04-14T10:45:00,0.6184,0.232,482.9,45.7,13.0,0.03427,0.02627
2025-04-14T11:00:00,0.6106,0.4416,449.2,50.8,14.3,0.02896,0.02096
2025-04-14T11:15:00,0.6687,0.3471,488.4,46.3,13.0,0.01808,0.01008
2025-04-14T11:30:00,0.7535,0.3919,522.6,36.4,14.9,0.01276,0.00476
2025-04-14T11:45:00,0.8288,0.3036,587.2,32.9,14.7,0.00588,-0.00212
2025-04-14T12:00:00,0.72,0.3314,547.5,37.6,14.0,0.00448,-0.00352
2025-04-14T12:15:00,0.6877,0.2584,493.0,45.5,15.8,-0.00735,-0.01535
2025-04-14T12:30:00,0.6472,0.3012,479.9,50.4,14.5,-0.0005,-0.0085
2025-04-14T12:45:00,0.5779,0.3058,450.2,52.4,15.1,-0.00307,-0.01107
2025-04-14T13:00:00,0.6556,0.3516,474.7,47.8,14.3,-0.00994,-0.01794
2025-04-14T13:15:00,0.5754,0.4045,434.2,48.9,15.8,0.00856,0.00056
2025-04-14T13:30:00,0.6173,0.2135,470.3,44.8,14.9,-0.00881,-0.01681
2025-04-14T13:45:00,0.5584,0.2992,424.2,50.9,16.3,-0.006,-0.014
2025-04-14T14:00:00,0.6147,0.3839,453.6,41.1,16.2,0.00384,-0.00416
2025-04-14T14:15:00,0.5116,0.3044,381.0,51.1,15.4,-0.00578,-0.01378
2025-04-14T14:30:00,0.5662,0.2378,422.0,42.4,15.9,0.00531,-0.00269
2025-04-14T14:45:00,0.5124,0.4047,377.6,51.4,15.9,0.00563,-0.00237
2025-04-14T15:00:00,0.5126,0.4241,370.3,50.0,15.5,0.01407,0.00607
2025-04-14T15:15:00,0.5095,0.3766,382.8,41.1,17.9,0.02445,0.01645
2025-04-14T15:30:00,0.5042,0.353,377.5,31.7,17.2,0.03279,0.02479
2025-04-14T15:45:00,0.4651,0.3572,341.3,40.6,16.4,0.04332,0.03532
2025-04-14T16:00:00,0.4202,0.3554,306.2,38.1,16.5,0.04756,0.03956
2025-04-14T16:15:00,0.3998,0.4443,288.9,40.1,16.3,0.05606,0.04806
2025-04-14T16:30:00,0.355,0.4967,250.4,43.5,15.6,0.05894,0.05094
2025-04-14T16:45:00,0.2474,0.4088,197.1,46.5,16.6,0.05931,0.05131
2025-04-14T17:00:00,0.2919,0.611,208.0,43.7,17.2,0.07575,0.06775
2025-04-14T17:15:00,0.1987,0.5874,144.7,54.3,15.1,0.07332,0.06532
2025-04-14T17:30:00,0.1952,0.7067,139.2,45.0,14.5,0.07989,0.07189
2025-04-14T17:45:00,0.164,0.7651,124.2,34.9,15.3,0.10007,0.09207
2025-04-14T18:00:00,0.1332,0.8918,97.6,54.0,13.3,0.10281,0.09481
2025-04-14T18:15:00,0.0942,0.9607,66.4,39.9,15.5,0.10618,0.09818
2025-04-14T18:30:00,0.0363,1.1374,25.5,46.0,12.7,0.11548,0.10748
2025-04-14T18:45:00,0.0,1.0881,0.0,58.3,13.8,0.12141,0.11341
2025-04-14T19:00:00,0.0,1.1955,0.0,47.2,14.2,0.11196,0.10396
2025-04-14T19:15:00,0.0,1.2729,0.0,53.6,13.1,0.12215,0.11415
2025-04-14T19:30:00,0.0192,1.2995,14.1,49.0,13.6,0.11672,0.10872
2025-04-14T19:45:00,0.0,1.1176,0.0,40.2,12.5,0.12405,0.11605
2025-04-14T20:00:00,0.0,1.2676,0.0,29.8,12.9,0.11735,0.10935
2025-04-14T20:15:00,0.0,1.1869,0.0,41.4,12.9,0.12626,0.11826
2025-04-14T20:30:00,0.016,1.0984,11.9,47.2,11.6,0.11692,0.10892
2025-04-14T20:45:00,0.0,0.93,0.0,42.9,11.7,0.10388,0.09588
2025-04-14T21:00:00,0.0,0.7629,0.0,34.9,12.0,0.10313,0.09513
2025-04-14T21:15:00,0.0,0.7949,0.0,50.1,9.7,0.09034,0.08234
2025-04-14T21:30:00,0.0,0.7243,0.0,48.5,10.3,0.09234,0.08434
2025-04-14T21:45:00,0.036,0.52,26.1,39.7,11.5,0.09024,0.08224
2025-04-14T22:00:00,0.0,0.542,0.0,40.4,10.0,0.08393,0.07593
2025-04-14T22:15:00,0.0256,0.4866,18.0,48.8,9.3,0.06679,0.05879
2025-04-14T22:30:00,0.0058,0.4506,4.3,38.1,9.7,0.07299,0.06499
2025-04-14T22:45:00,0.0,0.4986,0.0,36.1,9.1,0.07533,0.06733
2025-04-14T23:00:00,0.0043,0.2892,3.2,39.6,9.7,0.07198,0.06398
2025-04-14T23:15:00,0.0,0.3633,0.0,51.0,7.7,0.07546,0.06746
2025-04-14T23:30:00,0.0,0.3221,0.0,49.2,7.7,0.05959,0.05159
2025-04-14T23:45:00,0.0,0.4044,0.0,57.8,6.8,0.06956,0.06156
2025-04-15T00:00:00,0.0,0.4239,0.0,25.6,9.8,0.06076,0.05276
2025-04-15T00:15:00,0.0,0.4338,0.0,29.6,8.2,0.06583,0.05783
2025-04-15T00:30:00,0.0074,0.32,5.4,28.7,9.9,0.06709,0.05909
2025-04-15T00:45:00,0.0,0.4773,0.0,26.5,7.8,0.06878,0.06078
2025-04-15T01:00:00,0.0114,0.3573,8.7,18.4,7.9,0.0612,0.0532
2025-04-15T01:15:00,0.0,0.4829,0.0,19.2,7.9,0.06577,0.05777
2025-04-15T01:30:00,0.0216,0.2737,15.6,25.3,7.0,0.05765,0.04965
2025-04-15T01:45:00,0.0148,0.2847,11.5,21.9,7.3,0.0562,0.0482
2025-04-15T02:00:00,0.0,0.3361,0.0,31.2,5.9,0.06799,0.05999
2025-04-15T02:15:00,0.0,0.3149,0.0,24.6,7.1,0.06433,0.05633
2025-04-15T02:30:00,0.0301,0.2234,22.0,38.3,6.7,0.05495,0.04695
2025-04-15T02:45:00,0.0374,0.3477,27.2,29.9,6.9,0.05957,0.05157
2025-04-15T03:00:00,0.0,0.2097,0.0,36.2,6.5,0.06479,0.05679
2025-04-15T03:15:00,0.0,0.2989,0.0,28.8,7.2,0.07404,0.06604
2025-04-15T03:30:00,0.0,0.3627,0.0,25.7,7.4,0.07103,0.06303
2025-04-15T03:45:00,0.0,0.2676,0.0,42.5,6.5,0.06965,0.06165
2025-04-15T04:00:00,0.0,0.3422,0.0,34.2,7.5,0.05433,0.04633
2025-04-15T04:15:00,0.0097,0.3279,7.0,33.5,6.7,0.06476,0.05676
2025-04-15T04:30:00,0.0,0.3293,0.0,29.2,6.5,0.06869,0.06069
2025-04-15T04:45:00,0.0,0.4196,0.0,31.5,6.6,0.06895,0.06095
2025-04-15T05:00:00,0.021,0.3395,15.8,22.5,7.4,0.07023,0.06223
2025-04-15T05:15:00,0.017,0.495,12.6,25.4,7.6,0.06797,0.05997
2025-04-15T05:30:00,0.0405,0.3906,29.6,32.3,8.1,0.08215,0.07415
2025-04-15T05:45:00,0.0453,0.5519,33.0,31.5,9.2,0.08339,0.07539
2025-04-15T06:00:00,0.0987,0.5599,70.4,36.2,8.8,0.07761,0.06961
2025-04-15T06:15:00,0.177,0.6561,131.9,29.1,9.6,0.07659,0.06859
2025-04-15T06:30:00,0.2273,0.658,165.6,36.1,10.1,0.09957,0.09157
2025-04-15T06:45:00,0.2258,0.763,171.9,36.7,7.8,0.08895,0.08095
2025-04-15T07:00:00,0.2455,0.8171,188.5,35.2,8.9,0.1043,0.0963
2025-04-15T07:15:00,0.355,0.8622,249.0,28.4,10.7,0.11285,0.10485
2025-04-15T07:30:00,0.3731,0.8706,275.7,32.3,10.5,0.09897,0.09097
2025-04-15T07:45:00,0.4687,0.9665,337.4,28.1,11.9,0.10817,0.10017
2025-04-15T08:00:00,0.4653,0.841,341.5,29.7,11.5,0.10444,0.09644
2025-04-15T08:15:00,0.5097,0.7033,390.8,19.2,10.5,0.1079,0.0999
2025-04-15T08:30:00,0.6004,0.7799,430.0,21.2,11.8,0.10327,0.09527
2025-04-15T08:45:00,0.5845,0.6934,419.6,30.3,12.2,0.10803,0.10003
2025-04-15T09:00:00,0.6059,0.4808,434.1,36.6,11.5,0.09376,0.08576
2025-04-15T09:15:00,0.6915,0.6124,485.2,30.5,12.5,0.08328,0.07528
2025-04-15T09:30:00,0.5986,0.4631,442.7,38.0,12.2,0.08288,0.07488
2025-04-15T09:45:00,0.7116,0.4311,521.2,26.8,13.3,0.06734,0.05934
2025-04-15T10:00:00,0.7484,0.3651,561.5,27.9,12.1,0.05994,0.05194
2025-04-15T10:15:00,0.6644,0.3446,494.4,35.4,13.5,0.06924,0.06124
2025-04-15T10:30:00,0.7622,0.3413,573.4,26.0,14.0,0.04516,0.03716
2025-04-15T10:45:00,0.7527,0.3552,567.6,25.8,13.7,0.04205,0.03405
2025-04-15T11:00:00,0.7765,0.4042,580.4,30.5,15.6,0.04074,0.03274
2025-04-15T11:15:00,0.8712,0.3691,638.3,20.6,14.7,0.0302,0.0222
2025-04-15T11:30:00,0.7778,0.3481,586.1,30.5,15.5,0.02047,0.01247
2025-04-15T11:45:00,0.763,0.3106,571.6,32.7,16.2,0.03655,0.02855
2025-04-15T12:00:00,0.7658,0.2526,577.0,32.0,16.2,0.0231,0.0151
2025-04-15T12:15:00,0.7921,0.2768,608.8,23.9,17.0,0.02266,0.01466
2025-04-15T12:30:00,0.7468,0.3677,563.0,29.3,16.5,0.0223,0.0143
2025-04-15T12:45:00,0.7122,0.3429,527.3,37.3,14.7,0.0178,0.0098
2025-04-15T13:00:00,0.7922,0.274,576.3,30.1,15.7,0.01696,0.00896
2025-04-15T13:15:00,0.8352,0.3099,596.1,25.2,16.9,0.02463,0.01663
2025-04-15T13:30:00,0.8094,0.4078,581.3,21.3,16.6,0.03886,0.03086
2025-04-15T13:45:00,0.7539,0.3497,557.5,26.8,17.1,0.03021,0.02221
2025-04-15T14:00:00,0.6342,0.3404,472.5,40.9,16.9,0.03206,0.02406
2025-04-15T14:15:00,0.7243,0.3939,537.3,21.5,17.9,0.02076,0.01276
2025-04-15T14:30:00,0.7363,0.3224,543.1,22.1,17.5,0.03223,0.02423
2025-04-15T14:45:00,0.6025,0.2483,459.7,31.1,15.9,0.02819,0.02019
2025-04-15T15:00:00,0.6381,0.314,461.8,24.2,16.7,0.04312,0.03512
2025-04-15T15:15:00,0.5118,0.3134,376.6,37.3,16.1,0.04057,0.03257
2025-04-15T15:30:00,0.5871,0.3774,435.0,20.4,17.2,0.04587,0.03787
2025-04-15T15:45:00,0.4936,0.3382,373.7,36.5,16.9,0.04906,0.04106
2025-04-15T16:00:00,0.5092,0.355,360.8,25.5,17.1,0.05034,0.04234
2025-04-15T16:15:00,0.4258,0.3958,298.9,30.0,16.8,0.04928,0.04128
2025-04-15T16:30:00,0.3969,0.3938,301.8,23.4,16.5,0.06682,0.05882
2025-04-15T16:45:00,0.4278,0.4184,298.8,15.6,18.5,0.06039,0.05239
2025-04-15T17:00:00,0.295,0.4449,219.0,28.2,16.9,0.06736,0.05936
2025-04-15T17:15:00,0.2866,0.6391,206.2,22.9,16.5,0.07879,0.07079
2025-04-15T17:30:00,0.212,0.6898,164.4,27.1,15.3,0.08278,0.07478
2025-04-15T17:45:00,0.1937,0.759,142.0,27.0,15.1,0.09519,0.08719
2025-04-15T18:00:00,0.1256,0.8883,89.6,27.1,15.9,0.10625,0.09825
2025-04-15T18:15:00,0.0728,0.9736,53.7,28.2,15.5,0.10796,0.09996
2025-04-15T18:30:00,0.0128,0.904,9.2,18.9,15.5,0.11337,0.10537
2025-04-15T18:45:00,0.0,1.0927,0.0,40.9,14.4,0.11719,0.10919
2025-04-15T19:00:00,0.002,1.0505,1.4,22.4,14.8,0.12593,0.11793
2025-04-15T19:15:00,0.0,1.3018,0.0,33.6,15.4,0.11211,0.10411
2025-04-15T19:30:00,0.0281,1.1562,21.2,24.9,13.1,0.12632,0.11832
2025-04-15T19:45:00,0.0256,1.2819,18.7,34.8,14.9,0.11795,0.10995
2025-04-15T20:00:00,0.0,1.1289,0.0,29.7,13.8,0.11413,0.10613
2025-04-15T20:15:00,0.0,1.0881,0.0,26.3,12.5,0.11825,0.11025
2025-04-15T20:30:00,0.014,0.9832,10.6,25.2,12.8,0.11155,0.10355
2025-04-15T20:45:00,0.0165,0.8474,12.0,34.2,11.7,0.11228,0.10428
2025-04-15T21:00:00,0.0238,0.9477,17.0,34.3,13.1,0.10986,0.10186
2025-04-15T21:15:00,0.0,0.6855,0.0,31.3,10.8,0.08365,0.07565
2025-04-15T21:30:00,0.0,0.6722,0.0,28.1,11.5,0.09166,0.08366
2025-04-15T21:45:00,0.0,0.5883,0.0,22.7,11.0,0.0987,0.0907
2025-04-15T22:00:00,0.0,0.5469,0.0,27.0,10.9,0.08754,0.07954
2025-04-15T22:15:00,0.0089,0.5715,6.5,24.8,9.6,0.08702,0.07902
2025-04-15T22:30:00,0.0,0.343,0.0,31.6,10.8,0.0756,0.0676
2025-04-15T22:45:00,0.024,0.4246,18.9,34.6,8.8,0.06366,0.05566
2025-04-15T23:00:00,0.0,0.3513,0.0,22.9,9.5,0.06338,0.05538
2025-04-15T23:15:00,0.0133,0.3861,9.9,36.4,9.3,0.07276,0.06476
2025-04-15T23:30:00,0.0198,0.3469,15.3,23.4,9.6,0.07304,0.06504
2025-04-15T23:45:00,0.0,0.3091,0.0,27.3,8.1,0.06202,0.05402
2025-04-16T00:00:00,0.0306,0.4095,22.3,18.3,9.1,0.06304,0.05504
2025-04-16T00:15:00,0.0322,0.3382,22.5,18.7,9.8,0.06622,0.05822
2025-04-16T00:30:00,0.0116,0.3166,8.7,21.2,9.3,0.05415,0.04615
2025-04-16T00:45:00,0.0075,0.3289,5.6,14.9,8.1,0.06255,0.05455
2025-04-16T01:00:00,0.0098,0.3091,7.0,13.5,9.1,0.07436,0.06636
2025-04-16T01:15:00,0.0147,0.3645,11.0,29.7,8.4,0.07776,0.06976
2025-04-16T01:30:00,0.0,0.3476,0.0,18.0,7.3,0.064,0.056
2025-04-16T01:45:00,0.0,0.3135,0.0,21.3,9.0,0.07564,0.06764
2025-04-16T02:00:00,0.0,0.3003,0.0,26.0,8.6,0.0615,0.0535
2025-04-16T02:15:00,0.0308,0.2213,23.5,22.8,7.2,0.05979,0.05179
2025-04-16T02:30:00,0.0,0.2764,0.0,23.6,7.3,0.05122,0.04322
2025-04-16T02:45:00,0.0387,0.3474,27.4,25.7,7.3,0.0704,0.0624
2025-04-16T03:00:00,0.0,0.3478,0.0,20.8,7.2,0.06243,0.05443
2025-04-16T03:15:00,0.0,0.2972,0.0,22.0,7.0,0.07874,0.07074
2025-04-16T03:30:00,0.0038,0.4294,2.9,12.7,8.4,0.06674,0.05874
2025-04-16T03:45:00,0.0,0.4061,0.0,21.1,6.7,0.06599,0.05799
2025-04-16T04:00:00,0.0004,0.3013,0.3,9.9,9.1,0.05419,0.04619
2025-04-16T04:15:00,0.0,0.4025,0.0,17.6,7.4,0.07433,0.06633
2025-04-16T04:30:00,0.0208,0.2883,15.3,12.7,8.6,0.06364,0.05564
2025-04-16T04:45:00,0.0,0.3978,0.0,10.7,9.3,0.06561,0.05761
2025-04-16T05:00:00,0.0,0.3932,0.0,14.1,7.5,0.05447,0.04647
2025-04-16T05:15:00,0.0,0.3266,0.0,21.0,7.7,0.07489,0.06689
2025-04-16T05:30:00,0.0951,0.5372,70.2,12.8,10.7,0.07749,0.06949
2025-04-16T05:45:00,0.111,0.4167,84.8,20.4,9.0,0.07082,0.06282
2025-04-16T06:00:00,0.1478,0.6071,110.2,19.2,8.6,0.07862,0.07062
2025-04-16T06:15:00,0.1644,0.6468,123.6,23.7,8.3,0.08466,0.07666
2025-04-16T06:30:00,0.2303,0.7766,155.8,23.2,10.4,0.0928,0.0848
2025-04-16T06:45:00,0.296,0.8361,223.1,17.6,10.7,0.09258,0.08458
2025-04-16T07:00:00,0.3399,0.8507,254.5,18.9,9.5,0.10703,0.09903
2025-04-16T07:15:00,0.3927,0.6874,288.5,22.1,9.4,0.09935,0.09135
2025-04-16T07:30:00,0.4638,0.8109,322.6,22.9,10.7,0.1002,0.0922
2025-04-16T07:45:00,0.4972,1.0148,378.2,14.8,12.0,0.10259,0.09459
2025-04-16T08:00:00,0.5161,0.8767,365.9,16.3,10.7,0.08994,0.08194
2025-04-16T08:15:00,0.6024,0.7213,431.3,19.3,12.3,0.09822,0.09022
2025-04-16T08:30:00,0.5515,0.7837,417.3,23.1,12.2,0.10516,0.09716
2025-04-16T08:45:00,0.6098,0.7278,454.7,19.1,10.7,0.09516,0.08716
2025-04-16T09:00:00,0.6426,0.567,446.7,24.9,13.1,0.08185,0.07385
2025-04-16T09:15:00,0.5866,0.5451,460.8,32.1,11.6,0.0812,0.0732
2025-04-16T09:30:00,0.7129,0.5125,549.6,15.5,13.5,0.05891,0.05091
2025-04-16T09:45:00,0.6641,0.5324,523.3,24.9,12.9,0.06118,0.05318
2025-04-16T10:00:00,0.8143,0.3335,617.0,15.4,14.6,0.05814,0.05014
2025-04-16T10:15:00,0.8409,0.3762,619.3,14.2,14.3,0.05171,0.04371
2025-04-16T10:30:00,0.8661,0.2539,660.4,8.8,14.8,0.03594,0.02794
2025-04-16T10:45:00,0.9231,0.3778,672.6,11.1,15.0,0.03972,0.03172
2025-04-16T11:00:00,0.913,0.3039,668.3,15.9,14.3,0.03971,0.03171
2025-04-16T11:15:00,0.8667,0.1797,626.2,21.6,15.9,0.02077,0.01277
2025-04-16T11:30:00,0.9223,0.3655,683.8,14.6,16.1,0.02321,0.01521
2025-04-16T11:45:00,0.8625,0.3781,638.7,25.7,14.3,0.00545,-0.00255
2025-04-16T12:00:00,0.8519,0.4271,640.9,18.7,16.7,-0.00031,-0.00831
2025-04-16T12:15:00,0.8485,0.3322,603.6,27.0,16.0,0.01248,0.00448
2025-04-16T12:30:00,0.8305,0.2126,609.4,26.7,16.0,0.00713,-0.00087
2025-04-16T12:45:00,0.9635,0.2209,686.9,9.6,17.7,0.00688,-0.00112
2025-04-16T13:00:00,0.9073,0.3888,686.7,10.7,17.2,0.00178,-0.00622
2025-04-16T13:15:00,0.8673,0.3175,637.2,19.1,16.3,0.0039,-0.0041
2025-04-16T13:30:00,0.7634,0.2383,563.5,27.1,17.5,0.01168,0.00368
2025-04-16T13:45:00,0.8129,0.2962,619.5,15.8,17.0,0.019,0.011
2025-04-16T14:00:00,0.691,0.282,516.9,28.8,16.4,0.00994,0.00194
2025-04-16T14:15:00,0.6846,0.3874,532.8,27.6,16.9,0.00448,-0.00352
2025-04-16T14:30:00,0.7,0.3647,530.5,17.6,17.2,0.02568,0.01768
2025-04-16T14:45:00,0.7637,0.2487,527.5,21.2,18.0,0.02572,0.01772
2025-04-16T15:00:00,0.6318,0.3442,464.4,27.5,16.5,0.03061,0.02261
2025-04-16T15:15:00,0.6492,0.3903,499.7,17.1,17.6,0.03231,0.02431
2025-04-16T15:30:00,0.5372,0.305,387.3,27.3,16.7,0.0501,0.0421
2025-04-16T15:45:00,0.6091,0.342,433.5,14.5,16.9,0.04178,0.03378
2025-04-16T16:00:00,0.5868,0.3096,407.4,11.5,15.8,0.0498,0.0418
2025-04-16T16:15:00,0.5093,0.4358,368.2,15.7,16.4,0.04123,0.03323
2025-04-16T16:30:00,0.4293,0.3422,307.2,18.8,16.8,0.05479,0.04679
2025-04-16T16:45:00,0.395,0.4566,289.2,20.5,17.2,0.06036,0.05236
2025-04-16T17:00:00,0.3753,0.5293,283.8,14.8,17.2,0.07083,0.06283
2025-04-16T17:15:00,0.334,0.583,244.0,15.4,16.4,0.07991,0.07191
2025-04-16T17:30:00,0.2378,0.7138,176.5,30.6,15.8,0.08033,0.07233
2025-04-16T17:45:00,0.1807,0.7763,138.5,16.4,15.7,0.10229,0.09429
2025-04-16T18:00:00,0.1904,0.8965,132.9,17.6,16.2,0.09247,0.08447
2025-04-16T18:15:00,0.1116,1.0167,82.7,18.7,15.5,0.10276,0.09476
2025-04-16T18:30:00,0.0288,1.0984,21.8,11.9,16.9,0.11287,0.10487
2025-04-16T18:45:00,0.0395,1.2605,29.5,17.6,16.7,0.10899,0.10099
2025-04-16T19:00:00,0.0163,1.1377,11.7,20.9,14.6,0.12382,0.11582
2025-04-16T19:15:00,0.0022,1.2796,1.6,18.5,14.7,0.12671,0.11871
2025-04-16T19:30:00,0.0,1.1727,0.0,28.1,14.7,0.12218,0.11418
2025-04-16T19:45:00,0.0136,1.1654,9.6,20.0,15.4,0.13489,0.12689
2025-04-16T20:00:00,0.0233,1.1326,17.6,10.2,13.6,0.12195,0.11395
2025-04-16T20:15:00,0.0,1.1509,0.0,20.4,13.0,0.11988,0.11188
2025-04-16T20:30:00,0.0,1.0001,0.0,11.3,15.1,0.1081,0.1001
2025-04-16T20:45:00,0.0,0.9365,0.0,24.4,11.1,0.09874,0.09074
2025-04-16T21:00:00,0.0334,0.8555,23.8,23.2,12.6,0.09949,0.09149
2025-04-16T21:15:00,0.0,0.7726,0.0,9.1,12.7,0.0957,0.0877
2025-04-16T21:30:00,0.0235,0.819,16.9,18.8,11.0,0.08939,0.08139
2025-04-16T21:45:00,0.0,0.615,0.0,15.5,12.5,0.09161,0.08361
2025-04-16T22:00:00,0.0,0.5367,0.0,23.0,9.5,0.06805,0.06005
2025-04-16T22:15:00,0.0,0.5029,0.0,24.4,9.6,0.07157,0.06357
2025-04-16T22:30:00,0.0,0.4048,0.0,7.7,10.2,0.06407,0.05607
2025-04-16T22:45:00,0.0224,0.3623,16.6,12.7,11.0,0.08037,0.07237
2025-04-16T23:00:00,0.0,0.3951,0.0,19.6,9.9,0.06678,0.05878
2025-04-16T23:15:00,0.0089,0.4086,6.1,11.2,9.2,0.06545,0.05745
2025-04-16T23:30:00,0.007,0.3341,5.2,16.1,8.8,0.06071,0.05271
2025-04-16T23:45:00,0.0226,0.3201,15.4,10.8,8.1,0.07186,0.06386
2025-04-17T00:00:00,0.0,0.3909,0.0,4.1,9.0,0.06222,0.05422
2025-04-17T00:15:00,0.0,0.2356,0.0,10.9,8.7,0.06603,0.05803
2025-04-17T00:30:00,0.0253,0.2557,17.9,20.2,9.2,0.05248,0.04448
2025-04-17T00:45:00,0.0042,0.3362,3.3,11.3,8.2,0.07173,0.06373
2025-04-17T01:00:00,0.0077,0.4523,5.4,1.7,9.7,0.06707,0.05907
2025-04-17T01:15:00,0.0,0.31,0.0,13.6,9.0,0.06801,0.06001
2025-04-17T01:30:00,0.0229,0.4313,16.9,13.7,7.8,0.07212,0.06412
2025-04-17T01:45:00,0.0098,0.3258,7.4,0.9,9.2,0.06354,0.05554
2025-04-17T02:00:00,0.0047,0.2058,3.6,7.1,8.8,0.0637,0.0557
2025-04-17T02:15:00,0.0485,0.429,37.1,0.0,9.0,0.06901,0.06101
2025-04-17T02:30:00,0.0,0.3911,0.0,10.6,6.6,0.06727,0.05927
2025-04-17T02:45:00,0.0,0.301,0.0,32.0,7.6,0.06324,0.05524
2025-04-17T03:00:00,0.0,0.3081,0.0,7.8,8.5,0.06499,0.05699
2025-04-17T03:15:00,0.0,0.4172,0.0,6.0,7.9,0.06173,0.05373
2025-04-17T03:30:00,0.018,0.3435,13.0,14.7,7.6,0.06911,0.06111
2025-04-17T03:45:00,0.0,0.4077,0.0,20.3,7.3,0.07052,0.06252
2025-04-17T04:00:00,0.0,0.392,0.0,12.3,8.6,0.06512,0.05712
2025-04-17T04:15:00,0.0,0.3387,0.0,0.0,6.8,0.07667,0.06867
2025-04-17T04:30:00,0.0174,0.3475,12.5,20.3,7.3,0.05663,0.04863
2025-04-17T04:45:00,0.0,0.4288,0.0,14.1,8.0,0.06523,0.05723
2025-04-17T05:00:00,0.0128,0.5238,9.9,20.8,9.9,0.07805,0.07005
2025-04-17T05:15:00,0.0397,0.4437,28.3,8.8,8.9,0.06686,0.05886
2025-04-17T05:30:00,0.0703,0.3883,50.9,13.7,9.4,0.06199,0.05399
2025-04-17T05:45:00,0.1152,0.5414,80.6,19.9,9.0,0.0829,0.0749
2025-04-17T06:00:00,0.1745,0.5091,128.1,11.2,8.6,0.08139,0.07339
2025-04-17T06:15:00,0.2209,0.6525,163.5,17.9,9.5,0.07518,0.06718
2025-04-17T06:30:00,0.2487,0.7455,188.4,11.8,9.0,0.09174,0.08374
2025-04-17T06:45:00,0.3024,0.755,236.7,5.0,11.1,0.08585,0.07785
2025-04-17T07:00:00,0.3358,0.8034,244.7,14.5,9.4,0.08868,0.08068
2025-04-17T07:15:00,0.4459,0.8332,313.2,20.0,11.0,0.09994,0.09194
2025-04-17T07:30:00,0.4014,0.9052,296.8,24.8,10.8,0.101,0.093
2025-04-17T07:45:00,0.591,0.8994,424.1,8.0,11.7,0.09883,0.09083
2025-04-17T08:00:00,0.5692,0.829,408.3,14.6,10.9,0.10301,0.09501
2025-04-17T08:15:00,0.529,0.7572,409.7,11.7,11.5,0.09706,0.08906
2025-04-17T08:30:00,0.6991,0.6115,509.8,5.9,13.5,0.09952,0.09152
2025-04-17T08:45:00,0.6301,0.5206,480.4,13.8,11.6,0.09346,0.08546
2025-04-17T09:00:00,0.6924,0.5573,506.5,16.7,12.5,0.09127,0.08327
2025-04-17T09:15:00,0.8164,0.5555,589.9,5.6,13.6,0.07639,0.06839
2025-04-17T09:30:00,0.7306,0.3491,542.1,17.1,13.3,0.06303,0.05503
2025-04-17T09:45:00,0.879,0.4248,648.0,3.5,14.2,0.05497,0.04697
2025-04-17T10:00:00,0.9092,0.3982,646.8,9.9,13.2,0.05352,0.04552
2025-04-17T10:15:00,0.8612,0.4029,595.4,21.7,14.6,0.05676,0.04876
2025-04-17T10:30:00,0.8363,0.3979,634.8,13.9,14.2,0.04568,0.03768
2025-04-17T10:45:00,0.8536,0.3315,635.6,18.1,15.1,0.03037,0.02237
2025-04-17T11:00:00,0.9339,0.418,703.5,10.1,16.0,0.03413,0.02613
2025-04-17T11:15:00,1.001,0.3265,761.9,4.4,16.8,0.01632,0.00832
2025-04-17T11:30:00,0.9239,0.2378,669.4,17.3,15.7,0.02482,0.01682
2025-04-17T11:45:00,0.9416,0.2985,706.4,17.5,15.9,0.01245,0.00445
2025-04-17T12:00:00,1.0361,0.3145,736.3,5.6,16.7,0.01604,0.00804
2025-04-17T12:15:00,0.9082,0.3741,644.8,18.1,16.0,0.0125,0.0045
2025-04-17T12:30:00,0.974,0.3187,719.3,10.3,17.8,0.00514,-0.00286
2025-04-17T12:45:00,0.9155,0.325,696.6,13.5,17.1,0.00759,-0.00041
2025-04-17T13:00:00,0.8725,0.2423,640.6,12.9,16.4,-0.0012,-0.0092
2025-04-17T13:15:00,0.9672,0.288,712.5,5.4,17.7,0.00515,-0.00285
2025-04-17T13:30:00,0.9195,0.3399,690.9,5.6,17.6,0.01327,0.00527
2025-04-17T13:45:00,0.8737,0.2043,618.6,14.5,16.9,0.03328,0.02528
2025-04-17T14:00:00,0.7841,0.3491,579.9,19.5,18.2,0.01541,0.00741
2025-04-17T14:15:00,0.8208,0.3466,625.1,6.7,17.7,0.01486,0.00686
2025-04-17T14:30:00,0.8571,0.2798,619.1,6.1,16.9,0.01189,0.00389
2025-04-17T14:45:00,0.6705,0.3399,517.3,13.4,18.3,0.02843,0.02043
2025-04-17T15:00:00,0.7679,0.3637,546.5,12.2,19.4,0.01651,0.00851
2025-04-17T15:15:00,0.7021,0.3745,520.3,7.9,16.9,0.02636,0.01836
2025-04-17T15:30:00,0.6893,0.3955,485.6,9.2,17.9,0.03829,0.03029
2025-04-17T15:45:00,0.5906,0.3035,433.5,16.7,18.3,0.03406,0.02606
2025-04-17T16:00:00,0.5536,0.3435,427.4,7.8,17.0,0.05597,0.04797
2025-04-17T16:15:00,0.4525,0.3327,340.0,10.9,17.5,0.05893,0.05093
2025-04-17T16:30:00,0.4605,0.3177,335.9,12.2,17.1,0.05485,0.04685
2025-04-17T16:45:00,0.434,0.5184,324.7,1.6,17.2,0.06115,0.05315
2025-04-17T17:00:00,0.3727,0.5538,276.3,13.2,16.7,0.06308,0.05508
2025-04-17T17:15:00,0.3349,0.5233,242.6,11.0,16.3,0.0694,0.0614
2025-04-17T17:30:00,0.2838,0.7209,219.1,18.0,16.8,0.08751,0.07951
2025-04-17T17:45:00,0.2246,0.7932,168.0,9.0,17.6,0.09568,0.08768
2025-04-17T18:00:00,0.1249,0.835,95.3,19.5,16.3,0.101,0.093
2025-04-17T18:15:00,0.1113,0.734,81.9,7.5,16.5,0.10709,0.09909
2025-04-17T18:30:00,0.0589,1.0235,42.5,15.1,15.1,0.10809,0.10009
2025-04-17T18:45:00,0.0,1.0783,0.0,10.7,17.0,0.11869,0.11069
2025-04-17T19:00:00,0.0121,1.2175,9.2,2.5,15.8,0.11156,0.10356
2025-04-17T19:15:00,0.0,1.198,0.0,11.9,14.6,0.12299,0.11499
2025-04-17T19:30:00,0.0,1.1781,0.0,9.8,14.6,0.13284,0.12484
2025-04-17T19:45:00,0.0,1.2439,0.0,12.5,14.7,0.13142,0.12342
2025-04-17T20:00:00,0.0,1.2179,0.0,16.2,14.5,0.1187,0.1107
2025-04-17T20:15:00,0.0,1.1894,0.0,12.1,14.1,0.11621,0.10821
2025-04-17T20:30:00,0.0,1.099,0.0,18.5,11.7,0.1222,0.1142
2025-04-17T20:45:00,0.0197,0.8708,14.9,16.4,12.1,0.11959,0.11159
2025-04-17T21:00:00,0.0091,0.8598,6.9,11.0,11.0,0.0943,0.0863
2025-04-17T21:15:00,0.0139,0.808,10.8,16.4,12.9,0.09509,0.08709
2025-04-17T21:30:00,0.0,0.6031,0.0,20.7,12.6,0.09357,0.08557
2025-04-17T21:45:00,0.0,0.5662,0.0,25.3,11.0,0.09436,0.08636
2025-04-17T22:00:00,0.0,0.4962,0.0,15.9,9.9,0.07737,0.06937
2025-04-17T22:15:00,0.0032,0.5218,2.3,13.6,10.5,0.08228,0.07428
2025-04-17T22:30:00,0.018,0.3813,13.5,13.1,11.6,0.07326,0.06526
2025-04-17T22:45:00,0.0,0.4814,0.0,14.2,10.2,0.08665,0.07865
2025-04-17T23:00:00,0.0,0.4196,0.0,0.0,10.9,0.0728,0.0648
2025-04-17T23:15:00,0.0,0.4442,0.0,14.9,9.9,0.06776,0.05976
2025-04-17T23:30:00,0.0,0.3545,0.0,0.0,9.3,0.06534,0.05734
2025-04-17T23:45:00,0.0,0.3821,0.0,8.0,11.4,0.07285,0.06485
2025-04-18T00:00:00,0.0,0.2786,0.0,70.9,6.5,0.06882,0.06082
2025-04-18T00:15:00,0.0,0.2982,0.0,61.5,6.7,0.05821,0.05021
2025-04-18T00:30:00,0.0229,0.3575,16.9,52.6,7.8,0.06604,0.05804
2025-04-18T00:45:00,0.0012,0.3465,0.9,68.7,6.8,0.05666,0.04866
2025-04-18T01:00:00,0.0,0.3827,0.0,62.6,6.6,0.06018,0.05218
2025-04-18T01:15:00,0.0,0.3775,0.0,64.9,4.5,0.05693,0.04893
2025-04-18T01:30:00,0.0,0.3628,0.0,71.6,5.7,0.05674,0.04874
2025-04-18T01:45:00,0.0336,0.2114,24.6,60.6,5.0,0.06059,0.05259
2025-04-18T02:00:00,0.0,0.4385,0.0,71.1,6.4,0.05883,0.05083
2025-04-18T02:15:00,0.0,0.2948,0.0,61.8,6.0,0.06791,0.05991
2025-04-18T02:30:00,0.0,0.4034,0.0,64.3,6.1,0.06954,0.06154
2025-04-18T02:45:00,0.0084,0.2859,6.4,64.5,4.7,0.0633,0.0553
2025-04-18T03:00:00,0.0,0.3916,0.0,60.2,6.0,0.05801,0.05001
2025-04-18T03:15:00,0.0,0.3974,0.0,61.5,7.0,0.06963,0.06163
2025-04-18T03:30:00,0.0212,0.317,15.6,61.5,6.6,0.05264,0.04464
2025-04-18T03:45:00,0.0,0.3206,0.0,60.4,6.2,0.0533,0.0453
2025-04-18T04:00:00,0.0236,0.2752,16.8,68.8,6.1,0.0695,0.0615
2025-04-18T04:15:00,0.0,0.3291,0.0,67.3,5.3,0.06937,0.06137
2025-04-18T04:30:00,0.0222,0.3608,16.4,84.1,4.3,0.07177,0.06377
2025-04-18T04:45:00,0.0083,0.3403,6.1,66.6,4.8,0.06537,0.05737
2025-04-18T05:00:00,0.0104,0.3296,7.7,63.0,7.8,0.06021,0.05221
2025-04-18T05:15:00,0.0015,0.3017,1.1,74.5,6.0,0.06637,0.05837
2025-04-18T05:30:00,0.0438,0.4413,33.3,62.0,7.6,0.07508,0.06708
2025-04-18T05:45:00,0.0693,0.5324,51.8,58.5,6.8,0.06996,0.06196
2025-04-18T06:00:00,0.0928,0.6797,68.3,60.1,8.9,0.07397,0.06597
2025-04-18T06:15:00,0.1386,0.604,100.3,75.3,5.7,0.07407,0.06607
2025-04-18T06:30:00,0.1951,0.6392,146.7,66.7,8.0,0.08023,0.07223
2025-04-18T06:45:00,0.203,0.7822,152.0,60.5,8.0,0.0973,0.0893
2025-04-18T07:00:00,0.2296,0.8334,164.6,62.4,8.7,0.09977,0.09177
2025-04-18T07:15:00,0.2396,0.9624,177.9,63.8,7.8,0.09424,0.08624
2025-04-18T07:30:00,0.2832,0.9437,207.0,64.5,8.9,0.09788,0.08988
2025-04-18T07:45:00,0.2737,0.8832,196.3,63.8,10.1,0.10271,0.09471
2025-04-18T08:00:00,0.3646,0.8542,267.9,57.8,9.5,0.10937,0.10137
2025-04-18T08:15:00,0.3346,0.7841,249.5,69.7,9.3,0.09715,0.08915
2025-04-18T08:30:00,0.4373,0.7554,310.2,46.4,10.1,0.09952,0.09152
2025-04-18T08:45:00,0.4201,0.7184,313.1,59.2,12.3,0.0824,0.0744
2025-04-18T09:00:00,0.3849,0.419,281.0,68.9,11.7,0.08134,0.07334
2025-04-18T09:15:00,0.4401,0.4929,333.6,63.7,11.4,0.08426,0.07626
2025-04-18T09:30:00,0.5707,0.5078,399.8,53.1,13.3,0.07958,0.07158
2025-04-18T09:45:00,0.4854,0.3482,363.2,62.8,12.2,0.05966,0.05166
2025-04-18T10:00:00,0.5054,0.2858,355.0,63.3,12.9,0.05471,0.04671
2025-04-18T10:15:00,0.5029,0.3968,374.7,61.0,13.2,0.05739,0.04939
2025-04-18T10:30:00,0.4901,0.2809,364.2,70.5,12.0,0.04403,0.03603
2025-04-18T10:45:00,0.5719,0.2975,439.7,56.8,12.1,0.03752,0.02952
2025-04-18T11:00:00,0.5176,0.3405,395.3,62.4,14.8,0.03891,0.03091
2025-04-18T11:15:00,0.5032,0.4035,370.1,65.1,13.5,0.03253,0.02453
2025-04-18T11:30:00,0.4448,0.2491,319.3,73.0,12.4,0.03418,0.02618
2025-04-18T11:45:00,0.4796,0.3698,360.9,71.1,13.0,0.02894,0.02094
2025-04-18T12:00:00,0.547,0.3169,403.9,63.7,13.4,0.01791,0.00991
2025-04-18T12:15:00,0.6085,0.2653,436.9,61.5,14.9,0.01846,0.01046
2025-04-18T12:30:00,0.4783,0.3411,353.4,71.7,14.0,0.01721,0.00921
2025-04-18T12:45:00,0.4856,0.2842,365.0,66.8,15.2,0.00843,0.00043
2025-04-18T13:00:00,0.5318,0.3002,390.5,63.1,15.0,0.0104,0.0024
2025-04-18T13:15:00,0.5823,0.4424,430.8,59.2,14.3,0.02243,0.01443
2025-04-18T13:30:00,0.4623,0.3349,344.6,66.3,16.1,0.00796,-4e-05
2025-04-18T13:45:00,0.5164,0.3297,372.1,63.6,15.9,0.02505,0.01705
2025-04-18T14:00:00,0.4393,0.3807,343.8,67.1,15.8,0.02287,0.01487
2025-04-18T14:15:00,0.4602,0.2015,323.6,67.0,15.4,0.0229,0.0149
2025-04-18T14:30:00,0.4437,0.4066,324.8,63.5,15.4,0.02999,0.02199
2025-04-18T14:45:00,0.3363,0.3387,256.8,72.9,16.8,0.03299,0.02499
2025-04-18T15:00:00,0.4456,0.33,323.9,61.8,15.9,0.04108,0.03308
2025-04-18T15:15:00,0.4055,0.2763,298.1,63.8,17.2,0.03534,0.02734
2025-04-18T15:30:00,0.3801,0.3931,271.0,64.2,15.3,0.04057,0.03257
2025-04-18T15:45:00,0.3121,0.3231,224.2,77.1,16.1,0.0449,0.0369
2025-04-18T16:00:00,0.2763,0.3256,204.3,65.1,16.0,0.06242,0.05442
2025-04-18T16:15:00,0.3303,0.3055,239.0,54.2,16.7,0.06177,0.05377
2025-04-18T16:30:00,0.2767,0.5134,195.1,61.4,13.8,0.05584,0.04784
2025-04-18T16:45:00,0.2422,0.4382,170.7,69.2,14.7,0.06509,0.05709
2025-04-18T17:00:00,0.1737,0.5114,126.1,67.1,14.3,0.06891,0.06091
2025-04-18T17:15:00,0.198,0.6304,145.5,66.1,14.9,0.07965,0.07165
2025-04-18T17:30:00,0.1575,0.7162,118.6,57.5,15.9,0.08752,0.07952
2025-04-18T17:45:00,0.1392,0.8637,101.2,61.3,15.0,0.10683,0.09883
2025-04-18T18:00:00,0.1042,0.8326,75.1,61.6,13.0,0.08876,0.08076
2025-04-18T18:15:00,0.0726,0.8788,53.2,61.4,14.7,0.11235,0.10435
2025-04-18T18:30:00,0.0236,1.015,18.4,72.7,13.9,0.11461,0.10661
2025-04-18T18:45:00,0.0,1.0627,0.0,64.1,13.0,0.11269,0.10469
2025-04-18T19:00:00,0.0,1.1258,0.0,64.5,12.7,0.11982,0.11182
2025-04-18T19:15:00,0.0,1.1471,0.0,81.4,12.9,0.12019,0.11219
2025-04-18T19:30:00,0.0559,1.2488,41.4,63.3,11.0,0.12445,0.11645
2025-04-18T19:45:00,0.0032,1.2617,2.3,62.8,13.4,0.12966,0.12166
2025-04-18T20:00:00,0.0,1.2051,0.0,64.6,13.3,0.11246,0.10446
2025-04-18T20:15:00,0.0,0.9938,0.0,68.8,11.4,0.12621,0.11821
2025-04-18T20:30:00,0.0025,0.9347,1.9,63.4,10.1,0.11173,0.10373
2025-04-18T20:45:00,0.0,1.0243,0.0,65.7,11.5,0.11793,0.10993
2025-04-18T21:00:00,0.0,0.7828,0.0,66.8,11.8,0.10585,0.09785
2025-04-18T21:15:00,0.0,0.8389,0.0,69.4,9.4,0.10514,0.09714
2025-04-18T21:30:00,0.0063,0.6391,4.6,60.7,11.3,0.09562,0.08762
2025-04-18T21:45:00,0.0,0.5986,0.0,59.4,10.4,0.09361,0.08561
2025-04-18T22:00:00,0.0,0.7052,0.0,64.5,9.4,0.08281,0.07481
2025-04-18T22:15:00,0.0353,0.533,25.5,62.9,10.0,0.07347,0.06547
2025-04-18T22:30:00,0.0255,0.4249,18.2,62.9,10.4,0.07917,0.07117
2025-04-18T22:45:00,0.0052,0.5376,4.0,67.6,8.1,0.07668,0.06868
2025-04-18T23:00:00,0.0037,0.365,2.7,65.6,9.3,0.08289,0.07489
2025-04-18T23:15:00,0.0,0.3356,0.0,59.2,7.8,0.05658,0.04858
2025-04-18T23:30:00,0.0,0.3927,0.0,67.0,7.5,0.06624,0.05824
2025-04-18T23:45:00,0.0,0.4371,0.0,60.0,7.8,0.07294,0.06494
2025-04-19T00:00:00,0.0,0.4981,0.0,67.9,7.4,0.05725,0.04925
2025-04-19T00:15:00,0.0126,0.5599,9.0,60.0,7.3,0.06342,0.05542
2025-04-19T00:30:00,0.017,0.5359,12.6,57.2,7.6,0.07753,0.06953
2025-04-19T00:45:00,0.0,0.5388,0.0,54.8,6.6,0.07332,0.06532
2025-04-19T01:00:00,0.0145,0.4791,10.8,62.1,6.2,0.05951,0.05151
2025-04-19T01:15:00,0.0,0.4427,0.0,58.6,6.3,0.07338,0.06538
2025-04-19T01:30:00,0.0,0.4194,0.0,61.6,6.3,0.07192,0.06392
2025-04-19T01:45:00,0.0,0.4543,0.0,55.1,6.7,0.06948,0.06148
2025-04-19T02:00:00,0.0,0.4216,0.0,51.6,7.5,0.0671,0.0591
2025-04-19T02:15:00,0.0,0.4477,0.0,57.5,5.6,0.06624,0.05824
2025-04-19T02:30:00,0.0,0.3607,0.0,53.1,5.4,0.05958,0.05158
2025-04-19T02:45:00,0.0,0.3525,0.0,59.5,5.2,0.06172,0.05372
2025-04-19T03:00:00,0.0186,0.6185,13.7,61.0,6.6,0.06924,0.06124
2025-04-19T03:15:00,0.0,0.5605,0.0,59.1,5.3,0.06571,0.05771
2025-04-19T03:30:00,0.0118,0.4683,8.5,59.3,6.7,0.07604,0.06804
2025-04-19T03:45:00,0.0,0.5203,0.0,68.7,7.0,0.06301,0.05501
2025-04-19T04:00:00,0.0295,0.5162,21.7,63.0,6.1,0.05076,0.04276
2025-04-19T04:15:00,0.0,0.4744,0.0,68.0,5.1,0.06348,0.05548
2025-04-19T04:30:00,0.0,0.4144,0.0,62.6,6.3,0.06764,0.05964
2025-04-19T04:45:00,0.0144,0.5675,10.1,63.8,6.9,0.06903,0.06103
2025-04-19T05:00:00,0.0,0.5526,0.0,66.4,7.4,0.06826,0.06026
2025-04-19T05:15:00,0.0159,0.4878,12.3,55.7,6.7,0.06452,0.05652
2025-04-19T05:30:00,0.0661,0.6379,48.7,53.8,6.5,0.08065,0.07265
2025-04-19T05:45:00,0.103,0.6413,79.0,57.4,5.6,0.07055,0.06255
2025-04-19T06:00:00,0.1322,0.8401,102.3,50.6,7.5,0.08237,0.07437
2025-04-19T06:15:00,0.1275,0.6361,93.1,65.3,7.1,0.08056,0.07256
2025-04-19T06:30:00,0.1441,0.8758,104.7,64.8,7.4,0.07974,0.07174
2025-04-19T06:45:00,0.1745,0.8557,125.3,62.0,7.0,0.10025,0.09225
2025-04-19T07:00:00,0.2789,0.9535,202.9,50.8,10.4,0.08128,0.07328
2025-04-19T07:15:00,0.2217,0.885,160.0,67.7,8.1,0.09518,0.08718
2025-04-19T07:30:00,0.3081,1.0121,226.0,54.8,10.2,0.1057,0.0977
2025-04-19T07:45:00,0.3274,0.9868,230.5,60.2,6.8,0.10221,0.09421
2025-04-19T08:00:00,0.3031,0.8572,225.1,62.5,9.4,0.10828,0.10028
2025-04-19T08:15:00,0.3495,0.9225,262.2,62.8,10.5,0.10061,0.09261
2025-04-19T08:30:00,0.3076,0.8515,216.4,69.9,8.8,0.09399,0.08599
2025-04-19T08:45:00,0.3741,0.7058,269.8,70.6,9.7,0.10349,0.09549
2025-04-19T09:00:00,0.4444,0.7605,327.5,59.2,11.9,0.08161,0.07361
2025-04-19T09:15:00,0.4707,0.6251,344.6,58.9,10.4,0.07344,0.06544
2025-04-19T09:30:00,0.4204,0.5861,314.2,69.6,10.9,0.0588,0.0508
2025-04-19T09:45:00,0.5345,0.6037,402.8,52.8,13.0,0.05155,0.04355
2025-04-19T10:00:00,0.4276,0.4262,331.9,74.7,11.5,0.05081,0.04281
2025-04-19T10:15:00,0.4951,0.4858,384.0,58.4,13.1,0.0415,0.0335
2025-04-19T10:30:00,0.5899,0.5074,427.8,56.4,13.4,0.0298,0.0218
2025-04-19T10:45:00,0.5015,0.3671,373.7,63.4,14.1,0.0178,0.0098
2025-04-19T11:00:00,0.5283,0.5459,397.2,59.8,13.5,0.01893,0.01093
2025-04-19T11:15:00,0.5467,0.48,408.6,62.0,14.5,-0.00198,-0.00998
2025-04-19T11:30:00,0.5672,0.3888,409.8,68.2,13.7,0.00029,-0.00771
2025-04-19T11:45:00,0.4792,0.5238,338.2,68.3,15.5,-0.00436,-0.01236
2025-04-19T12:00:00,0.5976,0.419,440.0,60.9,14.4,-0.01232,-0.02032
2025-04-19T12:15:00,0.5417,0.4018,409.9,64.3,14.2,-0.00986,-0.01786
2025-04-19T12:30:00,0.5261,0.3736,393.5,57.6,15.6,-0.01737,-0.02537
2025-04-19T12:45:00,0.5605,0.467,415.5,60.1,16.2,-0.01976,-0.02776
2025-04-19T13:00:00,0.5545,0.4303,400.0,63.2,13.8,-0.00466,-0.01266
2025-04-19T13:15:00,0.5351,0.4458,392.2,62.0,16.3,-0.01051,-0.01851
2025-04-19T13:30:00,0.5445,0.4508,391.8,58.1,15.6,-0.0062,-0.0142
2025-04-19T13:45:00,0.4081,0.4159,312.4,72.2,16.4,-0.01056,-0.01856
2025-04-19T14:00:00,0.479,0.4304,348.9,60.0,16.4,-0.00166,-0.00966
2025-04-19T14:15:00,0.4259,0.4241,297.9,75.3,14.5,0.00145,-0.00655
2025-04-19T14:30:00,0.4712,0.4637,342.3,59.8,18.4,0.00892,0.00092
2025-04-19T14:45:00,0.3825,0.4579,283.8,64.4,16.6,0.02126,0.01326
2025-04-19T15:00:00,0.4013,0.3844,292.3,63.8,15.4,0.01152,0.00352
2025-04-19T15:15:00,0.4635,0.4174,331.2,60.6,15.6,0.02058,0.01258
2025-04-19T15:30:00,0.4375,0.3971,318.7,56.5,15.7,0.0251,0.0171
2025-04-19T15:45:00,0.4055,0.4776,289.2,54.8,16.9,0.01087,0.00287
2025-04-19T16:00:00,0.3117,0.5697,240.2,62.0,17.0,0.03031,0.02231
2025-04-19T16:15:00,0.2447,0.5201,178.3,69.5,14.5,0.04567,0.03767
2025-04-19T16:30:00,0.3036,0.6472,221.6,55.5,16.0,0.05641,0.04841
2025-04-19T16:45:00,0.2617,0.5023,190.1,60.6,15.9,0.05638,0.04838
2025-04-19T17:00:00,0.2057,0.6659,151.4,53.3,15.9,0.07407,0.06607
2025-04-19T17:15:00,0.1795,0.7926,132.4,68.6,14.6,0.08254,0.07454
2025-04-19T17:30:00,0.1538,0.7477,111.9,64.5,13.8,0.08002,0.07202
2025-04-19T17:45:00,0.1507,0.8755,115.0,58.8,15.2,0.09868,0.09068
2025-04-19T18:00:00,0.0882,0.9725,65.9,65.2,14.9,0.10806,0.10006
2025-04-19T18:15:00,0.0593,1.0588,44.0,69.7,13.6,0.10731,0.09931
2025-04-19T18:30:00,0.0431,1.1244,31.4,68.5,12.9,0.1049,0.0969
2025-04-19T18:45:00,0.0427,1.4564,31.4,58.6,14.2,0.1249,0.1169
2025-04-19T19:00:00,0.0125,1.1992,9.4,72.4,13.3,0.11918,0.11118
2025-04-19T19:15:00,0.0,1.3427,0.0,67.5,13.9,0.12056,0.11256
2025-04-19T19:30:00,0.0,1.2899,0.0,60.7,13.3,0.12466,0.11666
2025-04-19T19:45:00,0.0,1.342,0.0,58.4,12.1,0.1203,0.1123
2025-04-19T20:00:00,0.0061,1.2953,4.4,64.3,12.3,0.12805,0.12005
2025-04-19T20:15:00,0.0,1.2553,0.0,65.5,11.5,0.12306,0.11506
2025-04-19T20:30:00,0.0,1.14,0.0,71.0,12.3,0.12142,0.11342
2025-04-19T20:45:00,0.0106,1.0841,7.9,59.6,11.6,0.11254,0.10454
2025-04-19T21:00:00,0.0022,0.9657,1.7,59.7,11.9,0.09879,0.09079
2025-04-19T21:15:00,0.0,0.8987,0.0,57.1,11.6,0.09696,0.08896
2025-04-19T21:30:00,0.0,0.7982,0.0,58.9,10.4,0.09768,0.08968
2025-04-19T21:45:00,0.0,0.7397,0.0,58.7,10.1,0.08485,0.07685
2025-04-19T22:00:00,0.0,0.754,0.0,58.5,9.4,0.1002,0.0922
2025-04-19T22:15:00,0.0351,0.6749,25.9,62.7,9.0,0.07723,0.06923
2025-04-19T22:30:00,0.0,0.4487,0.0,69.3,9.2,0.07182,0.06382
2025-04-19T22:45:00,0.015,0.516,11.2,59.7,9.0,0.07951,0.07151
2025-04-19T23:00:00,0.0,0.4166,0.0,58.9,9.4,0.07497,0.06697
2025-04-19T23:15:00,0.0,0.5756,0.0,52.3,10.0,0.06868,0.06068
2025-04-19T23:30:00,0.0018,0.4535,1.3,62.7,8.1,0.06625,0.05825
2025-04-19T23:45:00,0.0,0.5963,0.0,62.7,8.0,0.06932,0.06132
2025-04-20T00:00:00,0.0,0.4491,0.0,48.0,8.5,0.07001,0.06201
2025-04-20T00:15:00,0.0073,0.4011,5.4,52.8,8.5,0.06958,0.06158
2025-04-20T00:30:00,0.0353,0.5172,25.8,60.1,7.3,0.06319,0.05519
2025-04-20T00:45:00,0.0231,0.2946,17.3,42.5,7.9,0.06759,0.05959
2025-04-20T01:00:00,0.0,0.5234,0.0,53.6,7.8,0.07006,0.06206
2025-04-20T01:15:00,0.0039,0.5169,2.8,42.4,6.4,0.06959,0.06159
2025-04-20T01:30:00,0.0,0.4598,0.0,61.1,4.9,0.04648,0.03848
2025-04-20T01:45:00,0.0202,0.3687,14.9,56.7,7.7,0.05966,0.05166
2025-04-20T02:00:00,0.0081,0.3812,6.1,42.4,8.2,0.06035,0.05235
2025-04-20T02:15:00,0.0082,0.4483,6.3,48.1,6.6,0.06362,0.05562
2025-04-20T02:30:00,0.028,0.333,21.0,47.3,6.2,0.06608,0.05808
2025-04-20T02:45:00,0.0118,0.4527,9.1,49.4,6.7,0.07054,0.06254
2025-04-20T03:00:00,0.0,0.4956,0.0,54.2,7.4,0.06873,0.06073
2025-04-20T03:15:00,0.0,0.3846,0.0,42.2,6.7,0.06429,0.05629
2025-04-20T03:30:00,0.0,0.3898,0.0,52.0,6.3,0.06524,0.05724
2025-04-20T03:45:00,0.0422,0.5446,31.1,53.3,6.1,0.07576,0.06776
2025-04-20T04:00:00,0.0,0.4583,0.0,45.3,6.0,0.0617,0.0537
2025-04-20T04:15:00,0.0,0.4443,0.0,42.0,7.8,0.0675,0.0595
2025-04-20T04:30:00,0.0,0.4975,0.0,46.2,7.1,0.07555,0.06755
2025-04-20T04:45:00,0.0538,0.3987,40.5,44.5,8.6,0.06898,0.06098
2025-04-20T05:00:00,0.0,0.517,0.0,49.3,6.9,0.05577,0.04777
2025-04-20T05:15:00,0.0066,0.5787,5.0,43.7,6.0,0.07189,0.06389
2025-04-20T05:30:00,0.0461,0.6833,35.4,46.0,7.3,0.06951,0.06151
2025-04-20T05:45:00,0.1136,0.6785,80.0,41.5,7.5,0.07403,0.06603
2025-04-20T06:00:00,0.1332,0.6065,94.2,35.8,9.3,0.08457,0.07657
2025-04-20T06:15:00,0.1251,0.8371,93.8,56.1,8.0,0.08527,0.07727
2025-04-20T06:30:00,0.2155,0.7889,154.3,52.3,8.1,0.08551,0.07751
2025-04-20T06:45:00,0.2058,0.8971,162.3,50.7,7.4,0.09725,0.08925
2025-04-20T07:00:00,0.2519,1.0127,184.0,54.4,9.3,0.09911,0.09111
2025-04-20T07:15:00,0.3066,1.0381,212.9,47.8,9.1,0.10105,0.09305
2025-04-20T07:30:00,0.3204,0.9564,222.5,51.0,10.9,0.10502,0.09702
2025-04-20T07:45:00,0.2703,0.8951,194.3,62.4,10.2,0.10597,0.09797
2025-04-20T08:00:00,0.4384,1.0167,311.8,46.4,10.6,0.1018,0.0938
2025-04-20T08:15:00,0.457,0.9045,333.3,47.9,10.8,0.0985,0.0905
2025-04-20T08:30:00,0.4366,0.8564,307.1,57.7,9.5,0.09688,0.08888
2025-04-20T08:45:00,0.4866,0.796,361.5,48.0,10.9,0.08476,0.07676
2025-04-20T09:00:00,0.5543,0.6985,437.4,41.8,11.9,0.07531,0.06731
2025-04-20T09:15:00,0.5215,0.7398,371.2,48.9,12.4,0.08208,0.07408
2025-04-20T09:30:00,0.5878,0.5784,430.1,48.4,13.7,0.0637,0.0557
2025-04-20T09:45:00,0.5919,0.6022,434.4,45.3,13.7,0.05567,0.04767
2025-04-20T10:00:00,0.5701,0.5489,411.2,55.4,13.3,0.0458,0.0378
2025-04-20T10:15:00,0.6406,0.4349,461.4,47.2,13.4,0.03789,0.02989
2025-04-20T10:30:00,0.7093,0.4771,542.2,36.6,14.7,0.02949,0.02149
2025-04-20T10:45:00,0.6753,0.4363,494.1,43.7,14.3,0.02188,0.01388
2025-04-20T11:00:00,0.6077,0.4389,455.5,53.3,13.6,0.00939,0.00139
2025-04-20T11:15:00,0.6385,0.48,472.9,51.6,13.6,0.01317,0.00517
2025-04-20T11:30:00,0.6966,0.4352,495.1,47.2,15.3,-0.00255,-0.01055
2025-04-20T11:45:00,0.7135,0.3809,525.2,41.4,15.0,0.00256,-0.00544
2025-04-20T12:00:00,0.7045,0.5178,526.8,49.2,15.1,-0.01962,-0.02762
2025-04-20T12:15:00,0.6386,0.4154,467.4,55.3,16.2,-0.01805,-0.02605
2025-04-20T12:30:00,0.5954,0.5305,439.1,59.2,14.5,-0.00836,-0.01636
2025-04-20T12:45:00,0.7082,0.4479,519.2,47.0,17.6,-0.0168,-0.0248
2025-04-20T13:00:00,0.6586,0.4845,471.9,56.6,16.2,-0.02049,-0.02849
2025-04-20T13:15:00,0.6819,0.4308,500.6,44.2,16.6,-0.01368,-0.02168
2025-04-20T13:30:00,0.5992,0.3546,445.4,54.5,15.4,-0.02064,-0.02864
2025-04-20T13:45:00,0.5501,0.4273,406.5,56.0,16.4,-0.01134,-0.01934
2025-04-20T14:00:00,0.5677,0.4268,429.8,52.9,16.8,-0.02163,-0.02963
2025-04-20T14:15:00,0.6239,0.4121,439.9,45.9,17.4,-0.00679,-0.01479
2025-04-20T14:30:00,0.5638,0.324,406.5,46.4,14.7,-0.00304,-0.01104
2025-04-20T14:45:00,0.4898,0.4541,380.4,49.2,16.7,0.00957,0.00157
2025-04-20T15:00:00,0.5398,0.4127,397.8,42.8,16.6,0.01749,0.00949
2025-04-20T15:15:00,0.4526,0.4135,320.7,54.6,15.5,0.01332,0.00532
2025-04-20T15:30:00,0.4496,0.5033,346.6,49.7,15.9,0.03456,0.02656
2025-04-20T15:45:00,0.4105,0.5215,304.9,52.0,16.8,0.02798,0.01998
2025-04-20T16:00:00,0.4776,0.4362,333.3,38.1,16.7,0.02598,0.01798
2025-04-20T16:15:00,0.3538,0.4665,256.9,50.2,16.3,0.03098,0.02298
2025-04-20T16:30:00,0.3961,0.5811,284.4,36.1,17.9,0.06159,0.05359
2025-04-20T16:45:00,0.2919,0.636,220.6,50.1,16.4,0.05911,0.05111
2025-04-20T17:00:00,0.2395,0.6943,168.2,57.3,14.5,0.06321,0.05521
2025-04-20T17:15:00,0.2431,0.716,175.7,42.4,16.2,0.07022,0.06222
2025-04-20T17:30:00,0.1802,0.9072,127.2,53.8,14.6,0.07586,0.06786
2025-04-20T17:45:00,0.1704,0.8976,128.8,54.2,14.6,0.09818,0.09018
2025-04-20T18:00:00,0.1161,0.9548,86.6,53.5,14.6,0.097,0.089
2025-04-20T18:15:00,0.0744,1.0109,56.2,48.2,13.6,0.11523,0.10723
2025-04-20T18:30:00,0.0485,1.2009,35.2,40.6,15.3,0.10958,0.10158
2025-04-20T18:45:00,0.038,1.2067,28.7,51.3,13.7,0.10198,0.09398
2025-04-20T19:00:00,0.0,1.3177,0.0,48.7,13.4,0.12523,0.11723
2025-04-20T19:15:00,0.0,1.3748,0.0,55.0,15.1,0.12062,0.11262
2025-04-20T19:30:00,0.0,1.3197,0.0,52.9,12.9,0.12254,0.11454
2025-04-20T19:45:00,0.0258,1.3796,19.3,36.6,14.5,0.13294,0.12494
2025-04-20T20:00:00,0.0424,1.3633,30.7,70.2,12.4,0.12004,0.11204
2025-04-20T20:15:00,0.0,1.2348,0.0,42.7,12.6,0.12537,0.11737
2025-04-20T20:30:00,0.0,1.0997,0.0,48.7,12.9,0.11408,0.10608
2025-04-20T20:45:00,0.0,0.992,0.0,54.7,11.5,0.10454,0.09654
2025-04-20T21:00:00,0.0208,0.9279,14.9,40.5,11.3,0.1066,0.0986
2025-04-20T21:15:00,0.0,0.8418,0.0,42.1,10.8,0.09431,0.08631
2025-04-20T21:30:00,0.0205,0.7855,15.6,38.5,11.9,0.09979,0.09179
2025-04-20T21:45:00,0.0,0.7742,0.0,41.5,10.9,0.09305,0.08505
2025-04-20T22:00:00,0.0,0.6864,0.0,49.5,11.4,0.08306,0.07506
2025-04-20T22:15:00,0.0427,0.6018,30.0,52.7,7.7,0.08235,0.07435
2025-04-20T22:30:00,0.015,0.6285,10.6,39.4,10.3,0.07873,0.07073
2025-04-20T22:45:00,0.0,0.5274,0.0,47.2,9.9,0.07097,0.06297
2025-04-20T23:00:00,0.0281,0.6249,20.2,45.8,10.2,0.07585,0.06785
2025-04-20T23:15:00,0.0,0.4777,0.0,54.4,8.9,0.06748,0.05948
2025-04-20T23:30:00,0.0396,0.5044,27.5,59.4,9.2,0.07133,0.06333
2025-04-20T23:45:00,0.0,0.4098,0.0,55.7,9.3,0.06106,0.05306
2025-04-21T00:00:00,0.0088,0.3722,6.3,72.1,7.7,0.06561,0.05761
2025-04-21T00:15:00,0.0038,0.3709,2.8,59.9,7.3,0.0675,0.0595
2025-04-21T00:30:00,0.0,0.3672,0.0,63.7,6.0,0.06027,0.05227
2025-04-21T00:45:00,0.008,0.3712,6.1,57.1,7.5,0.06251,0.05451
2025-04-21T01:00:00,0.02,0.4272,14.4,69.6,7.7,0.06181,0.05381
2025-04-21T01:15:00,0.022,0.4217,16.1,60.5,6.3,0.06938,0.06138
2025-04-21T01:30:00,0.0178,0.3209,13.4,56.8,7.0,0.0607,0.0527
2025-04-21T01:45:00,0.0204,0.2796,14.3,56.0,7.9,0.06765,0.05965
2025-04-21T02:00:00,0.0272,0.3188,19.7,65.5,7.0,0.07417,0.06617
2025-04-21T02:15:00,0.0,0.3331,0.0,66.4,4.7,0.06717,0.05917
2025-04-21T02:30:00,0.0,0.4147,0.0,58.8,6.0,0.05536,0.04736
2025-04-21T02:45:00,0.0022,0.2814,1.6,54.1,6.0,0.0658,0.0578
2025-04-21T03:00:00,0.0,0.2871,0.0,60.8,6.1,0.07131,0.06331
2025-04-21T03:15:00,0.0,0.3715,0.0,69.8,4.5,0.06337,0.05537
2025-04-21T03:30:00,0.0148,0.3068,11.4,69.3,6.0,0.0718,0.0638
2025-04-21T03:45:00,0.006,0.33,4.4,58.3,6.2,0.06896,0.06096
2025-04-21T04:00:00,0.0,0.3088,0.0,66.6,5.7,0.06795,0.05995
2025-04-21T04:15:00,0.0,0.4435,0.0,64.1,6.9,0.06416,0.05616
2025-04-21T04:30:00,0.0,0.3756,0.0,53.6,7.1,0.06314,0.05514
2025-04-21T04:45:00,0.0206,0.3308,14.6,56.5,6.9,0.06544,0.05744
2025-04-21T05:00:00,0.0,0.4394,0.0,62.0,7.4,0.0685,0.0605
2025-04-21T05:15:00,0.0,0.4627,0.0,61.3,7.3,0.07289,0.06489
2025-04-21T05:30:00,0.0382,0.5398,26.8,62.8,6.4,0.0745,0.0665
2025-04-21T05:45:00,0.093,0.516,68.5,52.2,7.9,0.07308,0.06508
2025-04-21T06:00:00,0.1567,0.5989,115.3,59.5,7.8,0.07889,0.07089
2025-04-21T06:15:00,0.1098,0.5993,80.5,61.7,8.2,0.08509,0.07709
2025-04-21T06:30:00,0.1371,0.7512,104.8,66.3,9.7,0.07776,0.06976
2025-04-21T06:45:00,0.2153,0.7126,159.5,57.3,8.3,0.08785,0.07985
2025-04-21T07:00:00,0.1826,0.8507,134.4,58.4,9.6,0.09245,0.08445
2025-04-21T07:15:00,0.3404,0.9415,247.6,47.5,8.7,0.10019,0.09219
2025-04-21T07:30:00,0.3586,0.94,261.8,57.5,8.7,0.10286,0.09486
2025-04-21T07:45:00,0.3014,0.7773,220.5,59.4,9.6,0.1046,0.0966
2025-04-21T08:00:00,0.3643,0.8475,269.8,63.2,7.8,0.10079,0.09279
2025-04-21T08:15:00,0.4108,0.7868,284.6,60.3,11.0,0.10809,0.10009
2025-04-21T08:30:00,0.4425,0.7135,312.2,56.1,12.3,0.10193,0.09393
2025-04-21T08:45:00,0.4635,0.686,331.8,63.0,9.9,0.08504,0.07704
2025-04-21T09:00:00,0.4756,0.6754,345.6,56.4,10.6,0.08838,0.08038
2025-04-21T09:15:00,0.436,0.5504,305.9,64.6,11.7,0.07414,0.06614
2025-04-21T09:30:00,0.5165,0.5416,387.0,51.7,12.5,0.08332,0.07532
2025-04-21T09:45:00,0.4695,0.3582,335.7,64.3,10.9,0.06256,0.05456
2025-04-21T10:00:00,0.4856,0.4562,347.6,64.1,12.8,0.05537,0.04737
2025-04-21T10:15:00,0.4882,0.4412,358.4,68.6,11.4,0.05114,0.04314
2025-04-21T10:30:00,0.4875,0.2896,375.7,68.2,12.4,0.0429,0.0349
2025-04-21T10:45:00,0.5797,0.3002,444.0,58.2,13.9,0.0378,0.0298
2025-04-21T11:00:00,0.5901,0.2222,416.2,63.4,14.1,0.04209,0.03409
2025-04-21T11:15:00,0.4522,0.3188,342.1,77.8,13.5,0.0294,0.0214
2025-04-21T11:30:00,0.5779,0.332,414.3,61.6,15.3,0.02886,0.02086
2025-04-21T11:45:00,0.6535,0.4299,480.7,53.7,14.4,0.02699,0.01899
2025-04-21T12:00:00,0.6831,0.2744,506.1,49.7,15.6,0.01135,0.00335
2025-04-21T12:15:00,0.5659,0.2839,410.2,62.6,15.0,0.02492,0.01692
2025-04-21T12:30:00,0.6604,0.2959,465.4,57.1,16.5,0.01716,0.00916
2025-04-21T12:45:00,0.5882,0.3776,420.9,60.6,15.7,0.0177,0.0097
2025-04-21T13:00:00,0.5475,0.3092,386.1,66.4,15.0,0.00641,-0.00159
2025-04-21T13:15:00,0.556,0.3136,419.5,59.5,15.7,0.01684,0.00884
2025-04-21T13:30:00,0.5788,0.2523,431.0,58.6,16.4,0.01546,0.00746
2025-04-21T13:45:00,0.4909,0.3458,347.0,66.5,16.5,0.01145,0.00345
2025-04-21T14:00:00,0.5123,0.2933,374.9,61.2,15.6,0.03067,0.02267
2025-04-21T14:15:00,0.5148,0.2708,380.2,57.2,16.5,0.02321,0.01521
2025-04-21T14:30:00,0.5064,0.3009,387.4,60.5,16.7,0.02168,0.01368
2025-04-21T14:45:00,0.4479,0.3033,332.2,62.5,15.6,0.02797,0.01997
2025-04-21T15:00:00,0.4743,0.3305,352.5,56.2,15.3,0.03629,0.02829
2025-04-21T15:15:00,0.4034,0.3837,290.8,70.8,14.7,0.04191,0.03391
2025-04-21T15:30:00,0.3797,0.4095,278.8,68.4,16.9,0.04316,0.03516
2025-04-21T15:45:00,0.3665,0.4965,282.8,65.2,15.4,0.05175,0.04375
2025-04-21T16:00:00,0.352,0.3859,273.4,58.3,16.3,0.05828,0.05028
2025-04-21T16:15:00,0.3876,0.4339,275.1,52.5,17.2,0.04735,0.03935
2025-04-21T16:30:00,0.2935,0.5128,224.0,59.8,16.8,0.05744,0.04944
2025-04-21T16:45:00,0.2859,0.4397,219.1,48.4,15.6,0.06065,0.05265
2025-04-21T17:00:00,0.2042,0.5519,155.6,60.2,14.7,0.07315,0.06515
2025-04-21T17:15:00,0.235,0.6188,175.2,62.4,14.4,0.08781,0.07981
2025-04-21T17:30:00,0.1732,0.805,125.7,70.8,15.7,0.0899,0.0819
2025-04-21T17:45:00,0.1202,0.8205,88.2,69.0,15.7,0.08663,0.07863
2025-04-21T18:00:00,0.1102,0.7992,82.3,52.0,15.5,0.09797,0.08997
2025-04-21T18:15:00,0.0497,0.8236,36.9,65.8,12.9,0.1124,0.1044
2025-04-21T18:30:00,0.0565,1.052,42.4,63.6,14.8,0.10893,0.10093
2025-04-21T18:45:00,0.0,1.0303,0.0,60.7,15.0,0.11654,0.10854
2025-04-21T19:00:00,0.0043,1.1087,3.2,65.8,15.4,0.12279,0.11479
2025-04-21T19:15:00,0.0321,1.1349,23.5,62.6,13.4,0.11252,0.10452
2025-04-21T19:30:00,0.0,1.2116,0.0,43.6,11.7,0.12912,0.12112
2025-04-21T19:45:00,0.0248,1.1748,18.4,59.7,11.6,0.12596,0.11796
2025-04-21T20:00:00,0.0,1.2765,0.0,65.5,13.2,0.12533,0.11733
2025-04-21T20:15:00,0.0,1.1072,0.0,63.4,12.7,0.11277,0.10477
2025-04-21T20:30:00,0.0192,1.0878,14.3,60.9,13.5,0.10971,0.10171
2025-04-21T20:45:00,0.0352,0.848,25.4,60.0,11.6,0.10565,0.09765
2025-04-21T21:00:00,0.0049,0.9441,3.6,64.8,10.6,0.10521,0.09721
2025-04-21T21:15:00,0.0,0.7198,0.0,62.0,11.4,0.09848,0.09048
2025-04-21T21:30:00,0.0,0.6926,0.0,54.8,11.6,0.09333,0.08533
2025-04-21T21:45:00,0.0128,0.6083,9.4,64.4,10.7,0.09817,0.09017
2025-04-21T22:00:00,0.0101,0.6104,8.0,67.5,10.5,0.09064,0.08264
2025-04-21T22:15:00,0.0119,0.4782,8.6,56.5,9.3,0.0745,0.0665
2025-04-21T22:30:00,0.0,0.4943,0.0,53.7,10.2,0.07154,0.06354
2025-04-21T22:45:00,0.0398,0.4095,27.8,61.3,9.7,0.08304,0.07504
2025-04-21T23:00:00,0.0034,0.4143,2.6,63.8,7.6,0.0687,0.0607
2025-04-21T23:15:00,0.0018,0.4581,1.3,61.5,9.9,0.07724,0.06924
2025-04-21T23:30:00,0.0,0.4688,0.0,56.5,7.9,0.07735,0.06935
2025-04-21T23:45:00,0.0,0.3108,0.0,62.1,8.2,0.06363,0.05563
2025-04-22T00:00:00,0.005,0.3407,3.7,91.7,8.8,0.0635,0.0555
2025-04-22T00:15:00,0.0112,0.3676,8.2,91.1,6.5,0.06562,0.05762
2025-04-22T00:30:00,0.0455,0.3172,34.7,98.2,7.4,0.05994,0.05194
2025-04-22T00:45:00,0.0,0.4649,0.0,93.6,6.3,0.05925,0.05125
2025-04-22T01:00:00,0.0,0.3154,0.0,81.6,5.8,0.06271,0.05471
2025-04-22T01:15:00,0.0012,0.3346,0.9,84.9,5.7,0.07024,0.06224
2025-04-22T01:30:00,0.0091,0.3678,6.5,87.1,5.2,0.06243,0.05443
2025-04-22T01:45:00,0.0143,0.3982,10.5,99.3,4.8,0.06388,0.05588
2025-04-22T02:00:00,0.0,0.2967,0.0,94.2,4.8,0.06233,0.05433
2025-04-22T02:15:00,0.0,0.2702,0.0,97.7,5.4,0.05693,0.04893
2025-04-22T02:30:00,0.0,0.3499,0.0,100.0,6.9,0.07403,0.06603
2025-04-22T02:45:00,0.0,0.4079,0.0,79.9,4.0,0.05108,0.04308
2025-04-22T03:00:00,0.0,0.2861,0.0,84.4,4.0,0.06122,0.05322
2025-04-22T03:15:00,0.0169,0.33,13.0,90.3,4.6,0.06853,0.06053
2025-04-22T03:30:00,0.0139,0.2921,10.0,92.2,6.6,0.05685,0.04885
2025-04-22T03:45:00,0.0149,0.2883,11.5,90.9,5.8,0.06896,0.06096
2025-04-22T04:00:00,0.0,0.3444,0.0,91.8,5.7,0.07302,0.06502
2025-04-22T04:15:00,0.0,0.2905,0.0,95.7,5.0,0.06064,0.05264
2025-04-22T04:30:00,0.0065,0.3696,5.1,93.5,5.8,0.06754,0.05954
2025-04-22T04:45:00,0.0214,0.4396,16.6,100.0,4.4,0.06038,0.05238
2025-04-22T05:00:00,0.0,0.4101,0.0,100.0,4.9,0.07122,0.06322
2025-04-22T05:15:00,0.0065,0.4921,4.9,98.0,4.4,0.07034,0.06234
2025-04-22T05:30:00,0.0369,0.519,29.2,95.2,6.5,0.07333,0.06533
2025-04-22T05:45:00,0.0753,0.5084,57.2,82.8,6.3,0.08313,0.07513
2025-04-22T06:00:00,0.033,0.557,24.6,96.9,5.7,0.08137,0.07337
2025-04-22T06:15:00,0.0964,0.6635,69.3,79.4,8.3,0.09088,0.08288
2025-04-22T06:30:00,0.0836,0.7071,64.7,92.8,8.2,0.09134,0.08334
2025-04-22T06:45:00,0.1327,0.7566,97.9,92.7,7.7,0.08528,0.07728
2025-04-22T07:00:00,0.1422,0.758,105.0,90.8,8.1,0.09882,0.09082
2025-04-22T07:15:00,0.1404,0.9696,104.3,98.3,8.4,0.10434,0.09634
2025-04-22T07:30:00,0.1643,0.9333,117.5,84.6,8.8,0.0958,0.0878
2025-04-22T07:45:00,0.1905,1.0284,141.4,92.3,7.7,0.11408,0.10608
2025-04-22T08:00:00,0.1651,0.846,129.8,92.2,8.9,0.10634,0.09834
2025-04-22T08:15:00,0.2152,0.8203,159.2,90.9,9.5,0.10612,0.09812
2025-04-22T08:30:00,0.2425,0.7566,182.8,88.3,10.2,0.09469,0.08669
2025-04-22T08:45:00,0.2014,0.5054,149.8,100.0,10.2,0.09509,0.08709
2025-04-22T09:00:00,0.2742,0.5538,199.6,94.9,11.8,0.08979,0.08179
2025-04-22T09:15:00,0.2879,0.6036,228.2,87.4,10.9,0.07855,0.07055
2025-04-22T09:30:00,0.1722,0.485,127.1,100.0,10.0,0.07311,0.06511
2025-04-22T09:45:00,0.3958,0.4767,290.3,80.7,11.8,0.05199,0.04399
2025-04-22T10:00:00,0.2705,0.4061,206.5,95.4,11.6,0.06522,0.05722
2025-04-22T10:15:00,0.2653,0.3991,207.8,93.9,10.0,0.04315,0.03515
2025-04-22T10:30:00,0.3112,0.3292,221.1,93.3,11.6,0.03008,0.02208
2025-04-22T10:45:00,0.3877,0.3125,278.8,87.6,12.0,0.03134,0.02334
2025-04-22T11:00:00,0.3736,0.2293,288.9,84.9,14.2,0.02662,0.01862
2025-04-22T11:15:00,0.3655,0.2229,275.4,83.4,12.4,0.03001,0.02201
2025-04-22T11:30:00,0.3194,0.3907,241.4,93.7,14.3,0.01695,0.00895
2025-04-22T11:45:00,0.3309,0.2796,246.1,91.0,13.0,0.02041,0.01241
2025-04-22T12:00:00,0.2593,0.2856,198.3,98.2,12.8,0.00983,0.00183
2025-04-22T12:15:00,0.3532,0.3463,255.8,89.9,14.3,0.02634,0.01834
2025-04-22T12:30:00,0.4033,0.3638,296.0,87.4,15.9,0.01455,0.00655
2025-04-22T12:45:00,0.3996,0.3349,286.8,84.4,13.8,0.02191,0.01391
2025-04-22T13:00:00,0.3151,0.3587,232.6,89.6,14.4,0.00371,-0.00429
2025-04-22T13:15:00,0.3285,0.3469,231.1,92.9,13.5,0.01413,0.00613
2025-04-22T13:30:00,0.359,0.2611,273.1,79.0,16.3,0.00548,-0.00252
2025-04-22T13:45:00,0.326,0.441,235.1,90.2,16.2,0.01644,0.00844
2025-04-22T14:00:00,0.3606,0.3808,260.6,85.1,14.7,0.01941,0.01141
2025-04-22T14:15:00,0.2443,0.2608,180.3,92.4,14.7,0.00871,0.00071
2025-04-22T14:30:00,0.2905,0.2872,211.3,90.8,14.0,0.01486,0.00686
2025-04-22T14:45:00,0.296,0.2455,220.0,89.7,15.2,0.01849,0.01049
2025-04-22T15:00:00,0.2303,0.3464,176.8,96.5,15.2,0.02061,0.01261
2025-04-22T15:15:00,0.2588,0.3053,191.8,89.0,14.5,0.02966,0.02166
2025-04-22T15:30:00,0.222,0.2041,159.3,95.3,16.0,0.03295,0.02495
2025-04-22T15:45:00,0.1776,0.4705,140.0,100.0,15.2,0.03493,0.02693
2025-04-22T16:00:00,0.2252,0.4111,158.2,92.4,16.1,0.04932,0.04132
2025-04-22T16:15:00,0.1614,0.4051,124.0,89.5,13.9,0.0574,0.0494
2025-04-22T16:30:00,0.1592,0.5061,114.9,97.4,15.0,0.05193,0.04393
2025-04-22T16:45:00,0.1743,0.4814,133.1,81.0,13.8,0.06249,0.05449
2025-04-22T17:00:00,0.1518,0.5894,109.6,84.2,14.2,0.07223,0.06423
2025-04-22T17:15:00,0.0675,0.5727,50.9,100.0,13.5,0.07745,0.06945
2025-04-22T17:30:00,0.1167,0.7456,85.4,86.6,14.9,0.08151,0.07351
2025-04-22T17:45:00,0.061,0.6991,44.8,86.3,13.8,0.09755,0.08955
2025-04-22T18:00:00,0.0414,0.9854,30.4,93.7,14.4,0.10464,0.09664
2025-04-22T18:15:00,0.0449,0.9803,32.6,85.0,13.4,0.11016,0.10216
2025-04-22T18:30:00,0.0422,1.0881,31.1,100.0,13.2,0.11075,0.10275
2025-04-22T18:45:00,0.0,1.1708,0.0,85.0,12.6,0.12893,0.12093
2025-04-22T19:00:00,0.0283,1.1746,20.1,100.0,12.5,0.13131,0.12331
2025-04-22T19:15:00,0.0,1.2107,0.0,86.9,12.2,0.12095,0.11295
2025-04-22T19:30:00,0.0117,1.1933,8.6,94.4,12.3,0.12365,0.11565
2025-04-22T19:45:00,0.0109,1.2018,7.9,86.9,11.8,0.13097,0.12297
2025-04-22T20:00:00,0.0053,1.1883,4.0,96.6,11.9,0.11706,0.10906
2025-04-22T20:15:00,0.0,1.1462,0.0,93.3,12.1,0.12097,0.11297
2025-04-22T20:30:00,0.0141,1.0221,10.3,84.9,10.7,0.11453,0.10653
2025-04-22T20:45:00,0.0058,0.9259,4.3,89.0,10.2,0.10495,0.09695
2025-04-22T21:00:00,0.0,0.9329,0.0,85.0,9.5,0.10226,0.09426
2025-04-22T21:15:00,0.0066,0.6885,4.9,91.4,9.8,0.08857,0.08057
2025-04-22T21:30:00,0.0029,0.8057,2.1,81.7,10.7,0.08924,0.08124
2025-04-22T21:45:00,0.0,0.5912,0.0,84.3,10.2,0.07539,0.06739
2025-04-22T22:00:00,0.0216,0.5801,16.6,90.2,8.7,0.09643,0.08843
2025-04-22T22:15:00,0.0,0.5612,0.0,82.5,8.9,0.08778,0.07978
2025-04-22T22:30:00,0.0,0.5964,0.0,93.1,7.8,0.08277,0.07477
2025-04-22T22:45:00,0.0,0.3815,0.0,100.0,8.9,0.07449,0.06649
2025-04-22T23:00:00,0.005,0.3035,3.6,84.4,8.3,0.07653,0.06853
2025-04-22T23:15:00,0.0001,0.3527,0.0,96.6,6.7,0.07653,0.06853
2025-04-22T23:30:00,0.0,0.2583,0.0,91.9,5.1,0.07378,0.06578
2025-04-22T23:45:00,0.0317,0.2746,24.1,81.8,8.0,0.07232,0.06432
2025-04-23T00:00:00,0.0105,0.2237,7.6,100.0,5.2,0.05957,0.05157
2025-04-23T00:15:00,0.0065,0.3767,4.9,83.2,6.2,0.06762,0.05962
2025-04-23T00:30:00,0.0,0.3326,0.0,83.4,6.0,0.06183,0.05383
2025-04-23T00:45:00,0.0091,0.3346,6.5,77.6,6.1,0.05796,0.04996
2025-04-23T01:00:00,0.0337,0.3823,25.3,96.9,5.7,0.05819,0.05019
2025-04-23T01:15:00,0.0226,0.3692,16.8,95.6,5.8,0.0676,0.0596
2025-04-23T01:30:00,0.0267,0.2564,19.6,88.1,6.4,0.07135,0.06335
2025-04-23T01:45:00,0.0,0.3826,0.0,88.1,5.7,0.05683,0.04883
2025-04-23T02:00:00,0.0154,0.3088,10.6,94.9,4.9,0.0755,0.0675
2025-04-23T02:15:00,0.0037,0.2651,2.6,88.3,5.2,0.07385,0.06585
2025-04-23T02:30:00,0.0,0.3195,0.0,88.7,4.8,0.06275,0.05475
2025-04-23T02:45:00,0.005,0.2667,3.7,91.0,5.1,0.06226,0.05426
2025-04-23T03:00:00,0.0,0.2919,0.0,100.0,5.5,0.06461,0.05661
2025-04-23T03:15:00,0.0,0.2368,0.0,90.9,5.9,0.07096,0.06296
2025-04-23T03:30:00,0.0004,0.2968,0.3,95.9,5.6,0.06283,0.05483
2025-04-23T03:45:00,0.0,0.3339,0.0,100.0,4.9,0.05859,0.05059
2025-04-23T04:00:00,0.0003,0.3199,0.2,92.7,4.8,0.06746,0.05946
2025-04-23T04:15:00,0.0,0.406,0.0,86.3,5.6,0.0533,0.0453
2025-04-23T04:30:00,0.034,0.3378,24.2,89.6,5.9,0.06702,0.05902
2025-04-23T04:45:00,0.0147,0.3504,10.7,87.0,6.5,0.07389,0.06589
2025-04-23T05:00:00,0.0,0.4549,0.0,82.8,5.4,0.0699,0.0619
2025-04-23T05:15:00,0.0346,0.476,25.9,91.3,6.0,0.07436,0.06636
2025-04-23T05:30:00,0.02,0.4912,13.8,96.7,5.9,0.07486,0.06686
2025-04-23T05:45:00,0.0586,0.5171,43.6,88.9,8.0,0.07916,0.07116
2025-04-23T06:00:00,0.0903,0.5409,70.7,82.6,7.2,0.07925,0.07125
2025-04-23T06:15:00,0.0506,0.5718,36.7,96.4,5.9,0.07763,0.06963
2025-04-23T06:30:00,0.1028,0.7414,81.2,99.6,7.8,0.08597,0.07797
2025-04-23T06:45:00,0.158,0.8512,112.0,88.6,7.7,0.09178,0.08378
2025-04-23T07:00:00,0.1623,0.9089,121.6,82.8,7.9,0.10448,0.09648
2025-04-23T07:15:00,0.1754,1.0129,129.2,83.1,7.9,0.11076,0.10276
2025-04-23T07:30:00,0.1884,0.8846,138.6,92.4,9.3,0.10651,0.09851
2025-04-23T07:45:00,0.1455,0.8846,108.0,95.9,9.0,0.10096,0.09296
2025-04-23T08:00:00,0.191,0.8496,146.5,94.2,8.2,0.1008,0.0928
2025-04-23T08:15:00,0.3291,0.8081,238.7,71.8,9.5,0.10185,0.09385
2025-04-23T08:30:00,0.1865,0.6414,136.2,94.7,10.0,0.10725,0.09925
2025-04-23T08:45:00,0.2414,0.6036,182.2,86.7,9.8,0.09524,0.08724
2025-04-23T09:00:00,0.3017,0.5818,217.4,88.4,11.1,0.08593,0.07793
2025-04-23T09:15:00,0.2575,0.4856,186.0,96.7,10.1,0.07384,0.06584
2025-04-23T09:30:00,0.309,0.5142,234.1,86.6,10.9,0.07543,0.06743
2025-04-23T09:45:00,0.3351,0.3412,246.6,79.4,12.4,0.06351,0.05551
2025-04-23T10:00:00,0.3357,0.4857,259.7,90.0,11.3,0.05331,0.04531
2025-04-23T10:15:00,0.2607,0.2785,208.4,95.5,12.1,0.04649,0.03849
2025-04-23T10:30:00,0.3623,0.3376,260.1,89.7,12.7,0.04877,0.04077
2025-04-23T10:45:00,0.3601,0.218,265.2,86.4,12.5,0.03104,0.02304
2025-04-23T11:00:00,0.3591,0.3464,255.2,89.7,12.5,0.03609,0.02809
2025-04-23T11:15:00,0.3796,0.3637,277.8,85.8,11.9,0.02796,0.01996
2025-04-23T11:30:00,0.3444,0.3378,251.1,91.7,10.9,0.01597,0.00797
2025-04-23T11:45:00,0.4121,0.262,299.8,82.7,12.2,0.01675,0.00875
2025-04-23T12:00:00,0.3606,0.3744,260.9,91.9,14.2,0.00715,-0.00085
2025-04-23T12:15:00,0.3131,0.2964,226.1,94.9,14.6,8e-05,-0.00792
2025-04-23T12:30:00,0.3066,0.249,233.3,93.4,14.3,0.00137,-0.00663
2025-04-23T12:45:00,0.4072,0.3315,295.8,79.2,15.8,-0.00373,-0.01173
2025-04-23T13:00:00,0.263,0.3529,206.4,95.5,13.2,0.00435,-0.00365
2025-04-23T13:15:00,0.4601,0.3756,335.8,77.3,15.6,0.00178,-0.00622
2025-04-23T13:30:00,0.2963,0.3052,204.9,100.0,16.2,0.00633,-0.00167
2025-04-23T13:45:00,0.2953,0.2725,204.7,94.2,14.7,0.00989,0.00189
2025-04-23T14:00:00,0.2516,0.2951,177.1,95.9,15.4,-0.01106,-0.01906
2025-04-23T14:15:00,0.3451,0.2503,258.9,86.7,14.9,0.01289,0.00489
2025-04-23T14:30:00,0.3535,0.3498,255.2,84.8,12.9,0.00411,-0.00389
2025-04-23T14:45:00,0.2437,0.2888,184.1,95.6,14.6,0.02026,0.01226
2025-04-23T15:00:00,0.2456,0.3047,175.5,93.2,15.7,0.0187,0.0107
2025-04-23T15:15:00,0.2705,0.3373,200.1,89.7,14.6,0.02959,0.02159
2025-04-23T15:30:00,0.3002,0.3752,224.9,85.1,15.8,0.0424,0.0344
2025-04-23T15:45:00,0.22,0.4327,160.0,88.1,14.9,0.02941,0.02141
2025-04-23T16:00:00,0.1888,0.4036,134.6,90.6,15.1,0.04646,0.03846
2025-04-23T16:15:00,0.158,0.3295,121.6,87.6,15.2,0.05074,0.04274
2025-04-23T16:30:00,0.1412,0.5115,104.7,96.5,14.5,0.046,0.038
2025-04-23T16:45:00,0.1471,0.6169,107.4,90.7,13.4,0.06767,0.05967
2025-04-23T17:00:00,0.1378,0.5491,100.6,89.3,14.2,0.0707,0.0627
2025-04-23T17:15:00,0.1039,0.6006,78.3,97.5,13.6,0.0744,0.0664
2025-04-23T17:30:00,0.1527,0.6096,112.6,85.0,15.2,0.08027,0.07227
2025-04-23T17:45:00,0.1238,0.7519,92.9,78.4,14.2,0.11107,0.10307
2025-04-23T18:00:00,0.1048,0.7919,75.0,85.6,14.6,0.09648,0.08848
2025-04-23T18:15:00,0.0613,1.0202,44.6,84.0,14.4,0.09472,0.08672
2025-04-23T18:30:00,0.0475,0.9337,33.4,88.4,12.9,0.10597,0.09797
2025-04-23T18:45:00,0.0437,1.0785,32.8,96.9,12.3,0.11446,0.10646
2025-04-23T19:00:00,0.0,1.2013,0.0,80.6,13.9,0.11829,0.11029
2025-04-23T19:15:00,0.0,1.1377,0.0,90.4,12.7,0.12267,0.11467
2025-04-23T19:30:00,0.0,1.1697,0.0,80.3,12.6,0.11791,0.10991
2025-04-23T19:45:00,0.0162,1.3082,11.8,85.3,11.6,0.12695,0.11895
2025-04-23T20:00:00,0.0141,1.0479,10.5,85.3,12.3,0.11883,0.11083
2025-04-23T20:15:00,0.0044,1.0787,3.4,89.6,11.7,0.11031,0.10231
2025-04-23T20:30:00,0.0,1.1701,0.0,91.2,11.6,0.10927,0.10127
2025-04-23T20:45:00,0.0079,1.0159,5.8,100.0,10.1,0.10678,0.09878
2025-04-23T21:00:00,0.0133,0.7796,9.4,96.2,9.5,0.10867,0.10067
2025-04-23T21:15:00,0.0,0.7327,0.0,88.6,10.9,0.10084,0.09284
2025-04-23T21:30:00,0.0261,0.6025,18.9,81.3,9.5,0.09041,0.08241
2025-04-23T21:45:00,0.0,0.6544,0.0,91.0,9.6,0.08742,0.07942
2025-04-23T22:00:00,0.0137,0.5158,9.4,96.2,7.8,0.08398,0.07598
2025-04-23T22:15:00,0.0029,0.4612,2.0,87.6,10.4,0.09092,0.08292
2025-04-23T22:30:00,0.0,0.3795,0.0,86.1,8.0,0.07163,0.06363
2025-04-23T22:45:00,0.0133,0.475,9.9,88.9,7.4,0.07542,0.06742
2025-04-23T23:00:00,0.0257,0.2125,19.0,97.6,8.2,0.07484,0.06684
2025-04-23T23:15:00,0.0491,0.2722,36.8,92.9,6.6,0.06313,0.05513
2025-04-23T23:30:00,0.0435,0.3876,32.4,85.9,6.5,0.06877,0.06077
2025-04-23T23:45:00,0.0,0.2687,0.0,91.1,6.3,0.06774,0.05974
2025-04-24T00:00:00,0.0,0.3954,0.0,35.4,9.3,0.06218,0.05418
2025-04-24T00:15:00,0.0118,0.321,8.9,44.1,8.6,0.06841,0.06041
2025-04-24T00:30:00,0.0124,0.3857,9.2,41.4,7.9,0.07117,0.06317
2025-04-24T00:45:00,0.0169,0.3372,12.6,33.1,6.9,0.07178,0.06378
2025-04-24T01:00:00,0.0263,0.3458,19.3,44.5,7.0,0.06385,0.05585
2025-04-24T01:15:00,0.0,0.3183,0.0,27.7,8.7,0.06614,0.05814
2025-04-24T01:30:00,0.0212,0.354,15.6,35.3,8.6,0.0791,0.0711
2025-04-24T01:45:00,0.0156,0.2324,11.6,35.2,6.8,0.05838,0.05038
2025-04-24T02:00:00,0.0044,0.238,3.4,38.4,8.8,0.06633,0.05833
2025-04-24T02:15:00,0.0305,0.3795,22.6,45.9,6.2,0.07034,0.06234
2025-04-24T02:30:00,0.0,0.4022,0.0,60.6,6.9,0.06591,0.05791
2025-04-24T02:45:00,0.0105,0.3384,7.7,50.6,8.0,0.06895,0.06095
2025-04-24T03:00:00,0.0,0.2691,0.0,33.7,7.4,0.06606,0.05806
2025-04-24T03:15:00,0.0023,0.31,1.6,37.7,7.3,0.06958,0.06158
2025-04-24T03:30:00,0.0045,0.3933,3.3,34.1,6.6,0.0728,0.0648
2025-04-24T03:45:00,0.0063,0.3705,4.7,36.9,7.0,0.06388,0.05588
2025-04-24T04:00:00,0.0132,0.2684,9.8,41.0,8.8,0.06657,0.05857
2025-04-24T04:15:00,0.0176,0.436,13.3,48.4,7.8,0.06535,0.05735
2025-04-24T04:30:00,0.0,0.2554,0.0,33.5,7.4,0.06375,0.05575
2025-04-24T04:45:00,0.0,0.331,0.0,37.8,7.3,0.06681,0.05881
2025-04-24T05:00:00,0.0272,0.2652,20.3,38.5,7.8,0.06127,0.05327
2025-04-24T05:15:00,0.0402,0.4431,30.6,29.4,8.6,0.07415,0.06615
2025-04-24T05:30:00,0.1267,0.5923,92.7,38.9,9.3,0.08212,0.07412
2025-04-24T05:45:00,0.0942,0.5126,68.1,51.4,8.9,0.08504,0.07704
2025-04-24T06:00:00,0.1519,0.5577,112.3,42.6,8.1,0.08607,0.07807
2025-04-24T06:15:00,0.1503,0.6214,112.5,42.4,9.8,0.07688,0.06888
2025-04-24T06:30:00,0.234,0.713,163.2,58.0,7.0,0.09651,0.08851
2025-04-24T06:45:00,0.2542,0.8109,186.2,42.2,9.1,0.08803,0.08003
2025-04-24T07:00:00,0.3341,0.8711,249.7,39.4,10.6,0.09676,0.08876
2025-04-24T07:15:00,0.388,0.8743,277.6,36.0,10.5,0.11228,0.10428
2025-04-24T07:30:00,0.3149,0.9594,221.7,53.4,9.9,0.09783,0.08983
2025-04-24T07:45:00,0.4265,0.7626,326.1,35.3,9.4,0.11088,0.10288
2025-04-24T08:00:00,0.4615,0.8092,351.2,35.4,10.9,0.10733,0.09933
2025-04-24T08:15:00,0.5061,0.7877,375.5,35.7,11.2,0.10266,0.09466
2025-04-24T08:30:00,0.553,0.6965,399.2,35.4,12.0,0.09442,0.08642
2025-04-24T08:45:00,0.4816,0.7431,367.0,43.0,11.7,0.09672,0.08872
2025-04-24T09:00:00,0.5197,0.5707,368.3,48.1,12.2,0.08465,0.07665
2025-04-24T09:15:00,0.6471,0.4301,472.6,38.0,13.8,0.08613,0.07813
2025-04-24T09:30:00,0.6353,0.4518,444.6,42.6,11.7,0.07921,0.07121
2025-04-24T09:45:00,0.6554,0.4705,480.5,37.8,13.5,0.05555,0.04755
2025-04-24T10:00:00,0.6493,0.4759,470.7,50.3,13.6,0.053,0.045
2025-04-24T10:15:00,0.6956,0.3647,499.0,41.7,14.2,0.04676,0.03876
2025-04-24T10:30:00,0.7384,0.3902,550.0,39.8,13.8,0.03477,0.02677
2025-04-24T10:45:00,0.6742,0.3436,513.5,41.7,15.3,0.02893,0.02093
2025-04-24T11:00:00,0.6496,0.3135,482.1,51.8,14.6,0.03054,0.02254
2025-04-24T11:15:00,0.7104,0.2005,548.1,41.4,14.8,0.02372,0.01572
2025-04-24T11:30:00,0.6713,0.3579,513.8,51.0,15.9,0.0106,0.0026
2025-04-24T11:45:00,0.6962,0.2435,513.5,46.0,17.0,0.01342,0.00542
2025-04-24T12:00:00,0.8083,0.3475,587.8,32.9,18.0,0.01652,0.00852
2025-04-24T12:15:00,0.7687,0.3476,550.9,38.7,15.0,0.00359,-0.00441
2025-04-24T12:30:00,0.745,0.3158,526.6,47.4,16.3,0.0034,-0.0046
2025-04-24T12:45:00,0.7941,0.4037,596.5,31.5,16.3,0.01732,0.00932
2025-04-24T13:00:00,0.6836,0.3189,524.8,46.6,16.9,0.0153,0.0073
2025-04-24T13:15:00,0.7576,0.383,534.5,43.8,18.2,-0.00196,-0.00996
2025-04-24T13:30:00,0.7674,0.2658,562.3,34.2,16.4,0.00078,-0.00722
2025-04-24T13:45:00,0.7448,0.302,546.1,36.7,16.5,0.01297,0.00497
2025-04-24T14:00:00,0.6695,0.457,514.5,40.3,17.7,0.00603,-0.00197
2025-04-24T14:15:00,0.69,0.3585,524.7,31.6,17.6,0.01471,0.00671
2025-04-24T14:30:00,0.7168,0.2263,516.3,36.0,17.7,0.01706,0.00906
2025-04-24T14:45:00,0.6056,0.3582,455.0,41.7,17.6,0.02708,0.01908
2025-04-24T15:00:00,0.6451,0.3011,457.8,33.6,18.1,0.01284,0.00484
2025-04-24T15:15:00,0.5439,0.3708,412.6,42.4,18.1,0.01938,0.01138
2025-04-24T15:30:00,0.5145,0.2543,364.0,44.5,17.3,0.03005,0.02205
2025-04-24T15:45:00,0.3753,0.3857,287.1,53.0,17.8,0.04854,0.04054
2025-04-24T16:00:00,0.4049,0.3875,312.2,44.2,17.2,0.04681,0.03881
2025-04-24T16:15:00,0.3696,0.3998,274.3,45.2,17.2,0.04302,0.03502
2025-04-24T16:30:00,0.3431,0.3682,257.6,45.0,17.0,0.06204,0.05404
2025-04-24T16:45:00,0.312,0.4715,234.9,49.9,15.9,0.06946,0.06146
2025-04-24T17:00:00,0.3108,0.6172,225.0,32.2,17.9,0.07019,0.06219
2025-04-24T17:15:00,0.2801,0.6856,201.4,40.4,16.5,0.07642,0.06842
2025-04-24T17:30:00,0.2706,0.6345,206.6,37.2,17.2,0.08798,0.07998
2025-04-24T17:45:00,0.1573,0.7618,112.9,50.4,16.3,0.09964,0.09164
2025-04-24T18:00:00,0.1338,0.9473,94.5,45.5,15.2,0.10022,0.09222
2025-04-24T18:15:00,0.1518,1.0054,107.6,36.8,16.1,0.10907,0.10107
2025-04-24T18:30:00,0.0987,0.9986,72.8,37.4,15.2,0.11153,0.10353
2025-04-24T18:45:00,0.0411,1.1691,30.6,42.4,14.5,0.11458,0.10658
2025-04-24T19:00:00,0.0069,1.1656,5.1,47.2,12.9,0.11525,0.10725
2025-04-24T19:15:00,0.0319,1.2046,23.3,40.5,13.0,0.12479,0.11679
2025-04-24T19:30:00,0.006,1.1715,4.5,47.0,13.2,0.12247,0.11447
2025-04-24T19:45:00,0.0,1.2463,0.0,41.5,12.9,0.12229,0.11429
2025-04-24T20:00:00,0.0072,1.2017,5.2,43.9,12.2,0.12735,0.11935
2025-04-24T20:15:00,0.0021,1.1716,1.5,38.4,12.3,0.12143,0.11343
2025-04-24T20:30:00,0.0,1.0692,0.0,48.0,13.2,0.1194,0.1114
2025-04-24T20:45:00,0.0,0.9466,0.0,45.4,12.9,0.09965,0.09165
2025-04-24T21:00:00,0.0091,0.8153,7.0,42.3,12.1,0.10694,0.09894
2025-04-24T21:15:00,0.0156,0.7302,11.6,47.3,13.1,0.0944,0.0864
2025-04-24T21:30:00,0.0,0.724,0.0,47.9,11.1,0.08759,0.07959
2025-04-24T21:45:00,0.0221,0.5907,15.8,44.1,10.8,0.08219,0.07419
2025-04-24T22:00:00,0.0075,0.5734,5.6,41.7,11.1,0.08996,0.08196
2025-04-24T22:15:00,0.0,0.3996,0.0,47.5,11.0,0.08366,0.07566
2025-04-24T22:30:00,0.0097,0.4479,7.4,36.9,10.0,0.07104,0.06304
2025-04-24T22:45:00,0.0197,0.4136,14.7,39.9,9.6,0.0658,0.0578
2025-04-24T23:00:00,0.0145,0.3602,10.5,42.0,9.9,0.07056,0.06256
2025-04-24T23:15:00,0.0015,0.3454,1.2,40.0,9.0,0.06609,0.05809
2025-04-24T23:30:00,0.0156,0.3051,11.7,46.0,10.6,0.07759,0.06959
2025-04-24T23:45:00,0.0227,0.2482,17.1,43.3,8.7,0.05799,0.04999
2025-04-25T00:00:00,0.0,0.4402,0.0,39.8,9.3,0.05402,0.04602
2025-04-25T00:15:00,0.0204,0.3197,15.2,35.1,7.5,0.06347,0.05547
2025-04-25T00:30:00,0.0,0.3691,0.0,36.0,9.4,0.06506,0.05706
2025-04-25T00:45:00,0.0,0.4426,0.0,32.8,9.8,0.0658,0.0578
2025-04-25T01:00:00,0.0,0.3164,0.0,33.3,9.5,0.06952,0.06152
2025-04-25T01:15:00,0.0098,0.3804,7.0,24.6,9.0,0.07744,0.06944
2025-04-25T01:30:00,0.0,0.4616,0.0,38.5,7.0,0.06295,0.05495
2025-04-25T01:45:00,0.0,0.389,0.0,32.1,8.7,0.06173,0.05373
2025-04-25T02:00:00,0.0302,0.317,21.9,34.4,8.0,0.05445,0.04645
2025-04-25T02:15:00,0.0,0.2861,0.0,40.5,7.2,0.06646,0.05846
2025-04-25T02:30:00,0.018,0.3213,13.9,39.5,7.2,0.07013,0.06213
2025-04-25T02:45:00,0.0,0.4027,0.0,44.5,8.7,0.06345,0.05545
2025-04-25T03:00:00,0.0,0.5304,0.0,29.8,8.6,0.07211,0.06411
2025-04-25T03:15:00,0.0,0.2892,0.0,36.5,8.3,0.06523,0.05723
2025-04-25T03:30:00,0.0,0.3341,0.0,42.5,8.2,0.0742,0.0662
2025-04-25T03:45:00,0.0,0.4166,0.0,34.4,9.0,0.0672,0.0592
2025-04-25T04:00:00,0.0,0.312,0.0,33.7,8.7,0.05904,0.05104
2025-04-25T04:15:00,0.0,0.4328,0.0,31.2,8.1,0.06186,0.05386
2025-04-25T04:30:00,0.0195,0.4436,14.7,37.5,8.0,0.05696,0.04896
2025-04-25T04:45:00,0.0,0.3531,0.0,33.2,8.2,0.0565,0.0485
2025-04-25T05:00:00,0.032,0.4258,24.3,34.2,7.3,0.06965,0.06165
2025-04-25T05:15:00,0.0175,0.4819,13.4,26.6,8.8,0.07489,0.06689
2025-04-25T05:30:00,0.1212,0.395,87.9,39.5,7.4,0.08361,0.07561
2025-04-25T05:45:00,0.1141,0.5003,85.5,37.8,10.2,0.07444,0.06644
2025-04-25T06:00:00,0.1943,0.542,144.7,38.9,9.1,0.07694,0.06894
2025-04-25T06:15:00,0.2018,0.5937,150.0,43.1,8.7,0.07593,0.06793
2025-04-25T06:30:00,0.232,0.7995,169.3,42.4,7.7,0.0932,0.0852
2025-04-25T06:45:00,0.2802,0.7594,196.9,36.3,10.4,0.0945,0.0865
2025-04-25T07:00:00,0.302,0.8268,224.2,45.9,10.3,0.09329,0.08529
2025-04-25T07:15:00,0.3823,0.9049,279.3,29.6,10.4,0.10504,0.09704
2025-04-25T07:30:00,0.346,0.935,256.9,48.4,10.6,0.10723,0.09923
2025-04-25T07:45:00,0.506,0.8602,354.4,26.1,11.7,0.09409,0.08609
2025-04-25T08:00:00,0.4793,0.8358,350.4,36.0,11.8,0.10942,0.10142
2025-04-25T08:15:00,0.4619,0.851,348.0,39.7,10.6,0.10351,0.09551
2025-04-25T08:30:00,0.5343,0.7044,399.3,40.1,10.9,0.09621,0.08821
2025-04-25T08:45:00,0.5508,0.6807,386.0,40.8,12.1,0.09028,0.08228
2025-04-25T09:00:00,0.5283,0.5639,387.1,44.3,12.4,0.0962,0.0882
2025-04-25T09:15:00,0.6556,0.5448,455.4,35.5,13.7,0.08696,0.07896
2025-04-25T09:30:00,0.6657,0.4736,502.7,31.3,12.7,0.08027,0.07227
2025-04-25T09:45:00,0.6916,0.4819,497.0,39.3,14.7,0.0539,0.0459
2025-04-25T10:00:00,0.6939,0.3873,513.3,35.3,15.3,0.04854,0.04054
2025-04-25T10:15:00,0.7656,0.3582,562.0,33.1,15.8,0.04997,0.04197
2025-04-25T10:30:00,0.6723,0.2602,491.0,41.4,13.6,0.02987,0.02187
2025-04-25T10:45:00,0.829,0.2276,593.7,32.1,14.5,0.02595,0.01795
2025-04-25T11:00:00,0.7316,0.447,540.1,41.3,15.2,0.0132,0.0052
2025-04-25T11:15:00,0.7715,0.3758,559.8,36.6,16.6,0.0295,0.0215
2025-04-25T11:30:00,0.7921,0.2174,593.0,37.4,15.0,0.01972,0.01172
2025-04-25T11:45:00,0.8838,0.4186,658.7,26.6,15.5,0.01171,0.00371
2025-04-25T12:00:00,0.7884,0.2367,569.5,37.3,16.1,0.00657,-0.00143
2025-04-25T12:15:00,0.8003,0.3265,573.7,34.6,15.6,-0.00021,-0.00821
2025-04-25T12:30:00,0.7609,0.3748,557.4,37.8,18.0,-0.00225,-0.01025
2025-04-25T12:45:00,0.8428,0.4302,588.6,37.0,16.5,0.0025,-0.0055
2025-04-25T13:00:00,0.7016,0.418,527.5,41.3,16.1,-0.00591,-0.01391
2025-04-25T13:15:00,0.7342,0.3237,560.6,35.1,19.3,0.00615,-0.00185
2025-04-25T13:30:00,0.8149,0.3018,579.7,28.6,18.2,-0.00288,-0.01088
2025-04-25T13:45:00,0.7452,0.2848,540.2,35.5,18.1,-0.00306,-0.01106
2025-04-25T14:00:00,0.6846,0.256,512.5,35.7,16.5,0.01281,0.00481
2025-04-25T14:15:00,0.731,0.2587,513.2,36.1,17.8,0.00767,-0.00033
2025-04-25T14:30:00,0.6031,0.2261,444.6,43.4,17.6,0.01593,0.00793
2025-04-25T14:45:00,0.6761,0.3404,462.2,31.5,18.4,0.01464,0.00664
2025-04-25T15:00:00,0.6075,0.3181,468.8,33.7,17.3,0.00854,0.00054
2025-04-25T15:15:00,0.6027,0.2622,451.5,27.2,17.8,0.03052,0.02252
2025-04-25T15:30:00,0.5771,0.4234,414.5,32.3,18.3,0.02459,0.01659
2025-04-25T15:45:00,0.5449,0.2096,384.9,36.3,17.5,0.04481,0.03681
2025-04-25T16:00:00,0.503,0.3874,352.4,32.3,16.0,0.03486,0.02686
2025-04-25T16:15:00,0.4441,0.3875,330.5,39.9,16.5,0.03904,0.03104
2025-04-25T16:30:00,0.4141,0.3949,303.5,30.7,17.8,0.05838,0.05038
2025-04-25T16:45:00,0.3678,0.3383,265.8,36.9,17.1,0.06565,0.05765
2025-04-25T17:00:00,0.3712,0.5627,265.2,26.4,17.3,0.07057,0.06257
2025-04-25T17:15:00,0.2644,0.6323,196.4,39.2,16.3,0.06972,0.06172
2025-04-25T17:30:00,0.3008,0.624,221.3,37.6,16.1,0.08957,0.08157
2025-04-25T17:45:00,0.1573,0.8328,121.2,48.4,16.0,0.08272,0.07472
2025-04-25T18:00:00,0.2138,0.8315,151.9,30.8,16.6,0.09584,0.08784
2025-04-25T18:15:00,0.1443,0.9851,108.8,37.6,17.0,0.10062,0.09262
2025-04-25T18:30:00,0.099,1.0044,71.4,32.5,15.5,0.10916,0.10116
2025-04-25T18:45:00,0.0026,1.0789,1.9,43.3,16.9,0.12168,0.11368
2025-04-25T19:00:00,0.0,1.1459,0.0,35.1,15.5,0.11672,0.10872
2025-04-25T19:15:00,0.0003,1.2279,0.2,31.4,15.2,0.12648,0.11848
2025-04-25T19:30:00,0.0,1.197,0.0,42.8,14.7,0.12832,0.12032
2025-04-25T19:45:00,0.0,1.2944,0.0,43.3,14.6,0.1134,0.1054
2025-04-25T20:00:00,0.0,1.1922,0.0,41.3,12.3,0.11472,0.10672
2025-04-25T20:15:00,0.0,1.0802,0.0,37.4,14.9,0.11617,0.10817
2025-04-25T20:30:00,0.0141,0.9792,10.3,35.1,13.7,0.1106,0.1026
2025-04-25T20:45:00,0.0,0.8566,0.0,37.6,12.4,0.11093,0.10293
2025-04-25T21:00:00,0.0,0.9518,0.0,37.1,12.6,0.09198,0.08398
2025-04-25T21:15:00,0.0008,0.8815,0.5,41.0,12.8,0.10225,0.09425
2025-04-25T21:30:00,0.0077,0.7247,5.4,37.0,11.6,0.0969,0.0889
2025-04-25T21:45:00,0.0168,0.628,12.4,27.5,12.8,0.08629,0.07829
2025-04-25T22:00:00,0.0,0.489,0.0,40.3,12.1,0.07439,0.06639
2025-04-25T22:15:00,0.0033,0.5336,2.3,37.0,10.6,0.07872,0.07072
2025-04-25T22:30:00,0.0,0.4254,0.0,33.5,11.2,0.07211,0.06411
2025-04-25T22:45:00,0.0,0.4593,0.0,32.4,10.2,0.07602,0.06802
2025-04-25T23:00:00,0.0008,0.3509,0.6,28.8,10.6,0.06997,0.06197
2025-04-25T23:15:00,0.0,0.5337,0.0,36.9,10.7,0.07322,0.06522
2025-04-25T23:30:00,0.0,0.3753,0.0,36.4,11.2,0.06504,0.05704
2025-04-25T23:45:00,0.0151,0.3284,10.8,36.6,9.5,0.07542,0.06742
2025-04-26T00:00:00,0.0249,0.502,17.6,14.2,9.3,0.05117,0.04317
2025-04-26T00:15:00,0.0,0.4253,0.0,34.3,8.5,0.0589,0.0509
2025-04-26T00:30:00,0.0,0.3944,0.0,13.4,9.0,0.06794,0.05994
2025-04-26T00:45:00,0.0,0.4494,0.0,28.1,9.6,0.05593,0.04793
2025-04-26T01:00:00,0.0,0.4239,0.0,24.7,10.5,0.06942,0.06142
2025-04-26T01:15:00,0.0,0.5315,0.0,32.6,8.8,0.0577,0.0497
2025-04-26T01:30:00,0.0,0.5309,0.0,18.3,8.8,0.06556,0.05756
2025-04-26T01:45:00,0.0,0.5365,0.0,23.5,9.1,0.05951,0.05151
2025-04-26T02:00:00,0.0,0.4929,0.0,24.3,8.0,0.06235,0.05435
2025-04-26T02:15:00,0.0153,0.5794,11.4,24.0,8.6,0.06605,0.05805
2025-04-26T02:30:00,0.0274,0.5371,19.5,19.0,9.4,0.06438,0.05638
2025-04-26T02:45:00,0.0,0.5086,0.0,26.2,8.3,0.06272,0.05472
2025-04-26T03:00:00,0.0097,0.5346,7.3,24.5,8.3,0.07794,0.06994
2025-04-26T03:15:00,0.0,0.5009,0.0,35.4,7.4,0.0651,0.0571
2025-04-26T03:30:00,0.0,0.536,0.0,29.5,7.8,0.05929,0.05129
2025-04-26T03:45:00,0.0388,0.3819,27.8,21.0,8.4,0.07077,0.06277
2025-04-26T04:00:00,0.0,0.4328,0.0,31.9,7.8,0.07031,0.06231
2025-04-26T04:15:00,0.0334,0.6169,23.8,27.4,9.5,0.07302,0.06502
2025-04-26T04:30:00,0.0305,0.4659,22.0,40.1,9.2,0.07689,0.06889
2025-04-26T04:45:00,0.0,0.4555,0.0,26.6,9.8,0.06129,0.05329
2025-04-26T05:00:00,0.0268,0.5057,19.1,23.6,8.5,0.07441,0.06641
2025-04-26T05:15:00,0.0607,0.5485,45.7,21.7,8.5,0.07652,0.06852
2025-04-26T05:30:00,0.118,0.6321,88.4,26.0,9.1,0.0719,0.0639
2025-04-26T05:45:00,0.1339,0.6668,94.0,33.7,9.4,0.07627,0.06827
2025-04-26T06:00:00,0.2261,0.6257,166.1,21.9,8.3,0.06038,0.05238
2025-04-26T06:15:00,0.2363,0.8384,176.8,29.5,7.8,0.07919,0.07119
2025-04-26T06:30:00,0.2702,0.9334,199.7,18.2,10.4,0.09808,0.09008
2025-04-26T06:45:00,0.3097,0.9959,233.9,26.3,10.9,0.08154,0.07354
2025-04-26T07:00:00,0.3053,1.0158,218.2,41.2,10.4,0.09378,0.08578
2025-04-26T07:15:00,0.4177,1.067,313.2,28.1,9.3,0.10282,0.09482
2025-04-26T07:30:00,0.479,1.0088,342.1,18.3,10.8,0.10756,0.09956
2025-04-26T07:45:00,0.4834,0.9786,346.0,29.2,9.9,0.11542,0.10742
2025-04-26T08:00:00,0.5155,0.9554,378.7,23.4,11.4,0.0948,0.0868
2025-04-26T08:15:00,0.5874,0.8261,406.9,26.7,13.2,0.10348,0.09548
2025-04-26T08:30:00,0.5369,0.8049,392.4,41.0,10.8,0.1044,0.0964
2025-04-26T08:45:00,0.6346,0.744,459.1,36.2,12.3,0.08575,0.07775
2025-04-26T09:00:00,0.6935,0.7112,494.8,30.0,13.2,0.08652,0.07852
2025-04-26T09:15:00,0.6462,0.6337,483.6,35.2,12.7,0.09034,0.08234
2025-04-26T09:30:00,0.7142,0.6455,542.5,24.9,13.4,0.07877,0.07077
2025-04-26T09:45:00,0.7108,0.5803,515.1,35.5,13.7,0.06588,0.05788
2025-04-26T10:00:00,0.7243,0.4427,543.3,32.5,15.1,0.03895,0.03095
2025-04-26T10:15:00,0.7015,0.4499,533.0,37.3,13.9,0.04627,0.03827
2025-04-26T10:30:00,0.8765,0.351,661.5,20.9,15.6,0.04232,0.03432
2025-04-26T10:45:00,0.8773,0.5119,626.6,24.3,14.6,0.03169,0.02369
2025-04-26T11:00:00,0.8301,0.4957,575.6,35.6,15.1,0.02727,0.01927
2025-04-26T11:15:00,0.9661,0.491,706.9,19.1,16.4,0.04089,0.03289
2025-04-26T11:30:00,0.953,0.421,699.4,14.7,16.7,0.01642,0.00842
2025-04-26T11:45:00,0.844,0.3729,611.7,28.7,17.3,0.00782,-0.00018
2025-04-26T12:00:00,0.8581,0.4067,614.2,31.2,16.0,0.01168,0.00368
2025-04-26T12:15:00,0.9419,0.4759,689.0,17.3,17.2,0.0056,-0.0024
2025-04-26T12:30:00,0.9085,0.4684,675.8,20.8,18.0,0.00364,-0.00436
2025-04-26T12:45:00,0.8872,0.499,635.2,25.0,17.4,0.00376,-0.00424
2025-04-26T13:00:00,0.7825,0.4102,581.2,37.5,15.8,0.00851,0.00051
2025-04-26T13:15:00,0.8839,0.4738,662.1,24.8,17.5,0.00568,-0.00232
2025-04-26T13:30:00,0.7279,0.5496,545.7,38.0,18.3,-0.00177,-0.00977
2025-04-26T13:45:00,0.7982,0.306,595.9,25.7,18.4,0.00657,-0.00143
2025-04-26T14:00:00,0.7692,0.4028,567.4,27.7,19.1,0.01283,0.00483
2025-04-26T14:15:00,0.7827,0.4303,575.0,26.8,17.6,0.01041,0.00241
2025-04-26T14:30:00,0.7656,0.4707,551.7,25.9,18.6,0.02386,0.01586
2025-04-26T14:45:00,0.651,0.4004,484.2,33.5,17.9,0.02581,0.01781
2025-04-26T15:00:00,0.6523,0.5,478.7,25.0,17.9,0.01973,0.01173
2025-04-26T15:15:00,0.5896,0.3555,437.5,33.9,18.1,0.03242,0.02442
2025-04-26T15:30:00,0.5415,0.4793,396.3,35.1,18.1,0.04746,0.03946
2025-04-26T15:45:00,0.6261,0.4753,443.4,24.5,17.0,0.0502,0.0422
2025-04-26T16:00:00,0.5208,0.4233,386.5,25.8,17.8,0.046,0.038
2025-04-26T16:15:00,0.5145,0.5292,396.3,24.5,17.9,0.05746,0.04946
2025-04-26T16:30:00,0.4344,0.6247,310.0,27.0,16.8,0.05404,0.04604
2025-04-26T16:45:00,0.4049,0.573,292.8,23.4,18.2,0.0557,0.0477
2025-04-26T17:00:00,0.3723,0.5936,269.1,24.4,17.5,0.07431,0.06631
2025-04-26T17:15:00,0.291,0.734,228.9,22.5,17.0,0.07933,0.07133
2025-04-26T17:30:00,0.2635,0.7689,199.6,29.0,16.4,0.088,0.08
2025-04-26T17:45:00,0.2227,0.8599,161.5,37.1,17.1,0.09189,0.08389
2025-04-26T18:00:00,0.1543,1.063,113.7,36.8,17.1,0.101,0.093
2025-04-26T18:15:00,0.1478,1.106,109.3,29.3,15.2,0.10259,0.09459
2025-04-26T18:30:00,0.1093,1.2138,77.7,23.1,16.4,0.11451,0.10651
2025-04-26T18:45:00,0.0438,1.0936,33.2,36.8,15.8,0.12175,0.11375
2025-04-26T19:00:00,0.0,1.2196,0.0,26.0,15.5,0.12031,0.11231
2025-04-26T19:15:00,0.0342,1.2626,24.9,28.4,16.3,0.12808,0.12008
2025-04-26T19:30:00,0.0,1.3019,0.0,24.7,15.2,0.1136,0.1056
2025-04-26T19:45:00,0.0473,1.2719,35.4,24.6,15.6,0.119,0.111
2025-04-26T20:00:00,0.0,1.2931,0.0,27.6,13.6,0.13042,0.12242
2025-04-26T20:15:00,0.0,1.2892,0.0,27.3,13.9,0.12906,0.12106
2025-04-26T20:30:00,0.0296,1.2472,21.9,25.2,12.6,0.11568,0.10768
2025-04-26T20:45:00,0.0,1.0641,0.0,33.1,13.9,0.10848,0.10048
2025-04-26T21:00:00,0.0075,0.984,5.7,23.6,14.0,0.09597,0.08797
2025-04-26T21:15:00,0.0,1.0087,0.0,42.7,12.1,0.10012,0.09212
2025-04-26T21:30:00,0.0,0.731,0.0,27.3,12.5,0.09711,0.08911
2025-04-26T21:45:00,0.0,0.7852,0.0,28.1,10.9,0.07841,0.07041
2025-04-26T22:00:00,0.0,0.6988,0.0,29.5,11.7,0.08604,0.07804
2025-04-26T22:15:00,0.0,0.6588,0.0,33.8,11.2,0.08163,0.07363
2025-04-26T22:30:00,0.0,0.5969,0.0,29.1,10.8,0.07799,0.06999
2025-04-26T22:45:00,0.0143,0.5402,9.7,28.0,10.2,0.06586,0.05786
2025-04-26T23:00:00,0.0133,0.5774,10.2,27.0,10.2,0.07373,0.06573
2025-04-26T23:15:00,0.0146,0.4694,11.0,21.0,11.2,0.05986,0.05186
2025-04-26T23:30:00,0.0,0.4984,0.0,33.5,9.4,0.07657,0.06857
2025-04-26T23:45:00,0.0245,0.361,17.9,36.7,10.1,0.06757,0.05957
2025-04-27T00:00:00,0.0022,0.5234,1.6,21.1,9.3,0.05802,0.05002
2025-04-27T00:15:00,0.0017,0.4579,1.3,17.9,10.2,0.07307,0.06507
2025-04-27T00:30:00,0.0019,0.3381,1.4,27.2,10.9,0.07192,0.06392
2025-04-27T00:45:00,0.027,0.5281,18.9,18.3,9.2,0.0611,0.0531
2025-04-27T01:00:00,0.0,0.4123,0.0,29.4,10.6,0.07822,0.07022
2025-04-27T01:15:00,0.0,0.4842,0.0,32.3,9.6,0.05898,0.05098
2025-04-27T01:30:00,0.0181,0.4729,13.2,25.1,8.8,0.06688,0.05888
2025-04-27T01:45:00,0.0,0.4467,0.0,23.2,8.4,0.07209,0.06409
2025-04-27T02:00:00,0.0,0.5232,0.0,23.9,7.9,0.05138,0.04338
2025-04-27T02:15:00,0.0093,0.3896,6.7,24.1,8.2,0.07101,0.06301
2025-04-27T02:30:00,0.0,0.4681,0.0,32.2,8.7,0.06462,0.05662
2025-04-27T02:45:00,0.0,0.585,0.0,31.7,9.1,0.06492,0.05692
2025-04-27T03:00:00,0.0,0.4891,0.0,23.3,9.7,0.05856,0.05056
2025-04-27T03:15:00,0.0,0.4813,0.0,33.6,8.9,0.06704,0.05904
2025-04-27T03:30:00,0.0003,0.3679,0.2,29.9,10.0,0.05845,0.05045
2025-04-27T03:45:00,0.0,0.4513,0.0,23.5,8.6,0.05939,0.05139
2025-04-27T04:00:00,0.0,0.4604,0.0,23.6,8.4,0.06269,0.05469
2025-04-27T04:15:00,0.013,0.4645,9.5,16.5,8.0,0.05831,0.05031
2025-04-27T04:30:00,0.0144,0.4661,10.8,30.6,8.3,0.0756,0.0676
2025-04-27T04:45:00,0.0,0.4868,0.0,22.0,9.1,0.05894,0.05094
2025-04-27T05:00:00,0.0269,0.4957,19.3,34.4,8.4,0.06352,0.05552
2025-04-27T05:15:00,0.0519,0.4752,38.3,34.5,8.6,0.06777,0.05977
2025-04-27T05:30:00,0.111,0.544,82.1,36.7,9.9,0.0719,0.0639
2025-04-27T05:45:00,0.167,0.6344,118.9,27.9,10.1,0.07952,0.07152
2025-04-27T06:00:00,0.2318,0.672,174.4,28.7,8.9,0.08326,0.07526
2025-04-27T06:15:00,0.2862,0.7916,200.5,10.5,9.6,0.08075,0.07275
2025-04-27T06:30:00,0.2789,0.9052,195.9,25.2,10.4,0.08495,0.07695
2025-04-27T06:45:00,0.3152,0.8975,226.0,30.7,9.9,0.09234,0.08434
2025-04-27T07:00:00,0.3483,0.9012,257.8,28.9,10.7,0.10174,0.09374
2025-04-27T07:15:00,0.4132,0.9025,296.2,23.5,12.0,0.10503,0.09703
2025-04-27T07:30:00,0.5113,1.0779,376.8,18.0,12.1,0.10068,0.09268
2025-04-27T07:45:00,0.5056,0.9576,390.5,18.1,12.8,0.09284,0.08484
2025-04-27T08:00:00,0.5877,0.8852,441.9,22.6,11.5,0.11768,0.10968
2025-04-27T08:15:00,0.5382,0.8827,380.6,31.2,12.0,0.10822,0.10022
2025-04-27T08:30:00,0.5539,0.8353,407.1,30.1,12.8,0.09991,0.09191
2025-04-27T08:45:00,0.6659,0.7797,494.4,17.8,12.8,0.09453,0.08653
2025-04-27T09:00:00,0.7358,0.6022,517.4,21.0,13.1,0.08221,0.07421
2025-04-27T09:15:00,0.7212,0.6369,519.0,19.2,15.0,0.07129,0.06329
2025-04-27T09:30:00,0.6959,0.5737,498.0,36.5,13.4,0.06679,0.05879
2025-04-27T09:45:00,0.84,0.5055,607.6,18.4,14.9,0.05882,0.05082
2025-04-27T10:00:00,0.8116,0.5084,616.9,18.9,15.6,0.04796,0.03996
2025-04-27T10:15:00,0.8137,0.4457,596.5,25.9,15.1,0.03492,0.02692
2025-04-27T10:30:00,0.8404,0.5691,644.0,19.9,15.6,0.03425,0.02625
2025-04-27T10:45:00,0.925,0.4906,655.8,19.8,16.6,0.03261,0.02461
2025-04-27T11:00:00,0.7656,0.4941,574.4,30.3,14.6,0.01981,0.01181
2025-04-27T11:15:00,0.9039,0.4262,621.3,30.0,16.4,0.01713,0.00913
2025-04-27T11:30:00,0.9261,0.5044,705.2,16.0,17.3,-0.00058,-0.00858
2025-04-27T11:45:00,0.8353,0.4375,632.8,26.7,16.2,0.0061,-0.0019
2025-04-27T12:00:00,0.9159,0.3496,651.3,26.0,17.9,0.00282,-0.00518
2025-04-27T12:15:00,0.9406,0.3408,729.8,10.9,18.7,-0.00685,-0.01485
2025-04-27T12:30:00,0.9463,0.4021,697.1,17.4,18.8,-0.01209,-0.02009
2025-04-27T12:45:00,0.9466,0.4192,689.9,18.2,19.4,-0.0006,-0.0086
2025-04-27T13:00:00,0.9671,0.4267,657.0,16.7,18.9,-0.00839,-0.01639
2025-04-27T13:15:00,0.893,0.4682,648.3,21.3,18.1,-0.00016,-0.00816
2025-04-27T13:30:00,0.7942,0.4213,575.3,31.4,18.6,-0.00429,-0.01229
2025-04-27T13:45:00,0.7916,0.4084,581.9,28.6,18.8,0.00413,-0.00387
2025-04-27T14:00:00,0.7868,0.4354,580.2,25.9,20.6,0.00129,-0.00671
2025-04-27T14:15:00,0.8242,0.3523,618.1,12.4,18.0,-0.00212,-0.01012
2025-04-27T14:30:00,0.7864,0.4596,569.1,21.7,18.3,0.01058,0.00258
2025-04-27T14:45:00,0.6205,0.4497,460.3,37.4,17.1,0.01378,0.00578
2025-04-27T15:00:00,0.6803,0.4448,503.1,24.2,18.1,0.02473,0.01673
2025-04-27T15:15:00,0.6018,0.4714,466.0,29.5,19.1,0.02341,0.01541
2025-04-27T15:30:00,0.6872,0.3163,494.9,17.8,18.7,0.02932,0.02132
2025-04-27T15:45:00,0.5784,0.3474,423.7,20.4,18.4,0.04261,0.03461
2025-04-27T16:00:00,0.5948,0.367,439.8,17.2,18.9,0.05042,0.04242
2025-04-27T16:15:00,0.5551,0.5886,405.9,26.9,19.1,0.05415,0.04615
2025-04-27T16:30:00,0.5536,0.4871,390.1,12.2,18.7,0.06223,0.05423
2025-04-27T16:45:00,0.3789,0.5859,301.7,25.3,18.6,0.06538,0.05738
2025-04-27T17:00:00,0.4248,0.7494,303.5,7.4,18.9,0.07419,0.06619
2025-04-27T17:15:00,0.3483,0.6055,258.9,25.2,17.3,0.08198,0.07398
2025-04-27T17:30:00,0.3131,0.7233,232.6,20.9,17.7,0.08643,0.07843
2025-04-27T17:45:00,0.2939,0.8775,212.3,13.8,16.8,0.0917,0.0837
2025-04-27T18:00:00,0.2005,1.0022,143.7,29.3,17.2,0.09933,0.09133
2025-04-27T18:15:00,0.1219,1.1342,93.2,30.1,17.0,0.11967,0.11167
2025-04-27T18:30:00,0.1097,1.0863,77.6,23.7,16.5,0.11142,0.10342
2025-04-27T18:45:00,0.0667,1.2567,50.0,21.0,16.5,0.11508,0.10708
2025-04-27T19:00:00,0.0456,1.2086,32.1,20.3,16.2,0.11829,0.11029
2025-04-27T19:15:00,0.0094,1.3009,6.9,17.5,16.3,0.12286,0.11486
2025-04-27T19:30:00,0.0066,1.3052,4.4,15.6,15.4,0.12559,0.11759
2025-04-27T19:45:00,0.0,1.2895,0.0,25.5,15.3,0.11687,0.10887
2025-04-27T20:00:00,0.0,1.3428,0.0,25.1,14.8,0.10982,0.10182
2025-04-27T20:15:00,0.0154,1.2578,10.8,27.3,15.3,0.12023,0.11223
2025-04-27T20:30:00,0.0261,1.0583,19.5,26.0,14.7,0.10451,0.09651
2025-04-27T20:45:00,0.0,1.0968,0.0,21.2,14.9,0.11063,0.10263
2025-04-27T21:00:00,0.0,1.0508,0.0,28.2,12.5,0.10441,0.09641
2025-04-27T21:15:00,0.0032,0.8675,2.5,30.9,11.5,0.10485,0.09685
2025-04-27T21:30:00,0.0193,0.7926,14.8,26.6,13.2,0.10245,0.09445
2025-04-27T21:45:00,0.0,0.796,0.0,23.7,12.1,0.0895,0.0815
2025-04-27T22:00:00,0.0054,0.6174,4.2,21.0,14.3,0.07936,0.07136
2025-04-27T22:15:00,0.0,0.7,0.0,39.3,10.1,0.07164,0.06364
2025-04-27T22:30:00,0.0,0.5158,0.0,23.5,11.4,0.07059,0.06259
2025-04-27T22:45:00,0.0,0.5173,0.0,14.1,11.1,0.07286,0.06486
2025-04-27T23:00:00,0.0,0.4689,0.0,24.3,11.0,0.05807,0.05007
2025-04-27T23:15:00,0.0,0.4928,0.0,16.8,10.4,0.0693,0.0613
2025-04-27T23:30:00,0.0,0.478,0.0,20.8,10.1,0.06756,0.05956
2025-04-27T23:45:00,0.0,0.3799,0.0,20.4,9.8,0.07063,0.06263
2025-04-28T00:00:00,0.0375,0.3246,28.0,3.8,11.6,0.06299,0.05499
2025-04-28T00:15:00,0.0,0.3301,0.0,2.3,11.6,0.06561,0.05761
2025-04-28T00:30:00,0.0072,0.291,5.3,5.8,11.2,0.06058,0.05258
2025-04-28T00:45:00,0.0,0.2739,0.0,0.0,10.5,0.06222,0.05422
2025-04-28T01:00:00,0.0,0.3426,0.0,14.1,9.7,0.05436,0.04636
2025-04-28T01:15:00,0.0,0.3329,0.0,5.6,9.9,0.06574,0.05774
2025-04-28T01:30:00,0.0,0.2255,0.0,2.4,9.5,0.07429,0.06629
2025-04-28T01:45:00,0.0235,0.3565,17.4,9.5,9.5,0.06598,0.05798
2025-04-28T02:00:00,0.023,0.4344,18.3,4.2,10.0,0.0672,0.0592
2025-04-28T02:15:00,0.0,0.338,0.0,10.2,8.9,0.05911,0.05111
2025-04-28T02:30:00,0.0,0.3476,0.0,8.7,10.1,0.07359,0.06559
2025-04-28T02:45:00,0.0066,0.2392,5.0,0.6,9.5,0.06041,0.05241
2025-04-28T03:00:00,0.0,0.3772,0.0,0.0,8.7,0.06984,0.06184
2025-04-28T03:15:00,0.0,0.3433,0.0,3.8,11.5,0.0657,0.0577
2025-04-28T03:30:00,0.0131,0.3433,9.7,0.0,9.2,0.05935,0.05135
2025-04-28T03:45:00,0.0,0.3065,0.0,8.0,8.7,0.07137,0.06337
2025-04-28T04:00:00,0.0223,0.3971,16.7,14.3,7.7,0.06547,0.05747
2025-04-28T04:15:00,0.0,0.3902,0.0,5.0,8.3,0.06674,0.05874
2025-04-28T04:30:00,0.0108,0.3994,7.6,6.9,9.7,0.06886,0.06086
2025-04-28T04:45:00,0.037,0.3194,26.3,8.6,9.3,0.06677,0.05877
2025-04-28T05:00:00,0.0764,0.4752,53.2,13.3,7.4,0.06575,0.05775
2025-04-28T05:15:00,0.1151,0.462,80.9,4.5,10.5,0.07243,0.06443
2025-04-28T05:30:00,0.1737,0.5812,122.7,2.3,11.2,0.0694,0.0614
2025-04-28T05:45:00,0.2012,0.4497,156.2,0.0,10.6,0.07509,0.06709
2025-04-28T06:00:00,0.2136,0.5799,157.6,7.1,11.1,0.07424,0.06624
2025-04-28T06:15:00,0.2657,0.6374,200.1,6.9,10.7,0.07348,0.06548
2025-04-28T06:30:00,0.3528,0.7563,260.4,14.3,9.7,0.08302,0.07502
2025-04-28T06:45:00,0.387,0.8099,281.7,8.9,11.0,0.08888,0.08088
2025-04-28T07:00:00,0.4839,0.8004,349.6,7.4,12.2,0.09652,0.08852
2025-04-28T07:15:00,0.5339,0.8576,385.5,0.3,12.7,0.10744,0.09944
2025-04-28T07:30:00,0.5388,0.7634,382.9,12.5,12.2,0.09295,0.08495
2025-04-28T07:45:00,0.6196,0.9334,445.1,7.4,11.2,0.10506,0.09706
2025-04-28T08:00:00,0.636,0.8247,448.8,14.2,12.7,0.09036,0.08236
2025-04-28T08:15:00,0.7,0.7512,535.5,0.0,15.1,0.09471,0.08671
2025-04-28T08:30:00,0.6996,0.6924,530.3,2.5,14.1,0.09335,0.08535
2025-04-28T08:45:00,0.7775,0.6263,568.2,6.1,12.8,0.07654,0.06854
2025-04-28T09:00:00,0.8269,0.5977,595.8,8.5,10.8,0.07119,0.06319
2025-04-28T09:15:00,0.8179,0.4822,631.4,6.9,13.9,0.07456,0.06656
2025-04-28T09:30:00,0.871,0.4342,681.3,0.0,16.9,0.06482,0.05682
2025-04-28T09:45:00,0.9696,0.3223,694.3,8.1,15.5,0.05421,0.04621
2025-04-28T10:00:00,0.9274,0.3946,688.3,4.7,16.8,0.0407,0.0327
2025-04-28T10:15:00,1.0196,0.4014,735.5,0.0,15.8,0.04941,0.04141
2025-04-28T10:30:00,1.0017,0.3346,717.9,7.7,15.0,0.02694,0.01894
2025-04-28T10:45:00,1.1043,0.2798,801.3,0.0,16.8,0.01469,0.00669
2025-04-28T11:00:00,0.9909,0.3158,747.0,6.0,17.0,0.02247,0.01447
2025-04-28T11:15:00,1.1229,0.3864,804.3,1.5,17.9,0.00926,0.00126
2025-04-28T11:30:00,1.0506,0.2876,781.4,6.0,17.2,-0.00281,-0.01081
2025-04-28T11:45:00,1.1166,0.2765,801.1,3.5,17.6,0.00116,-0.00684
2025-04-28T12:00:00,1.0729,0.31,825.5,1.2,17.9,-0.00965,-0.01765
2025-04-28T12:15:00,1.072,0.3655,777.4,8.7,17.0,-0.01043,-0.01843
2025-04-28T12:30:00,1.0766,0.3343,792.8,4.2,18.1,-0.01559,-0.02359
2025-04-28T12:45:00,1.0422,0.2996,774.7,3.4,18.3,-0.02482,-0.03282
2025-04-28T13:00:00,1.0666,0.2445,769.1,4.2,18.8,-0.01339,-0.02139
2025-04-28T13:15:00,0.9426,0.3549,686.1,16.3,19.7,-0.01771,-0.02571
2025-04-28T13:30:00,1.0209,0.3293,748.3,6.9,18.8,-0.02311,-0.03111
2025-04-28T13:45:00,0.9245,0.1886,672.8,13.3,20.0,-0.01898,-0.02698
2025-04-28T14:00:00,0.9415,0.4031,710.9,1.4,19.6,-0.00509,-0.01309
2025-04-28T14:15:00,0.9938,0.373,723.8,0.4,19.3,-0.00864,-0.01664
2025-04-28T14:30:00,0.8534,0.3509,648.4,9.2,19.6,-0.00105,-0.00905
2025-04-28T14:45:00,0.8222,0.3522,626.1,1.7,18.2,0.00825,0.00025
2025-04-28T15:00:00,0.8338,0.2757,611.9,0.7,18.9,0.01118,0.00318
2025-04-28T15:15:00,0.7364,0.3852,537.1,8.8,17.9,0.00766,-0.00034
2025-04-28T15:30:00,0.7445,0.3977,561.4,7.1,18.5,0.02728,0.01928
2025-04-28T15:45:00,0.671,0.4292,509.7,5.4,20.1,0.0359,0.0279
2025-04-28T16:00:00,0.5889,0.3406,448.9,11.2,19.7,0.04243,0.03443
2025-04-28T16:15:00,0.6032,0.3539,450.8,6.5,20.5,0.05403,0.04603
2025-04-28T16:30:00,0.5365,0.5538,402.8,0.0,18.1,0.05376,0.04576
2025-04-28T16:45:00,0.5525,0.4836,387.2,0.0,19.1,0.06365,0.05565
2025-04-28T17:00:00,0.425,0.4254,325.2,16.3,18.5,0.0761,0.0681
2025-04-28T17:15:00,0.4112,0.5495,304.6,5.2,18.8,0.07254,0.06454
2025-04-28T17:30:00,0.379,0.6882,270.3,3.2,18.0,0.09249,0.08449
2025-04-28T17:45:00,0.2934,0.8245,214.4,5.4,17.6,0.10021,0.09221
2025-04-28T18:00:00,0.2487,0.7857,183.0,2.1,17.9,0.10199,0.09399
2025-04-28T18:15:00,0.2395,0.9241,168.8,0.0,19.2,0.11537,0.10737
2025-04-28T18:30:00,0.1531,0.9888,108.8,15.7,16.9,0.11576,0.10776
2025-04-28T18:45:00,0.0676,1.0996,48.0,0.3,15.9,0.1107,0.1027
2025-04-28T19:00:00,0.0,1.1058,0.0,4.0,17.0,0.12692,0.11892
2025-04-28T19:15:00,0.0,1.2503,0.0,7.5,16.0,0.12474,0.11674
2025-04-28T19:30:00,0.0119,1.1643,8.6,5.5,16.0,0.12641,0.11841
2025-04-28T19:45:00,0.0,1.1899,0.0,15.9,15.0,0.12444,0.11644
2025-04-28T20:00:00,0.0,1.1954,0.0,3.0,15.9,0.12976,0.12176
2025-04-28T20:15:00,0.0,1.0772,0.0,9.1,16.4,0.1217,0.1137
2025-04-28T20:30:00,0.0054,1.0412,4.0,0.0,15.2,0.10993,0.10193
2025-04-28T20:45:00,0.0,0.928,0.0,0.0,14.9,0.11196,0.10396
2025-04-28T21:00:00,0.008,0.9602,5.8,12.5,13.9,0.10793,0.09993
2025-04-28T21:15:00,0.0,0.7304,0.0,3.9,13.7,0.09356,0.08556
2025-04-28T21:30:00,0.0211,0.7096,15.6,9.5,13.9,0.08982,0.08182
2025-04-28T21:45:00,0.0105,0.5861,8.2,1.7,14.3,0.08499,0.07699
2025-04-28T22:00:00,0.0059,0.5177,4.4,0.0,12.8,0.07904,0.07104
2025-04-28T22:15:00,0.0,0.4104,0.0,6.4,11.8,0.08078,0.07278
2025-04-28T22:30:00,0.0,0.4473,0.0,5.0,12.0,0.08144,0.07344
2025-04-28T22:45:00,0.0083,0.392,6.0,0.5,13.1,0.08397,0.07597
2025-04-28T23:00:00,0.0046,0.3988,3.4,0.0,11.6,0.07765,0.06965
2025-04-28T23:15:00,0.0219,0.3633,15.8,7.1,11.6,0.07498,0.06698
2025-04-28T23:30:00,0.0,0.3003,0.0,4.9,12.1,0.07449,0.06649
2025-04-28T23:45:00,0.0,0.3093,0.0,15.2,11.0,0.07477,0.06677
2025-04-29T00:00:00,0.0,0.2371,0.0,8.6,12.1,0.06274,0.05474
2025-04-29T00:15:00,0.0403,0.3585,30.0,12.6,9.7,0.06916,0.06116
2025-04-29T00:30:00,0.0,0.3773,0.0,6.9,10.4,0.06693,0.05893
2025-04-29T00:45:00,0.0,0.3089,0.0,0.0,11.3,0.06422,0.05622
2025-04-29T01:00:00,0.0181,0.2948,13.6,12.7,9.9,0.06227,0.05427
2025-04-29T01:15:00,0.0,0.4604,0.0,14.0,8.6,0.06197,0.05397
2025-04-29T01:30:00,0.0,0.3151,0.0,12.4,8.9,0.06339,0.05539
2025-04-29T01:45:00,0.0236,0.3936,17.1,3.1,8.5,0.05759,0.04959
2025-04-29T02:00:00,0.0064,0.2835,4.7,4.7,10.1,0.06813,0.06013
2025-04-29T02:15:00,0.0,0.3153,0.0,10.9,10.1,0.06487,0.05687
2025-04-29T02:30:00,0.0,0.2686,0.0,8.9,10.1,0.06564,0.05764
2025-04-29T02:45:00,0.0,0.3355,0.0,9.0,7.2,0.06704,0.05904
2025-04-29T03:00:00,0.0,0.3072,0.0,8.6,9.5,0.06938,0.06138
2025-04-29T03:15:00,0.0,0.341,0.0,10.4,9.5,0.0615,0.0535
2025-04-29T03:30:00,0.0,0.3506,0.0,10.8,9.8,0.06447,0.05647
2025-04-29T03:45:00,0.0,0.2742,0.0,10.7,9.5,0.05555,0.04755
2025-04-29T04:00:00,0.0,0.4561,0.0,4.8,9.5,0.05206,0.04406
2025-04-29T04:15:00,0.0299,0.2998,21.5,4.0,9.9,0.05404,0.04604
2025-04-29T04:30:00,0.0341,0.3726,25.6,13.8,10.6,0.07538,0.06738
2025-04-29T04:45:00,0.0,0.4278,0.0,21.8,10.5,0.05596,0.04796
2025-04-29T05:00:00,0.0303,0.4266,22.7,7.2,10.2,0.07089,0.06289
2025-04-29T05:15:00,0.0876,0.3916,61.6,10.2,10.3,0.07854,0.07054
2025-04-29T05:30:00,0.082,0.4339,60.4,18.6,8.8,0.06915,0.06115
2025-04-29T05:45:00,0.2104,0.495,149.8,2.1,10.9,0.08457,0.07657
2025-04-29T06:00:00,0.2799,0.4221,199.3,12.0,10.6,0.08947,0.08147
2025-04-29T06:15:00,0.3165,0.6902,233.3,1.4,12.7,0.08829,0.08029
2025-04-29T06:30:00,0.31,0.8063,225.9,21.3,10.9,0.10156,0.09356
2025-04-29T06:45:00,0.3937,0.8473,291.8,11.7,11.3,0.09597,0.08797
2025-04-29T07:00:00,0.4773,0.9463,354.3,7.0,13.0,0.09258,0.08458
2025-04-29T07:15:00,0.4586,0.8237,351.6,9.9,11.5,0.10418,0.09618
2025-04-29T07:30:00,0.5298,0.8761,399.3,3.1,12.4,0.10139,0.09339
2025-04-29T07:45:00,0.5994,0.8677,449.0,5.6,12.4,0.09773,0.08973
2025-04-29T08:00:00,0.6633,0.8699,478.1,4.4,11.2,0.09762,0.08962
2025-04-29T08:15:00,0.6486,0.7505,483.6,11.9,14.2,0.11696,0.10896
2025-04-29T08:30:00,0.7062,0.5876,535.3,7.1,13.0,0.09582,0.08782
2025-04-29T08:45:00,0.6934,0.6647,505.0,21.9,14.4,0.09327,0.08527
2025-04-29T09:00:00,0.8015,0.674,601.0,7.8,13.6,0.0825,0.0745
2025-04-29T09:15:00,0.8356,0.4274,622.4,6.1,14.0,0.07951,0.07151
2025-04-29T09:30:00,0.8232,0.3378,623.5,14.0,15.6,0.06902,0.06102
2025-04-29T09:45:00,0.9389,0.4332,674.8,4.4,15.4,0.05967,0.05167
2025-04-29T10:00:00,0.853,0.3047,636.0,13.5,15.2,0.04677,0.03877
2025-04-29T10:15:00,0.9054,0.365,660.8,15.7,15.5,0.03788,0.02988
2025-04-29T10:30:00,0.9747,0.3557,741.5,3.1,16.9,0.03473,0.02673
2025-04-29T10:45:00,0.8857,0.2822,663.0,15.6,16.5,0.03438,0.02638
2025-04-29T11:00:00,0.9019,0.2456,732.1,7.5,18.2,0.0391,0.0311
2025-04-29T11:15:00,0.9717,0.3237,702.8,13.5,16.1,0.02757,0.01957
2025-04-29T11:30:00,1.0413,0.2692,720.3,10.6,17.1,0.02741,0.01941
2025-04-29T11:45:00,0.9152,0.3319,715.0,12.4,17.5,0.01522,0.00722
2025-04-29T12:00:00,1.0393,0.3247,728.3,12.0,17.9,0.00829,0.00029
2025-04-29T12:15:00,1.0365,0.3699,734.9,13.3,17.3,-0.00194,-0.00994
2025-04-29T12:30:00,0.9967,0.3393,713.6,14.4,18.1,0.00398,-0.00402
2025-04-29T12:45:00,0.9969,0.3472,740.0,9.8,16.8,-0.01014,-0.01814
2025-04-29T13:00:00,0.9454,0.1824,704.8,15.5,18.4,0.0005,-0.0075
2025-04-29T13:15:00,0.982,0.2618,695.8,13.0,18.4,0.01247,0.00447
2025-04-29T13:30:00,0.8862,0.4444,661.1,12.4,18.1,0.0059,-0.0021
2025-04-29T13:45:00,0.9264,0.3337,708.8,6.0,18.7,0.01268,0.00468
2025-04-29T14:00:00,0.9378,0.2595,704.1,4.9,19.8,0.00631,-0.00169
2025-04-29T14:15:00,0.8992,0.2846,656.8,12.0,19.4,0.00366,-0.00434
2025-04-29T14:30:00,0.8296,0.4197,612.9,18.0,18.5,0.01289,0.00489
2025-04-29T14:45:00,0.8433,0.3455,624.4,4.7,19.1,0.01767,0.00967
2025-04-29T15:00:00,0.7784,0.3272,571.6,13.7,19.2,0.03194,0.02394
2025-04-29T15:15:00,0.8173,0.3026,567.7,5.5,19.2,0.04149,0.03349
2025-04-29T15:30:00,0.6571,0.3197,477.7,10.7,19.3,0.03037,0.02237
2025-04-29T15:45:00,0.6534,0.4571,474.2,12.3,20.1,0.03806,0.03006
2025-04-29T16:00:00,0.6029,0.2881,457.4,13.9,17.6,0.04494,0.03694
2025-04-29T16:15:00,0.5584,0.4095,416.8,14.1,18.9,0.04956,0.04156
2025-04-29T16:30:00,0.5663,0.3054,403.7,0.0,19.0,0.05029,0.04229
2025-04-29T16:45:00,0.5553,0.5546,402.5,1.6,18.1,0.0647,0.0567
2025-04-29T17:00:00,0.4404,0.5534,318.4,13.8,20.6,0.07298,0.06498
2025-04-29T17:15:00,0.4165,0.6388,308.5,9.7,18.0,0.08006,0.07206
2025-04-29T17:30:00,0.3497,0.6063,268.8,2.8,19.4,0.07762,0.06962
2025-04-29T17:45:00,0.3143,0.7019,233.1,6.3,18.6,0.09135,0.08335
2025-04-29T18:00:00,0.2387,0.8837,177.6,9.6,17.9,0.08863,0.08063
2025-04-29T18:15:00,0.2044,0.9433,142.9,6.0,18.0,0.11121,0.10321
2025-04-29T18:30:00,0.0849,1.0434,64.5,5.2,17.9,0.10563,0.09763
2025-04-29T18:45:00,0.096,1.0836,72.0,5.6,16.5,0.1152,0.1072
2025-04-29T19:00:00,0.0304,1.1397,21.1,11.8,16.4,0.11808,0.11008
2025-04-29T19:15:00,0.0063,1.1647,4.6,9.2,15.1,0.11982,0.11182
2025-04-29T19:30:00,0.0191,1.1356,14.3,16.8,16.1,0.11801,0.11001
2025-04-29T19:45:00,0.0164,1.1638,11.8,0.0,16.2,0.11327,0.10527
2025-04-29T20:00:00,0.0,1.0464,0.0,19.1,15.0,0.13231,0.12431
2025-04-29T20:15:00,0.0,1.1523,0.0,15.3,14.7,0.12019,0.11219
2025-04-29T20:30:00,0.0,1.0426,0.0,8.5,14.2,0.11593,0.10793
2025-04-29T20:45:00,0.0061,0.9938,4.4,10.9,15.8,0.12186,0.11386
2025-04-29T21:00:00,0.0,0.8614,0.0,15.1,14.6,0.10315,0.09515
2025-04-29T21:15:00,0.0014,0.6453,1.0,11.8,12.9,0.10143,0.09343
2025-04-29T21:30:00,0.0332,0.7364,25.3,20.5,13.4,0.09274,0.08474
2025-04-29T21:45:00,0.0,0.6857,0.0,4.8,12.6,0.0946,0.0866
2025-04-29T22:00:00,0.0,0.4749,0.0,14.8,13.6,0.08588,0.07788
2025-04-29T22:15:00,0.0063,0.4078,4.7,8.6,13.3,0.08076,0.07276
2025-04-29T22:30:00,0.0144,0.5308,10.4,23.6,11.6,0.07399,0.06599
2025-04-29T22:45:00,0.0022,0.3682,1.6,11.8,12.0,0.07449,0.06649
2025-04-29T23:00:00,0.0,0.3824,0.0,10.2,11.9,0.07765,0.06965
2025-04-29T23:15:00,0.0233,0.2942,16.2,1.7,11.5,0.05658,0.04858
2025-04-29T23:30:00,0.0125,0.3632,9.3,2.8,12.0,0.06705,0.05905
2025-04-29T23:45:00,0.0,0.3184,0.0,10.3,9.9,0.06445,0.05645
2025-04-30T00:00:00,0.0454,0.4118,32.8,8.1,11.1,0.06339,0.05539
2025-04-30T00:15:00,0.0113,0.3504,8.3,6.6,10.0,0.05334,0.04534
2025-04-30T00:30:00,0.0,0.178,0.0,11.4,10.3,0.06958,0.06158
2025-04-30T00:45:00,0.0,0.251,0.0,0.1,10.0,0.06012,0.05212
2025-04-30T01:00:00,0.0,0.3415,0.0,0.0,11.6,0.06383,0.05583
2025-04-30T01:15:00,0.0,0.3419,0.0,6.6,10.3,0.06217,0.05417
2025-04-30T01:30:00,0.0215,0.2391,16.4,1.6,10.7,0.05518,0.04718
2025-04-30T01:45:00,0.0,0.3246,0.0,2.8,9.9,0.06252,0.05452
2025-04-30T02:00:00,0.0,0.3908,0.0,0.0,9.8,0.05415,0.04615
2025-04-30T02:15:00,0.0,0.3584,0.0,0.0,10.5,0.05954,0.05154
2025-04-30T02:30:00,0.0115,0.254,8.5,3.7,11.0,0.06331,0.05531
2025-04-30T02:45:00,0.0291,0.3611,21.0,2.4,9.0,0.06518,0.05718
2025-04-30T03:00:00,0.0035,0.3951,2.6,0.0,9.6,0.06555,0.05755
2025-04-30T03:15:00,0.0254,0.2944,18.9,0.0,10.4,0.06443,0.05643
2025-04-30T03:30:00,0.0,0.2503,0.0,0.0,9.7,0.07813,0.07013
2025-04-30T03:45:00,0.0065,0.4058,4.8,0.0,8.8,0.06802,0.06002
2025-04-30T04:00:00,0.0298,0.3918,21.2,0.0,9.4,0.05825,0.05025
2025-04-30T04:15:00,0.0,0.3277,0.0,0.5,9.4,0.0622,0.0542
2025-04-30T04:30:00,0.0084,0.3159,6.7,17.6,10.1,0.06242,0.05442
2025-04-30T04:45:00,0.0422,0.4303,31.3,10.2,8.1,0.06606,0.05806
2025-04-30T05:00:00,0.0431,0.4113,32.2,9.6,10.1,0.06463,0.05663
2025-04-30T05:15:00,0.1017,0.4867,74.3,11.9,8.8,0.06474,0.05674
2025-04-30T05:30:00,0.1413,0.4605,103.8,6.5,11.4,0.08199,0.07399
2025-04-30T05:45:00,0.2165,0.4535,161.6,0.0,11.1,0.07525,0.06725
2025-04-30T06:00:00,0.2508,0.5625,185.8,8.9,9.2,0.07656,0.06856
2025-04-30T06:15:00,0.2939,0.7015,217.1,9.1,10.5,0.0813,0.0733
2025-04-30T06:30:00,0.3331,0.7109,251.7,10.5,12.6,0.08623,0.07823
2025-04-30T06:45:00,0.3564,0.7417,271.2,11.3,12.1,0.10079,0.09279
2025-04-30T07:00:00,0.4475,0.7982,340.2,5.0,11.9,0.10002,0.09202
2025-04-30T07:15:00,0.453,0.9388,348.6,11.0,12.4,0.10798,0.09998
2025-04-30T07:30:00,0.5897,0.9178,435.7,0.0,11.8,0.08553,0.07753
2025-04-30T07:45:00,0.6518,0.8845,467.3,0.0,12.3,0.10769,0.09969
2025-04-30T08:00:00,0.6258,0.7918,444.3,11.5,14.2,0.11181,0.10381
2025-04-30T08:15:00,0.6665,0.6547,500.2,9.8,13.9,0.11512,0.10712
2025-04-30T08:30:00,0.7966,0.7342,579.7,6.2,14.2,0.09942,0.09142
2025-04-30T08:45:00,0.7921,0.5028,601.7,1.5,14.1,0.08329,0.07529
2025-04-30T09:00:00,0.8164,0.6384,602.2,4.6,14.1,0.09019,0.08219
2025-04-30T09:15:00,0.8216,0.5946,610.5,10.0,15.3,0.07527,0.06727
2025-04-30T09:30:00,0.9536,0.5044,668.6,3.2,14.9,0.05987,0.05187
2025-04-30T09:45:00,0.8935,0.3772,667.2,12.6,15.1,0.05859,0.05059
2025-04-30T10:00:00,0.8719,0.4069,653.9,10.3,14.6,0.06054,0.05254
2025-04-30T10:15:00,0.8857,0.3055,672.4,9.4,18.2,0.05373,0.04573
2025-04-30T10:30:00,0.9594,0.2843,729.9,11.0,16.2,0.04369,0.03569
2025-04-30T10:45:00,1.0691,0.3098,769.0,0.0,16.3,0.0265,0.0185
2025-04-30T11:00:00,1.0188,0.3437,718.6,10.1,16.2,0.04191,0.03391
2025-04-30T11:15:00,0.9289,0.4911,698.8,14.4,16.5,0.0144,0.0064
2025-04-30T11:30:00,1.0023,0.3322,766.9,13.2,16.0,0.01617,0.00817
2025-04-30T11:45:00,1.0681,0.3389,803.5,0.0,18.2,0.00381,-0.00419
2025-04-30T12:00:00,1.0076,0.2427,777.3,4.8,17.1,0.01688,0.00888
2025-04-30T12:15:00,1.0032,0.3281,744.4,10.1,17.6,0.00885,0.00085
2025-04-30T12:30:00,1.1311,0.358,799.0,5.4,18.7,0.00946,0.00146
2025-04-30T12:45:00,0.8891,0.3616,674.8,20.5,18.6,0.00343,-0.00457
2025-04-30T13:00:00,1.0634,0.327,784.4,0.0,19.1,0.00205,-0.00595
2025-04-30T13:15:00,1.0492,0.262,765.0,1.0,18.8,0.00391,-0.00409
2025-04-30T13:30:00,0.9857,0.4114,759.9,0.0,19.4,-0.00725,-0.01525
2025-04-30T13:45:00,0.9351,0.3345,693.5,7.4,19.0,0.01203,0.00403
2025-04-30T14:00:00,0.969,0.4094,743.7,0.4,21.0,0.01423,0.00623
2025-04-30T14:15:00,0.9393,0.3456,683.0,6.4,19.2,0.00971,0.00171
2025-04-30T14:30:00,0.8758,0.3887,641.9,8.1,18.4,0.01584,0.00784
2025-04-30T14:45:00,0.8538,0.2136,632.0,12.7,19.8,0.022,0.014
2025-04-30T15:00:00,0.7754,0.2587,615.7,5.2,20.9,0.03426,0.02626
2025-04-30T15:15:00,0.8011,0.3438,603.6,2.4,19.8,0.03237,0.02437
2025-04-30T15:30:00,0.7718,0.3777,566.8,0.0,20.2,0.03521,0.02721
2025-04-30T15:45:00,0.6748,0.2984,507.5,7.4,18.4,0.03729,0.02929
2025-04-30T16:00:00,0.6655,0.2578,481.6,6.8,19.8,0.03692,0.02892
2025-04-30T16:15:00,0.5652,0.4789,413.1,16.0,19.8,0.04821,0.04021
2025-04-30T16:30:00,0.6151,0.3713,446.5,8.2,19.5,0.05831,0.05031
2025-04-30T16:45:00,0.4293,0.5437,316.2,21.2,17.5,0.06275,0.05475
2025-04-30T17:00:00,0.4585,0.6522,330.8,8.3,19.8,0.07139,0.06339
2025-04-30T17:15:00,0.4058,0.5767,303.5,10.3,17.9,0.08234,0.07434
2025-04-30T17:30:00,0.3715,0.6133,277.1,5.3,18.1,0.08759,0.07959
2025-04-30T17:45:00,0.3367,0.7552,243.3,5.6,18.3,0.0938,0.0858
2025-04-30T18:00:00,0.2653,0.9209,202.4,7.0,18.4,0.10312,0.09512
2025-04-30T18:15:00,0.2002,0.857,155.4,0.0,18.1,0.10696,0.09896
2025-04-30T18:30:00,0.1951,1.0468,141.1,7.6,18.5,0.11168,0.10368
2025-04-30T18:45:00,0.0832,1.0307,59.5,6.5,18.0,0.11978,0.11178
2025-04-30T19:00:00,0.0711,1.0755,51.4,6.7,17.3,0.11052,0.10252
2025-04-30T19:15:00,0.0,1.1254,0.0,11.6,16.4,0.13095,0.12295
2025-04-30T19:30:00,0.0,1.1907,0.0,5.9,16.8,0.11674,0.10874
2025-04-30T19:45:00,0.0,1.1201,0.0,3.3,15.7,0.12901,0.12101
2025-04-30T20:00:00,0.0,1.1673,0.0,5.0,16.6,0.1221,0.1141
2025-04-30T20:15:00,0.0126,1.0339,9.9,8.0,16.5,0.12541,0.11741
2025-04-30T20:30:00,0.0,0.9647,0.0,7.2,16.2,0.11466,0.10666
2025-04-30T20:45:00,0.005,0.8601,3.7,3.2,13.3,0.10372,0.09572
2025-04-30T21:00:00,0.0012,0.8905,0.8,2.2,15.2,0.11031,0.10231
2025-04-30T21:15:00,0.0223,0.7268,15.6,8.6,13.7,0.09933,0.09133
2025-04-30T21:30:00,0.0057,0.6914,4.2,2.0,13.4,0.09344,0.08544
2025-04-30T21:45:00,0.0025,0.661,1.8,3.0,12.1,0.08808,0.08008
2025-04-30T22:00:00,0.0096,0.5532,6.9,0.0,12.9,0.08899,0.08099
2025-04-30T22:15:00,0.0,0.4791,0.0,9.8,11.9,0.0839,0.0759
2025-04-30T22:30:00,0.0,0.4112,0.0,8.9,12.8,0.07702,0.06902
2025-04-30T22:45:00,0.0,0.3359,0.0,1.2,12.2,0.06362,0.05562
2025-04-30T23:00:00,0.0,0.4205,0.0,0.5,11.4,0.06836,0.06036
2025-04-30T23:15:00,0.0162,0.3596,12.0,7.2,12.1,0.06979,0.06179
2025-04-30T23:30:00,0.0248,0.2372,18.7,0.0,10.3,0.07871,0.07071
2025-04-30T23:45:00,0.0024,0.2959,1.8,6.4,11.8,0.06938,0.06138
2025-05-01T00:00:00,0.0,0.3978,0.0,15.3,11.6,0.06476,0.05676
2025-05-01T00:15:00,0.0,0.3556,0.0,26.1,9.8,0.07249,0.06449
2025-05-01T00:30:00,0.0,0.3452,0.0,14.6,11.2,0.06465,0.05665
2025-05-01T00:45:00,0.0016,0.3884,1.1,15.4,10.3,0.06515,0.05715
2025-05-01T01:00:00,0.0183,0.2231,13.8,11.6,9.5,0.06626,0.05826
2025-05-01T01:15:00,0.007,0.3047,5.2,10.6,10.1,0.05633,0.04833
2025-05-01T01:30:00,0.0,0.3004,0.0,16.1,11.0,0.07107,0.06307
2025-05-01T01:45:00,0.0004,0.3279,0.4,23.5,8.9,0.06788,0.05988
2025-05-01T02:00:00,0.0,0.387,0.0,30.3,7.3,0.06363,0.05563
2025-05-01T02:15:00,0.0,0.3181,0.0,26.6,7.2,0.05847,0.05047
2025-05-01T02:30:00,0.0,0.2534,0.0,10.9,7.7,0.06661,0.05861
2025-05-01T02:45:00,0.0,0.2987,0.0,14.8,10.6,0.07374,0.06574
2025-05-01T03:00:00,0.0,0.2992,0.0,18.8,9.0,0.06151,0.05351
2025-05-01T03:15:00,0.02,0.4683,15.0,20.5,10.1,0.05901,0.05101
2025-05-01T03:30:00,0.0,0.4002,0.0,7.6,9.6,0.06796,0.05996
2025-05-01T03:45:00,0.0,0.41,0.0,30.8,9.6,0.05596,0.04796
2025-05-01T04:00:00,0.0,0.443,0.0,15.9,9.2,0.05239,0.04439
2025-05-01T04:15:00,0.0,0.363,0.0,27.6,9.1,0.06335,0.05535
2025-05-01T04:30:00,0.0197,0.4205,14.0,21.3,9.4,0.06236,0.05436
2025-05-01T04:45:00,0.0331,0.4171,25.7,24.7,10.0,0.06561,0.05761
2025-05-01T05:00:00,0.0394,0.422,29.7,17.1,10.1,0.0651,0.0571
2025-05-01T05:15:00,0.065,0.365,49.2,17.8,9.3,0.07203,0.06403
2025-05-01T05:30:00,0.1034,0.5784,72.8,16.0,12.6,0.07094,0.06294
2025-05-01T05:45:00,0.16,0.5336,119.4,24.5,9.5,0.07158,0.06358
2025-05-01T06:00:00,0.1798,0.581,136.6,26.7,9.4,0.07604,0.06804
2025-05-01T06:15:00,0.2458,0.7002,191.1,25.6,11.2,0.08684,0.07884
2025-05-01T06:30:00,0.3237,0.7481,236.6,20.0,10.5,0.09355,0.08555
2025-05-01T06:45:00,0.3501,0.8573,268.9,22.3,11.4,0.09818,0.09018
2025-05-01T07:00:00,0.4374,0.7967,331.0,16.8,11.8,0.10172,0.09372
2025-05-01T07:15:00,0.4305,0.7359,311.0,23.0,10.4,0.08192,0.07392
2025-05-01T07:30:00,0.4727,0.7892,347.6,23.8,11.3,0.0988,0.0908
2025-05-01T07:45:00,0.5664,0.8605,415.7,21.6,12.2,0.10456,0.09656
2025-05-01T08:00:00,0.6148,0.8554,447.5,17.6,13.3,0.10757,0.09957
2025-05-01T08:15:00,0.5751,0.8846,434.8,19.8,13.7,0.09466,0.08666
2025-05-01T08:30:00,0.7103,0.676,543.3,14.7,13.1,0.10913,0.10113
2025-05-01T08:45:00,0.684,0.6465,511.8,20.7,13.9,0.09706,0.08906
2025-05-01T09:00:00,0.6163,0.5155,468.4,34.4,14.3,0.08494,0.07694
2025-05-01T09:15:00,0.7826,0.541,562.2,19.5,15.0,0.08227,0.07427
2025-05-01T09:30:00,0.7938,0.5313,576.5,21.5,13.9,0.07143,0.06343
2025-05-01T09:45:00,0.8778,0.4801,647.5,22.0,14.9,0.06116,0.05316
2025-05-01T10:00:00,0.8188,0.3315,598.6,23.2,18.0,0.06123,0.05323
2025-05-01T10:15:00,0.9169,0.2961,684.4,10.9,14.5,0.0484,0.0404
2025-05-01T10:30:00,0.8578,0.2785,637.2,23.6,16.2,0.03615,0.02815
2025-05-01T10:45:00,0.968,0.3392,695.1,19.4,17.4,0.0349,0.0269
2025-05-01T11:00:00,0.7741,0.2212,598.6,26.5,15.6,0.03271,0.02471
2025-05-01T11:15:00,0.9548,0.4137,698.5,20.1,14.7,0.02218,0.01418
2025-05-01T11:30:00,0.8999,0.3693,641.5,29.0,18.1,0.03207,0.02407
2025-05-01T11:45:00,0.9637,0.3717,729.7,12.4,16.8,0.01437,0.00637
2025-05-01T12:00:00,0.9612,0.2854,710.7,15.7,16.4,0.02845,0.02045
2025-05-01T12:15:00,0.8941,0.3384,658.5,27.3,16.9,0.02088,0.01288
2025-05-01T12:30:00,1.0607,0.4186,787.9,7.0,16.7,0.00812,0.00012
2025-05-01T12:45:00,0.987,0.3235,710.5,12.7,17.9,0.01349,0.00549
2025-05-01T13:00:00,0.9288,0.3654,677.9,22.1,18.6,0.01944,0.01144
2025-05-01T13:15:00,0.9959,0.3316,732.5,12.3,19.8,0.01154,0.00354
2025-05-01T13:30:00,0.8977,0.4206,667.7,24.1,17.7,0.00656,-0.00144
2025-05-01T13:45:00,0.8643,0.292,659.3,14.7,18.5,0.01607,0.00807
2025-05-01T14:00:00,0.8437,0.1523,610.2,23.2,18.4,0.02962,0.02162
2025-05-01T14:15:00,0.7704,0.3409,571.7,26.3,18.3,0.01156,0.00356
2025-05-01T14:30:00,0.7843,0.2843,590.0,15.5,19.0,0.02711,0.01911
2025-05-01T14:45:00,0.7969,0.2224,592.4,14.0,19.6,0.0275,0.0195
2025-05-01T15:00:00,0.7498,0.2776,524.2,22.0,20.5,0.03073,0.02273
2025-05-01T15:15:00,0.7453,0.2706,561.3,12.3,19.4,0.03336,0.02536
2025-05-01T15:30:00,0.6616,0.3541,474.5,20.9,18.3,0.03829,0.03029
2025-05-01T15:45:00,0.5545,0.3785,422.2,23.1,18.9,0.05118,0.04318
2025-05-01T16:00:00,0.579,0.3026,440.3,10.4,19.3,0.05352,0.04552
2025-05-01T16:15:00,0.6326,0.336,445.0,15.8,17.5,0.04922,0.04122
2025-05-01T16:30:00,0.4862,0.4942,370.6,20.1,18.8,0.07013,0.06213
2025-05-01T16:45:00,0.4399,0.4056,323.4,16.4,19.3,0.05891,0.05091
2025-05-01T17:00:00,0.4261,0.5801,299.9,23.7,18.5,0.07692,0.06892
2025-05-01T17:15:00,0.3461,0.5807,269.7,26.4,18.5,0.08062,0.07262
2025-05-01T17:30:00,0.3521,0.6192,261.1,15.4,17.5,0.09352,0.08552
2025-05-01T17:45:00,0.2511,0.7824,184.0,21.6,17.6,0.09538,0.08738
2025-05-01T18:00:00,0.2089,0.8363,156.8,24.0,18.2,0.10641,0.09841
2025-05-01T18:15:00,0.2244,0.7756,162.2,16.4,17.4,0.10641,0.09841
2025-05-01T18:30:00,0.1318,1.0311,96.3,34.9,16.5,0.11828,0.11028
2025-05-01T18:45:00,0.084,1.0144,62.3,12.5,18.7,0.1195,0.1115
2025-05-01T19:00:00,0.0129,1.0976,9.4,11.7,17.1,0.13417,0.12617
2025-05-01T19:15:00,0.0,1.0277,0.0,26.8,15.3,0.11958,0.11158
2025-05-01T19:30:00,0.0,1.2909,0.0,17.9,17.0,0.13192,0.12392
2025-05-01T19:45:00,0.0,1.2124,0.0,30.6,14.6,0.12701,0.11901
2025-05-01T20:00:00,0.0,1.1153,0.0,12.0,15.6,0.12329,0.11529
2025-05-01T20:15:00,0.0148,1.1425,10.7,9.8,15.2,0.11556,0.10756
2025-05-01T20:30:00,0.0295,1.0458,21.6,15.0,13.5,0.11731,0.10931
2025-05-01T20:45:00,0.002,0.9338,1.5,24.7,14.4,0.1007,0.0927
2025-05-01T21:00:00,0.0,0.811,0.0,19.1,14.6,0.09582,0.08782
2025-05-01T21:15:00,0.0,0.7633,0.0,26.4,13.5,0.10265,0.09465
2025-05-01T21:30:00,0.0,0.7095,0.0,18.5,13.8,0.08355,0.07555
2025-05-01T21:45:00,0.0,0.6622,0.0,18.0,14.1,0.09636,0.08836
2025-05-01T22:00:00,0.0,0.5252,0.0,13.3,12.7,0.08148,0.07348
2025-05-01T22:15:00,0.0,0.4884,0.0,14.3,13.8,0.08063,0.07263
2025-05-01T22:30:00,0.0486,0.4853,37.5,14.1,11.1,0.07624,0.06824
2025-05-01T22:45:00,0.0,0.4663,0.0,4.4,11.4,0.07559,0.06759
2025-05-01T23:00:00,0.009,0.4183,6.5,26.6,10.4,0.06925,0.06125
2025-05-01T23:15:00,0.0,0.3337,0.0,17.8,13.5,0.06709,0.05909
2025-05-01T23:30:00,0.005,0.3676,3.6,19.9,11.4,0.06733,0.05933
2025-05-01T23:45:00,0.0,0.3465,0.0,20.4,10.0,0.07351,0.06551
2025-05-02T00:00:00,0.0037,0.4072,2.7,26.0,9.3,0.07225,0.06425
2025-05-02T00:15:00,0.0,0.2829,0.0,26.0,8.8,0.07309,0.06509
2025-05-02T00:30:00,0.0097,0.3645,7.3,25.0,10.7,0.06764,0.05964
2025-05-02T00:45:00,0.0,0.3494,0.0,22.1,9.2,0.06425,0.05625
2025-05-02T01:00:00,0.0,0.3218,0.0,23.9,10.0,0.05538,0.04738
2025-05-02T01:15:00,0.021,0.3522,15.4,24.3,9.0,0.06931,0.06131
2025-05-02T01:30:00,0.0119,0.3013,9.2,28.3,9.5,0.0705,0.0625
2025-05-02T01:45:00,0.0,0.2541,0.0,28.7,9.8,0.06304,0.05504
2025-05-02T02:00:00,0.0,0.441,0.0,22.4,8.4,0.0703,0.0623
2025-05-02T02:15:00,0.0,0.4107,0.0,27.7,8.4,0.07319,0.06519
2025-05-02T02:30:00,0.0,0.3276,0.0,29.6,9.1,0.06603,0.05803
2025-05-02T02:45:00,0.01,0.4307,7.6,26.6,8.9,0.07181,0.06381
2025-05-02T03:00:00,0.0025,0.3932,1.8,18.2,9.5,0.06733,0.05933
2025-05-02T03:15:00,0.0365,0.288,27.8,36.9,9.2,0.0551,0.0471
2025-05-02T03:30:00,0.0,0.3744,0.0,31.5,8.3,0.06273,0.05473
2025-05-02T03:45:00,0.0115,0.3381,8.9,19.0,9.7,0.06321,0.05521
2025-05-02T04:00:00,0.0112,0.3117,8.7,28.9,9.3,0.06902,0.06102
2025-05-02T04:15:00,0.0,0.3293,0.0,24.9,9.8,0.06096,0.05296
2025-05-02T04:30:00,0.0216,0.3765,15.9,25.6,9.0,0.06399,0.05599
2025-05-02T04:45:00,0.0,0.4095,0.0,24.0,10.0,0.06161,0.05361
2025-05-02T05:00:00,0.0,0.4154,0.0,20.6,9.1,0.06829,0.06029
2025-05-02T05:15:00,0.0848,0.4174,66.8,21.4,9.7,0.07057,0.06257
2025-05-02T05:30:00,0.1315,0.392,94.7,33.3,10.4,0.07822,0.07022
2025-05-02T05:45:00,0.1853,0.4828,135.1,34.1,10.6,0.08006,0.07206
2025-05-02T06:00:00,0.2319,0.6179,173.2,22.8,10.4,0.07987,0.07187
2025-05-02T06:15:00,0.2422,0.6404,177.7,30.4,11.0,0.08459,0.07659
2025-05-02T06:30:00,0.3444,0.6983,245.3,22.6,12.0,0.08853,0.08053
2025-05-02T06:45:00,0.3258,0.752,235.8,33.2,11.9,0.09349,0.08549
2025-05-02T07:00:00,0.4387,0.8364,322.6,15.3,10.7,0.10686,0.09886
2025-05-02T07:15:00,0.4184,0.799,304.9,25.8,11.7,0.08681,0.07881
2025-05-02T07:30:00,0.5454,0.8418,387.3,21.4,14.0,0.10375,0.09575
2025-05-02T07:45:00,0.5047,0.7732,380.6,31.0,12.5,0.10828,0.10028
2025-05-02T08:00:00,0.5695,0.9357,411.1,25.3,11.7,0.11302,0.10502
2025-05-02T08:15:00,0.6145,0.7958,471.9,21.0,12.8,0.09764,0.08964
2025-05-02T08:30:00,0.629,0.6658,443.2,28.1,15.1,0.10244,0.09444
2025-05-02T08:45:00,0.6263,0.6417,453.1,34.1,14.8,0.10009,0.09209
2025-05-02T09:00:00,0.6902,0.6177,517.6,29.0,13.7,0.08557,0.07757
2025-05-02T09:15:00,0.7913,0.6314,573.4,23.2,15.0,0.06929,0.06129
2025-05-02T09:30:00,0.7345,0.5118,548.1,30.9,14.5,0.07068,0.06268
2025-05-02T09:45:00,0.8195,0.3466,598.5,23.2,13.6,0.05769,0.04969
2025-05-02T10:00:00,0.8009,0.4064,609.2,26.5,15.1,0.06111,0.05311
2025-05-02T10:15:00,0.7503,0.4272,541.3,37.2,14.3,0.04486,0.03686
2025-05-02T10:30:00,0.8235,0.3511,600.9,29.5,16.2,0.05395,0.04595
2025-05-02T10:45:00,0.9091,0.231,666.9,22.1,16.4,0.03802,0.03002
2025-05-02T11:00:00,0.8944,0.242,650.2,27.5,15.8,0.02683,0.01883
2025-05-02T11:15:00,0.9055,0.4505,675.3,24.9,17.8,0.02372,0.01572
2025-05-02T11:30:00,0.8403,0.3369,614.6,30.3,17.0,0.01585,0.00785
2025-05-02T11:45:00,0.9252,0.2554,671.2,23.5,16.1,0.02099,0.01299
2025-05-02T12:00:00,1.0025,0.2332,754.4,13.4,18.6,0.02445,0.01645
2025-05-02T12:15:00,0.9471,0.1991,709.5,17.2,18.1,0.0117,0.0037
2025-05-02T12:30:00,0.9826,0.2729,686.9,22.4,17.8,0.01671,0.00871
2025-05-02T12:45:00,0.9305,0.2595,697.1,17.5,18.8,0.0044,-0.0036
2025-05-02T13:00:00,0.9405,0.2517,689.8,20.3,19.4,0.01152,0.00352
2025-05-02T13:15:00,0.8213,0.4053,622.7,29.5,18.2,0.02385,0.01585
2025-05-02T13:30:00,0.7742,0.4236,594.4,29.1,16.6,0.00267,-0.00533
2025-05-02T13:45:00,0.9236,0.2783,656.6,21.6,19.7,0.02027,0.01227
2025-05-02T14:00:00,0.8799,0.1705,627.6,19.4,18.5,0.02231,0.01431
2025-05-02T14:15:00,0.8029,0.2119,611.6,18.7,19.8,0.00694,-0.00106
2025-05-02T14:30:00,0.7033,0.3385,553.9,26.1,17.2,0.01305,0.00505
2025-05-02T14:45:00,0.6028,0.3937,455.5,38.9,18.4,0.01964,0.01164
2025-05-02T15:00:00,0.7182,0.2402,495.4,30.6,19.4,0.03549,0.02749
2025-05-02T15:15:00,0.7491,0.2927,542.9,11.8,18.9,0.03155,0.02355
2025-05-02T15:30:00,0.6511,0.318,478.4,17.6,19.9,0.03782,0.02982
2025-05-02T15:45:00,0.6575,0.3997,488.2,18.0,19.9,0.04799,0.03999
2025-05-02T16:00:00,0.5438,0.383,399.8,23.6,18.4,0.04962,0.04162
2025-05-02T16:15:00,0.5268,0.3803,389.3,21.3,18.2,0.05569,0.04769
2025-05-02T16:30:00,0.4881,0.3601,348.6,25.9,18.5,0.05813,0.05013
2025-05-02T16:45:00,0.4687,0.5156,342.0,25.5,20.0,0.07284,0.06484
2025-05-02T17:00:00,0.4085,0.5489,290.4,25.7,18.1,0.0678,0.0598
2025-05-02T17:15:00,0.345,0.5316,256.4,31.4,18.0,0.08919,0.08119
2025-05-02T17:30:00,0.3387,0.5709,238.0,24.8,18.8,0.08401,0.07601
2025-05-02T17:45:00,0.2819,0.8943,206.1,23.1,16.4,0.08823,0.08023
2025-05-02T18:00:00,0.2353,0.7417,175.4,21.7,16.4,0.10378,0.09578
2025-05-02T18:15:00,0.1898,0.9693,144.1,16.6,16.0,0.10914,0.10114
2025-05-02T18:30:00,0.1724,0.9819,129.7,23.7,17.3,0.10047,0.09247
2025-05-02T18:45:00,0.1122,1.0607,81.5,36.2,15.7,0.1187,0.1107
2025-05-02T19:00:00,0.0537,1.1515,38.6,24.5,17.4,0.11314,0.10514
2025-05-02T19:15:00,0.017,1.2956,12.8,34.3,16.1,0.11876,0.11076
2025-05-02T19:30:00,0.021,1.2386,15.7,19.4,15.6,0.12946,0.12146
2025-05-02T19:45:00,0.0288,1.1751,20.1,31.6,14.2,0.11904,0.11104
2025-05-02T20:00:00,0.0,1.2553,0.0,37.8,15.6,0.12436,0.11636
2025-05-02T20:15:00,0.0389,1.0323,28.0,31.4,15.6,0.11668,0.10868
2025-05-02T20:30:00,0.0173,1.096,12.7,35.5,13.6,0.12623,0.11823
2025-05-02T20:45:00,0.0138,1.0163,10.5,24.6,15.1,0.10897,0.10097
2025-05-02T21:00:00,0.0,0.8647,0.0,26.6,12.9,0.09697,0.08897
2025-05-02T21:15:00,0.0586,0.7869,45.3,26.3,13.5,0.09175,0.08375
2025-05-02T21:30:00,0.0124,0.7298,9.3,22.8,14.0,0.08743,0.07943
2025-05-02T21:45:00,0.0,0.7253,0.0,26.5,12.4,0.08849,0.08049
2025-05-02T22:00:00,0.0128,0.6144,9.6,22.0,12.3,0.08309,0.07509
2025-05-02T22:15:00,0.0,0.4603,0.0,24.4,12.0,0.08493,0.07693
2025-05-02T22:30:00,0.0164,0.4252,12.7,39.0,11.8,0.07676,0.06876
2025-05-02T22:45:00,0.0,0.3662,0.0,20.7,12.8,0.07381,0.06581
2025-05-02T23:00:00,0.0127,0.3078,9.2,25.7,11.7,0.07284,0.06484
2025-05-02T23:15:00,0.0,0.3261,0.0,26.5,11.9,0.06848,0.06048
2025-05-02T23:30:00,0.0021,0.2958,1.5,36.4,10.3,0.0698,0.0618
2025-05-02T23:45:00,0.0,0.2867,0.0,27.1,9.1,0.07186,0.06386
2025-05-03T00:00:00,0.0003,0.475,0.2,3.0,12.3,0.0701,0.0621
2025-05-03T00:15:00,0.0,0.4642,0.0,0.0,11.4,0.06213,0.05413
2025-05-03T00:30:00,0.0406,0.4655,29.5,8.0,11.3,0.05479,0.04679
2025-05-03T00:45:00,0.0,0.4769,0.0,9.1,11.9,0.06054,0.05254
2025-05-03T01:00:00,0.0278,0.4837,20.7,0.0,11.5,0.06708,0.05908
2025-05-03T01:15:00,0.0,0.4553,0.0,5.8,10.8,0.05046,0.04246
2025-05-03T01:30:00,0.0284,0.491,20.8,2.4,8.0,0.06253,0.05453
2025-05-03T01:45:00,0.0,0.3593,0.0,5.7,10.2,0.06808,0.06008
2025-05-03T02:00:00,0.0174,0.4535,13.1,3.3,9.2,0.062,0.054
2025-05-03T02:15:00,0.0,0.4361,0.0,0.0,9.8,0.05867,0.05067
2025-05-03T02:30:00,0.0,0.5117,0.0,6.2,9.1,0.0759,0.0679
2025-05-03T02:45:00,0.0119,0.4482,8.8,3.8,10.2,0.07369,0.06569
2025-05-03T03:00:00,0.0,0.385,0.0,0.0,9.4,0.06385,0.05585
2025-05-03T03:15:00,0.0124,0.5266,9.3,0.0,10.4,0.07336,0.06536
2025-05-03T03:30:00,0.0114,0.4268,8.2,0.0,10.3,0.07327,0.06527
2025-05-03T03:45:00,0.0066,0.4959,4.9,2.2,9.9,0.05879,0.05079
2025-05-03T04:00:00,0.0216,0.5026,15.8,1.0,9.0,0.08183,0.07383
2025-05-03T04:15:00,0.0053,0.5061,4.0,16.6,9.4,0.06042,0.05242
2025-05-03T04:30:00,0.0,0.5278,0.0,7.7,9.8,0.06495,0.05695
2025-05-03T04:45:00,0.0178,0.4415,12.4,17.1,9.8,0.06072,0.05272
2025-05-03T05:00:00,0.0793,0.4315,57.3,4.2,11.3,0.0689,0.0609
2025-05-03T05:15:00,0.1379,0.531,100.2,3.1,10.8,0.06218,0.05418
2025-05-03T05:30:00,0.1734,0.4723,131.2,4.9,10.3,0.07227,0.06427
2025-05-03T05:45:00,0.2237,0.6997,162.4,0.0,12.0,0.08173,0.07373
2025-05-03T06:00:00,0.2905,0.712,213.3,3.3,12.4,0.08016,0.07216
2025-05-03T06:15:00,0.3268,0.7481,240.2,3.1,11.6,0.08159,0.07359
2025-05-03T06:30:00,0.3853,0.7753,274.0,9.1,11.8,0.09724,0.08924
2025-05-03T06:45:00,0.4258,0.7986,299.3,13.4,12.0,0.08762,0.07962
2025-05-03T07:00:00,0.5064,1.0306,364.7,0.8,13.6,0.10368,0.09568
2025-05-03T07:15:00,0.5009,1.0141,377.5,9.5,12.4,0.10035,0.09235
2025-05-03T07:30:00,0.5738,0.9328,431.5,0.0,14.0,0.10672,0.09872
2025-05-03T07:45:00,0.6301,0.9229,461.3,5.4,14.3,0.10746,0.09946
2025-05-03T08:00:00,0.6517,1.0193,497.3,2.8,14.8,0.10819,0.10019
2025-05-03T08:15:00,0.6529,0.9078,488.7,9.0,13.8,0.10544,0.09744
2025-05-03T08:30:00,0.7569,0.8091,572.4,0.6,14.3,0.09768,0.08968
2025-05-03T08:45:00,0.8328,0.7735,603.1,0.0,16.2,0.09406,0.08606
2025-05-03T09:00:00,0.8662,0.689,616.8,4.1,15.7,0.09408,0.08608
2025-05-03T09:15:00,0.9134,0.5489,667.8,0.0,16.5,0.08403,0.07603
2025-05-03T09:30:00,0.9434,0.6665,674.1,5.3,15.4,0.07063,0.06263
2025-05-03T09:45:00,0.934,0.588,691.2,7.4,15.7,0.06637,0.05837
2025-05-03T10:00:00,0.9725,0.5083,712.7,6.0,14.7,0.05978,0.05178
2025-05-03T10:15:00,1.0002,0.3576,726.9,10.8,17.0,0.05746,0.04946
2025-05-03T10:30:00,0.9825,0.4948,733.0,6.8,17.1,0.05333,0.04533
2025-05-03T10:45:00,0.9867,0.4178,713.2,17.1,16.1,0.0479,0.0399
2025-05-03T11:00:00,0.9437,0.47,706.5,14.5,16.5,0.03912,0.03112
2025-05-03T11:15:00,1.0445,0.4593,795.0,4.5,17.6,0.03941,0.03141
2025-05-03T11:30:00,1.0375,0.3415,754.7,11.4,19.0,0.02786,0.01986
2025-05-03T11:45:00,1.1508,0.4493,825.7,0.0,19.0,0.01603,0.00803
2025-05-03T12:00:00,1.0004,0.4082,703.9,14.6,17.9,0.03074,0.02274
2025-05-03T12:15:00,1.0715,0.3725,830.5,0.0,18.5,0.01937,0.01137
2025-05-03T12:30:00,1.0915,0.4616,789.5,7.4,19.5,0.02232,0.01432
2025-05-03T12:45:00,1.1323,0.4029,796.7,4.3,21.6,0.01998,0.01198
2025-05-03T13:00:00,1.1064,0.4977,797.1,2.6,19.0,0.03071,0.02271
2025-05-03T13:15:00,0.9668,0.4508,718.2,10.5,19.7,0.01992,0.01192
2025-05-03T13:30:00,1.0021,0.344,781.3,0.0,21.8,0.02957,0.02157
2025-05-03T13:45:00,1.0455,0.4287,753.0,0.0,20.6,0.0262,0.0182
2025-05-03T14:00:00,0.9137,0.3698,707.9,0.0,18.7,0.02337,0.01537
2025-05-03T14:15:00,0.9803,0.4468,701.3,6.7,19.9,0.0234,0.0154
2025-05-03T14:30:00,0.8956,0.4233,682.6,6.0,19.8,0.03802,0.03002
2025-05-03T14:45:00,0.8475,0.499,625.8,13.6,19.4,0.04029,0.03229
2025-05-03T15:00:00,0.7645,0.417,591.2,13.2,19.5,0.0456,0.0376
2025-05-03T15:15:00,0.8242,0.3676,605.6,5.5,18.9,0.05519,0.04719
2025-05-03T15:30:00,0.8515,0.4125,600.7,0.0,21.7,0.04932,0.04132
2025-05-03T15:45:00,0.7334,0.4162,536.0,7.2,18.5,0.05314,0.04514
2025-05-03T16:00:00,0.6896,0.3446,507.7,0.0,19.7,0.05476,0.04676
2025-05-03T16:15:00,0.6079,0.4527,449.7,6.5,19.6,0.06052,0.05252
2025-05-03T16:30:00,0.5819,0.6142,437.9,4.4,20.4,0.06256,0.05456
2025-05-03T16:45:00,0.5494,0.5009,393.5,10.8,19.0,0.06449,0.05649
2025-05-03T17:00:00,0.428,0.6768,330.7,2.8,18.0,0.08744,0.07944
2025-05-03T17:15:00,0.4079,0.6728,308.9,10.3,18.9,0.07033,0.06233
2025-05-03T17:30:00,0.3527,0.8315,260.7,3.6,17.2,0.08937,0.08137
2025-05-03T17:45:00,0.3104,0.8929,239.0,1.9,16.8,0.09702,0.08902
2025-05-03T18:00:00,0.2254,0.9499,175.2,13.3,18.5,0.10177,0.09377
2025-05-03T18:15:00,0.2316,0.9644,171.5,13.2,17.7,0.10132,0.09332
2025-05-03T18:30:00,0.1652,1.0745,128.2,11.2,17.8,0.11161,0.10361
2025-05-03T18:45:00,0.0956,1.1771,67.1,7.3,17.8,0.11481,0.10681
2025-05-03T19:00:00,0.0581,1.3904,41.7,1.4,17.7,0.11484,0.10684
2025-05-03T19:15:00,0.0037,1.4134,2.6,11.1,16.7,0.12338,0.11538
2025-05-03T19:30:00,0.0597,1.2401,42.1,2.8,16.6,0.12213,0.11413
2025-05-03T19:45:00,0.0,1.3212,0.0,8.2,16.4,0.12067,0.11267
2025-05-03T20:00:00,0.0,1.1879,0.0,0.0,17.0,0.12604,0.11804
2025-05-03T20:15:00,0.0048,1.2021,3.5,15.8,16.0,0.11227,0.10427
2025-05-03T20:30:00,0.0,1.2442,0.0,6.4,15.6,0.11691,0.10891
2025-05-03T20:45:00,0.0054,1.1277,3.9,11.2,14.7,0.1055,0.0975
2025-05-03T21:00:00,0.0108,1.0014,8.1,2.5,14.8,0.10619,0.09819
2025-05-03T21:15:00,0.0,0.7814,0.0,10.9,15.0,0.09839,0.09039
2025-05-03T21:30:00,0.0,0.7483,0.0,0.4,16.2,0.0939,0.0859
2025-05-03T21:45:00,0.0,0.6653,0.0,11.7,13.4,0.08144,0.07344
2025-05-03T22:00:00,0.0211,0.7952,15.1,10.8,13.4,0.07804,0.07004
2025-05-03T22:15:00,0.0,0.608,0.0,9.9,10.9,0.07356,0.06556
2025-05-03T22:30:00,0.0,0.6359,0.0,12.0,13.2,0.07637,0.06837
2025-05-03T22:45:00,0.0,0.5511,0.0,4.3,12.0,0.07709,0.06909
2025-05-03T23:00:00,0.0185,0.4896,13.6,10.0,13.2,0.07693,0.06893
2025-05-03T23:15:00,0.0104,0.4467,7.5,9.6,11.5,0.06583,0.05783
2025-05-03T23:30:00,0.0101,0.5644,7.5,5.7,9.9,0.06812,0.06012
2025-05-03T23:45:00,0.0,0.4509,0.0,0.0,12.5,0.05704,0.04904
2025-05-04T00:00:00,0.0377,0.4749,26.8,13.9,10.5,0.05168,0.04368
2025-05-04T00:15:00,0.0,0.4529,0.0,5.8,10.6,0.05977,0.05177
2025-05-04T00:30:00,0.0037,0.3976,2.6,3.2,11.8,0.06097,0.05297
2025-05-04T00:45:00,0.0,0.4895,0.0,0.0,10.3,0.05565,0.04765
2025-05-04T01:00:00,0.0366,0.3964,26.7,13.8,10.0,0.0543,0.0463
2025-05-04T01:15:00,0.0144,0.4547,10.2,1.0,11.5,0.06814,0.06014
2025-05-04T01:30:00,0.0,0.3874,0.0,0.0,10.8,0.06013,0.05213
2025-05-04T01:45:00,0.0328,0.3319,23.4,0.0,10.5,0.05487,0.04687
2025-05-04T02:00:00,0.0,0.5102,0.0,5.7,11.2,0.07883,0.07083
2025-05-04T02:15:00,0.0,0.5031,0.0,0.0,9.8,0.06596,0.05796
2025-05-04T02:30:00,0.0,0.4583,0.0,4.5,9.5,0.06302,0.05502
2025-05-04T02:45:00,0.0,0.3491,0.0,8.8,10.0,0.06898,0.06098
2025-05-04T03:00:00,0.0101,0.376,7.4,11.1,10.6,0.06039,0.05239
2025-05-04T03:15:00,0.0,0.4656,0.0,5.4,11.4,0.07446,0.06646
2025-05-04T03:30:00,0.0,0.366,0.0,0.0,9.3,0.05579,0.04779
2025-05-04T03:45:00,0.0025,0.6298,1.8,19.5,10.4,0.05728,0.04928
2025-05-04T04:00:00,0.0,0.3927,0.0,0.0,10.6,0.06445,0.05645
2025-05-04T04:15:00,0.0033,0.4309,2.3,2.4,10.9,0.06099,0.05299
2025-05-04T04:30:00,0.0026,0.548,1.9,5.8,10.5,0.07449,0.06649
2025-05-04T04:45:00,0.0205,0.5413,14.9,4.0,11.4,0.05722,0.04922
2025-05-04T05:00:00,0.0752,0.5445,53.4,0.0,11.6,0.06358,0.05558
2025-05-04T05:15:00,0.109,0.5858,84.6,4.1,12.4,0.07101,0.06301
2025-05-04T05:30:00,0.2098,0.64,151.7,12.1,12.3,0.07519,0.06719
2025-05-04T05:45:00,0.2152,0.6468,154.4,3.3,11.1,0.08074,0.07274
2025-05-04T06:00:00,0.1842,0.6744,141.3,10.6,11.3,0.08044,0.07244
2025-05-04T06:15:00,0.3234,0.7571,227.1,12.6,11.7,0.09587,0.08787
2025-05-04T06:30:00,0.3535,0.8481,256.5,3.9,12.8,0.08465,0.07665
2025-05-04T06:45:00,0.4408,0.921,328.4,3.6,12.3,0.09357,0.08557
2025-05-04T07:00:00,0.449,1.014,329.4,17.1,12.4,0.10253,0.09453
2025-05-04T07:15:00,0.5133,1.0158,381.5,4.8,13.2,0.09982,0.09182
2025-05-04T07:30:00,0.5668,1.0568,406.6,11.9,11.1,0.10324,0.09524
2025-05-04T07:45:00,0.7215,0.9579,510.0,0.7,13.2,0.10407,0.09607
2025-05-04T08:00:00,0.638,0.9069,465.0,6.5,13.2,0.10318,0.09518
2025-05-04T08:15:00,0.7561,0.8498,564.5,0.2,14.8,0.09865,0.09065
2025-05-04T08:30:00,0.7565,0.8172,563.4,8.7,13.8,0.09873,0.09073
2025-05-04T08:45:00,0.7381,0.6715,541.6,15.6,15.0,0.08794,0.07994
2025-05-04T09:00:00,0.7523,0.6474,551.4,18.1,14.8,0.0935,0.0855
2025-05-04T09:15:00,0.8734,0.6495,653.1,4.6,15.6,0.07501,0.06701
2025-05-04T09:30:00,0.9589,0.5383,674.7,4.9,16.3,0.08989,0.08189
2025-05-04T09:45:00,0.9098,0.4595,712.7,0.0,15.8,0.08079,0.07279
2025-05-04T10:00:00,1.0366,0.4165,750.3,0.0,16.2,0.07067,0.06267
2025-05-04T10:15:00,1.0595,0.4147,742.7,0.2,16.1,0.05676,0.04876
2025-05-04T10:30:00,0.9552,0.3947,715.1,8.0,17.6,0.04909,0.04109
2025-05-04T10:45:00,1.0726,0.5419,745.3,9.1,15.7,0.05512,0.04712
2025-05-04T11:00:00,1.1014,0.5226,818.3,0.7,17.4,0.04469,0.03669
2025-05-04T11:15:00,1.1145,0.5369,800.8,0.7,18.3,0.04332,0.03532
2025-05-04T11:30:00,1.1556,0.4063,838.0,0.0,18.5,0.03255,0.02455
2025-05-04T11:45:00,1.1047,0.3735,835.7,0.0,16.4,0.04059,0.03259
2025-05-04T12:00:00,1.1459,0.3788,832.5,0.0,20.0,0.02726,0.01926
2025-05-04T12:15:00,1.1019,0.3454,805.2,0.0,18.9,0.03096,0.02296
2025-05-04T12:30:00,1.0905,0.4294,775.2,5.8,18.3,0.01874,0.01074
2025-05-04T12:45:00,0.9849,0.3809,712.6,14.6,17.5,0.02441,0.01641
2025-05-04T13:00:00,1.0943,0.4721,809.7,2.7,20.0,0.03106,0.02306
2025-05-04T13:15:00,1.0403,0.3657,745.8,5.0,19.4,0.02561,0.01761
2025-05-04T13:30:00,0.9561,0.4309,658.4,22.4,19.8,0.02634,0.01834
2025-05-04T13:45:00,1.0549,0.2523,757.7,0.0,19.5,0.0349,0.0269
2025-05-04T14:00:00,0.8867,0.402,653.2,15.6,19.4,0.03134,0.02334
2025-05-04T14:15:00,0.9158,0.4125,668.3,2.3,20.9,0.04118,0.03318
2025-05-04T14:30:00,0.9452,0.4284,691.1,0.0,18.9,0.02163,0.01363
2025-05-04T14:45:00,0.8854,0.3944,659.3,1.5,19.7,0.04209,0.03409
2025-05-04T15:00:00,0.7291,0.4317,561.1,13.9,19.4,0.04461,0.03661
2025-05-04T15:15:00,0.7624,0.4406,571.8,8.4,19.4,0.03548,0.02748
2025-05-04T15:30:00,0.7481,0.4536,523.3,16.8,18.8,0.04034,0.03234
2025-05-04T15:45:00,0.7228,0.5432,511.3,6.7,20.2,0.05699,0.04899
2025-05-04T16:00:00,0.7338,0.4588,530.4,0.0,20.3,0.04932,0.04132
2025-05-04T16:15:00,0.6308,0.5585,456.5,7.2,19.8,0.05619,0.04819
2025-05-04T16:30:00,0.641,0.625,446.6,0.0,20.3,0.06826,0.06026
2025-05-04T16:45:00,0.5253,0.6507,370.0,7.7,19.8,0.06782,0.05982
2025-05-04T17:00:00,0.4856,0.6821,358.0,0.0,18.8,0.07821,0.07021
2025-05-04T17:15:00,0.4431,0.745,324.2,1.4,19.8,0.07614,0.06814
2025-05-04T17:30:00,0.3779,0.874,271.4,11.5,18.1,0.0894,0.0814
2025-05-04T17:45:00,0.3297,0.9643,246.2,9.6,18.0,0.10058,0.09258
2025-05-04T18:00:00,0.2852,0.9346,206.5,0.0,20.3,0.10252,0.09452
2025-05-04T18:15:00,0.2233,1.0558,161.7,3.2,18.9,0.09366,0.08566
2025-05-04T18:30:00,0.1538,1.2397,111.8,0.0,18.1,0.11632,0.10832
2025-05-04T18:45:00,0.1057,1.2519,76.8,10.1,17.0,0.11758,0.10958
2025-05-04T19:00:00,0.1003,1.2135,72.7,0.0,16.7,0.11552,0.10752
2025-05-04T19:15:00,0.0,1.3265,0.0,13.0,17.8,0.13163,0.12363
2025-05-04T19:30:00,0.0,1.3788,0.0,15.3,17.0,0.1138,0.1058
2025-05-04T19:45:00,0.026,1.3535,19.0,9.5,16.2,0.13482,0.12682
2025-05-04T20:00:00,0.0023,1.2939,1.7,12.5,15.2,0.11781,0.10981
2025-05-04T20:15:00,0.0264,1.221,19.2,11.1,15.7,0.12768,0.11968
2025-05-04T20:30:00,0.0159,1.135,11.8,4.3,17.0,0.11366,0.10566
2025-05-04T20:45:00,0.022,0.9992,16.1,0.0,17.2,0.10088,0.09288
2025-05-04T21:00:00,0.0119,1.0134,8.8,0.0,15.2,0.10386,0.09586
2025-05-04T21:15:00,0.0261,0.9205,19.0,7.2,13.3,0.09962,0.09162
2025-05-04T21:30:00,0.0,0.7672,0.0,2.0,14.2,0.09536,0.08736
2025-05-04T21:45:00,0.0,0.69,0.0,16.3,13.2,0.09332,0.08532
2025-05-04T22:00:00,0.0087,0.6243,6.1,1.4,13.6,0.07701,0.06901
2025-05-04T22:15:00,0.0,0.5903,0.0,0.3,13.4,0.08131,0.07331
2025-05-04T22:30:00,0.0,0.6683,0.0,0.0,14.2,0.07942,0.07142
2025-05-04T22:45:00,0.0,0.5392,0.0,5.8,12.6,0.07067,0.06267
2025-05-04T23:00:00,0.0,0.5373,0.0,9.4,12.3,0.06456,0.05656
2025-05-04T23:15:00,0.0259,0.4948,18.5,1.8,10.4,0.06281,0.05481
2025-05-04T23:30:00,0.0293,0.4834,21.2,0.0,11.2,0.07179,0.06379
2025-05-04T23:45:00,0.0,0.4625,0.0,0.2,10.0,0.07121,0.06321
2025-05-05T00:00:00,0.0133,0.2255,10.2,4.4,11.8,0.05972,0.05172
2025-05-05T00:15:00,0.0,0.3901,0.0,0.0,12.9,0.05667,0.04867
2025-05-05T00:30:00,0.0,0.3666,0.0,3.8,11.9,0.07207,0.06407
2025-05-05T00:45:00,0.0,0.367,0.0,3.2,10.3,0.05539,0.04739
2025-05-05T01:00:00,0.0,0.3638,0.0,10.5,10.5,0.06562,0.05762
2025-05-05T01:15:00,0.0,0.3997,0.0,8.8,9.3,0.05986,0.05186
2025-05-05T01:30:00,0.0,0.3071,0.0,4.8,10.5,0.05418,0.04618
2025-05-05T01:45:00,0.0,0.38,0.0,0.5,9.4,0.06541,0.05741
2025-05-05T02:00:00,0.0404,0.4913,29.1,6.7,9.2,0.06353,0.05553
2025-05-05T02:15:00,0.0131,0.4283,10.2,11.9,9.4,0.07327,0.06527
2025-05-05T02:30:00,0.0111,0.3542,8.0,0.0,10.1,0.07824,0.07024
2025-05-05T02:45:00,0.0,0.2378,0.0,3.2,11.7,0.06356,0.05556
2025-05-05T03:00:00,0.0089,0.1791,6.5,0.0,11.8,0.07082,0.06282
2025-05-05T03:15:00,0.044,0.3067,32.4,6.0,10.1,0.07096,0.06296
2025-05-05T03:30:00,0.0159,0.3741,11.9,6.0,9.5,0.06165,0.05365
2025-05-05T03:45:00,0.0118,0.3164,8.8,5.2,9.7,0.0597,0.0517
2025-05-05T04:00:00,0.0231,0.3691,16.6,7.9,9.2,0.07467,0.06667
2025-05-05T04:15:00,0.008,0.3843,6.2,4.3,9.8,0.06317,0.05517
2025-05-05T04:30:00,0.0261,0.4176,18.8,11.2,9.8,0.06569,0.05769
2025-05-05T04:45:00,0.0055,0.4553,4.0,6.6,10.5,0.06487,0.05687
2025-05-05T05:00:00,0.0672,0.4209,47.5,7.9,10.8,0.06695,0.05895
2025-05-05T05:15:00,0.1503,0.4043,108.7,2.4,11.8,0.06578,0.05778
2025-05-05T05:30:00,0.2017,0.4487,139.3,1.4,13.4,0.07609,0.06809
2025-05-05T05:45:00,0.2735,0.4678,190.4,2.4,13.6,0.08205,0.07405
2025-05-05T06:00:00,0.2958,0.7616,218.9,4.0,9.9,0.07595,0.06795
2025-05-05T06:15:00,0.3308,0.7084,237.6,13.5,12.2,0.07423,0.06623
2025-05-05T06:30:00,0.3923,0.7645,294.2,6.4,12.9,0.08757,0.07957
2025-05-05T06:45:00,0.4229,0.7028,305.6,9.6,12.0,0.08339,0.07539
2025-05-05T07:00:00,0.4883,0.7619,354.4,5.5,12.0,0.09332,0.08532
2025-05-05T07:15:00,0.5542,0.8826,410.2,0.0,12.4,0.10876,0.10076
2025-05-05T07:30:00,0.5913,0.9201,419.9,3.1,12.2,0.1185,0.1105
2025-05-05T07:45:00,0.6353,0.9003,472.8,2.7,15.4,0.10869,0.10069
2025-05-05T08:00:00,0.715,0.9191,519.1,4.8,14.3,0.10018,0.09218
2025-05-05T08:15:00,0.731,0.8124,522.2,7.1,14.6,0.10948,0.10148
2025-05-05T08:30:00,0.7169,0.6995,530.7,8.5,14.9,0.08794,0.07994
2025-05-05T08:45:00,0.7706,0.6389,577.5,4.0,14.2,0.09223,0.08423
2025-05-05T09:00:00,0.8396,0.6232,617.6,9.5,14.9,0.09933,0.09133
2025-05-05T09:15:00,0.833,0.5899,625.4,12.6,13.9,0.0878,0.0798
2025-05-05T09:30:00,1.0057,0.542,708.3,0.0,15.3,0.0679,0.0599
2025-05-05T09:45:00,0.9984,0.4559,723.1,1.5,16.0,0.05905,0.05105
2025-05-05T10:00:00,1.0065,0.5068,720.8,1.1,18.2,0.06725,0.05925
2025-05-05T10:15:00,1.0267,0.326,760.5,0.0,17.8,0.05554,0.04754
2025-05-05T10:30:00,0.9822,0.3668,742.1,4.6,16.1,0.04655,0.03855
2025-05-05T10:45:00,1.0181,0.291,736.6,12.2,15.5,0.04745,0.03945
2025-05-05T11:00:00,1.0926,0.3041,819.2,0.0,19.1,0.03706,0.02906
2025-05-05T11:15:00,1.1259,0.4299,821.5,1.9,16.7,0.02507,0.01707
2025-05-05T11:30:00,1.0693,0.2413,806.2,0.0,18.8,0.03796,0.02996
2025-05-05T11:45:00,1.0536,0.3117,800.3,6.4,16.9,0.02636,0.01836
2025-05-05T12:00:00,1.0154,0.2963,729.1,15.3,20.4,0.02183,0.01383
2025-05-05T12:15:00,1.0285,0.3231,759.8,6.7,18.8,0.01795,0.00995
2025-05-05T12:30:00,1.1429,0.3474,848.6,0.0,19.5,0.02603,0.01803
2025-05-05T12:45:00,1.0212,0.2643,728.0,12.8,18.3,0.01889,0.01089
2025-05-05T13:00:00,0.985,0.2785,773.9,6.0,18.7,0.02714,0.01914
2025-05-05T13:15:00,1.0749,0.2694,765.7,8.3,19.2,0.02208,0.01408
2025-05-05T13:30:00,1.0384,0.242,763.6,2.1,20.3,0.03093,0.02293
2025-05-05T13:45:00,0.9775,0.2967,748.3,4.4,20.8,0.02349,0.01549
2025-05-05T14:00:00,0.9469,0.2709,725.1,3.3,19.8,0.02368,0.01568
2025-05-05T14:15:00,0.8632,0.2771,647.4,14.1,19.7,0.01804,0.01004
2025-05-05T14:30:00,0.9601,0.245,699.3,3.2,20.5,0.02583,0.01783
2025-05-05T14:45:00,0.8972,0.227,691.4,0.0,20.6,0.0396,0.0316
2025-05-05T15:00:00,0.8309,0.2432,597.0,12.4,19.8,0.05674,0.04874
2025-05-05T15:15:00,0.8609,0.2446,634.9,0.0,21.3,0.03448,0.02648
2025-05-05T15:30:00,0.8038,0.2692,587.6,0.0,20.6,0.03945,0.03145
2025-05-05T15:45:00,0.7273,0.2586,544.0,4.2,19.7,0.05163,0.04363
2025-05-05T16:00:00,0.7217,0.2987,535.6,1.1,18.7,0.0567,0.0487
2025-05-05T16:15:00,0.6108,0.4924,441.1,8.9,19.7,0.05438,0.04638
2025-05-05T16:30:00,0.6205,0.3525,448.1,0.9,19.4,0.06383,0.05583
2025-05-05T16:45:00,0.487,0.5093,368.7,6.7,18.6,0.05911,0.05111
2025-05-05T17:00:00,0.49,0.7034,370.3,4.2,18.8,0.07268,0.06468
2025-05-05T17:15:00,0.3816,0.6732,285.0,16.9,19.4,0.08598,0.07798
2025-05-05T17:30:00,0.3967,0.7155,277.9,0.0,18.4,0.0968,0.0888
2025-05-05T17:45:00,0.3063,0.7466,228.7,0.0,18.7,0.09264,0.08464
2025-05-05T18:00:00,0.3349,0.9833,237.2,0.0,18.8,0.09866,0.09066
2025-05-05T18:15:00,0.1786,0.9381,131.5,6.7,19.5,0.1092,0.1012
2025-05-05T18:30:00,0.144,1.0422,100.6,14.4,16.9,0.11882,0.11082
2025-05-05T18:45:00,0.1584,1.0077,113.4,0.3,17.0,0.11998,0.11198
2025-05-05T19:00:00,0.0388,1.1773,28.2,0.0,18.0,0.11633,0.10833
2025-05-05T19:15:00,0.0,1.2288,0.0,10.1,18.0,0.12534,0.11734
2025-05-05T19:30:00,0.0,1.108,0.0,5.9,17.4,0.12992,0.12192
2025-05-05T19:45:00,0.0275,1.217,19.5,12.7,16.8,0.11932,0.11132
2025-05-05T20:00:00,0.0001,1.1946,0.1,13.1,16.3,0.11358,0.10558
2025-05-05T20:15:00,0.0,1.1341,0.0,16.0,15.0,0.12129,0.11329
2025-05-05T20:30:00,0.0,0.9661,0.0,0.0,14.4,0.11609,0.10809
2025-05-05T20:45:00,0.0,0.9293,0.0,0.0,15.5,0.11458,0.10658
2025-05-05T21:00:00,0.0,0.9423,0.0,0.0,15.3,0.10381,0.09581
2025-05-05T21:15:00,0.0226,0.8128,15.9,9.9,15.9,0.09378,0.08578
2025-05-05T21:30:00,0.0,0.6097,0.0,3.5,15.1,0.08952,0.08152
2025-05-05T21:45:00,0.0,0.6284,0.0,7.5,14.7,0.08085,0.07285
2025-05-05T22:00:00,0.0085,0.4388,5.9,17.1,13.0,0.07672,0.06872
2025-05-05T22:15:00,0.0,0.5207,0.0,6.4,15.1,0.07502,0.06702
2025-05-05T22:30:00,0.0,0.5196,0.0,0.0,14.2,0.07214,0.06414
2025-05-05T22:45:00,0.0,0.546,0.0,3.9,13.7,0.07896,0.07096
2025-05-05T23:00:00,0.0,0.355,0.0,12.2,12.9,0.06285,0.05485
2025-05-05T23:15:00,0.0391,0.3631,28.6,11.2,12.5,0.06825,0.06025
2025-05-05T23:30:00,0.0027,0.3439,2.0,9.8,12.5,0.06381,0.05581
2025-05-05T23:45:00,0.0158,0.294,11.4,15.7,10.9,0.07533,0.06733
2025-05-06T00:00:00,0.0413,0.2781,30.4,22.0,10.0,0.06626,0.05826
2025-05-06T00:15:00,0.0,0.3579,0.0,18.7,12.0,0.06247,0.05447
2025-05-06T00:30:00,0.0,0.2949,0.0,17.0,10.7,0.06956,0.06156
2025-05-06T00:45:00,0.0131,0.3284,9.8,25.8,9.3,0.0651,0.0571
2025-05-06T01:00:00,0.0,0.2964,0.0,15.4,11.4,0.06186,0.05386
2025-05-06T01:15:00,0.0042,0.2968,3.1,20.9,10.1,0.07386,0.06586
2025-05-06T01:30:00,0.0,0.2722,0.0,13.3,9.4,0.06895,0.06095
2025-05-06T01:45:00,0.0,0.3064,0.0,34.3,9.7,0.07503,0.06703
2025-05-06T02:00:00,0.0517,0.3909,40.0,16.2,10.0,0.07161,0.06361
2025-05-06T02:15:00,0.0,0.4132,0.0,12.8,10.3,0.06934,0.06134
2025-05-06T02:30:00,0.0,0.4522,0.0,28.5,9.9,0.06551,0.05751
2025-05-06T02:45:00,0.0049,0.2383,3.6,24.1,9.1,0.05825,0.05025
2025-05-06T03:00:00,0.024,0.2597,17.1,24.7,9.4,0.06897,0.06097
2025-05-06T03:15:00,0.0562,0.383,42.7,20.3,10.2,0.0652,0.0572
2025-05-06T03:30:00,0.0,0.3694,0.0,26.4,10.3,0.06886,0.06086
2025-05-06T03:45:00,0.0243,0.2943,18.4,12.6,10.3,0.06488,0.05688
2025-05-06T04:00:00,0.0,0.3803,0.0,19.4,10.0,0.06099,0.05299
2025-05-06T04:15:00,0.0,0.3477,0.0,20.0,10.8,0.0594,0.0514
2025-05-06T04:30:00,0.0,0.2664,0.0,13.1,9.9,0.07007,0.06207
2025-05-06T04:45:00,0.0,0.3994,0.0,31.8,10.5,0.07436,0.06636
2025-05-06T05:00:00,0.0028,0.4129,2.1,25.1,8.9,0.06607,0.05807
2025-05-06T05:15:00,0.0903,0.4277,67.0,18.1,10.7,0.07213,0.06413
2025-05-06T05:30:00,0.171,0.4883,125.6,25.7,9.8,0.07989,0.07189
2025-05-06T05:45:00,0.1919,0.4191,138.8,25.5,11.1,0.06956,0.06156
2025-05-06T06:00:00,0.2507,0.6346,180.5,21.9,10.7,0.07611,0.06811
2025-05-06T06:15:00,0.2851,0.6545,209.5,25.4,10.3,0.07571,0.06771
2025-05-06T06:30:00,0.3819,0.7932,290.6,9.6,12.6,0.09413,0.08613
2025-05-06T06:45:00,0.4147,0.796,299.5,21.8,11.7,0.09359,0.08559
2025-05-06T07:00:00,0.4253,0.8464,308.7,21.6,13.1,0.09401,0.08601
2025-05-06T07:15:00,0.4198,0.8227,308.0,33.3,11.4,0.091,0.083
2025-05-06T07:30:00,0.517,0.8002,368.3,28.8,12.9,0.10283,0.09483
2025-05-06T07:45:00,0.582,0.8814,443.7,13.7,13.4,0.11139,0.10339
2025-05-06T08:00:00,0.613,0.7703,450.7,20.6,13.2,0.10345,0.09545
2025-05-06T08:15:00,0.6333,0.7986,455.1,24.8,13.2,0.10056,0.09256
2025-05-06T08:30:00,0.5956,0.7009,446.1,32.7,14.0,0.10296,0.09496
2025-05-06T08:45:00,0.6511,0.5125,477.6,28.1,13.8,0.08622,0.07822
2025-05-06T09:00:00,0.7671,0.5957,566.2,17.2,13.8,0.08705,0.07905
2025-05-06T09:15:00,0.7414,0.5641,539.1,27.7,13.7,0.08263,0.07463
2025-05-06T09:30:00,0.7389,0.4071,557.1,25.3,13.9,0.06631,0.05831
2025-05-06T09:45:00,0.8512,0.3524,593.6,25.0,14.8,0.05785,0.04985
2025-05-06T10:00:00,0.7911,0.3907,607.1,26.7,15.8,0.05633,0.04833
2025-05-06T10:15:00,0.8304,0.3202,609.4,28.6,16.9,0.04675,0.03875
2025-05-06T10:30:00,0.8623,0.3388,646.9,24.5,14.1,0.03897,0.03097
2025-05-06T10:45:00,0.9895,0.2504,707.2,20.4,16.4,0.03523,0.02723
2025-05-06T11:00:00,0.8759,0.288,673.9,21.7,15.6,0.02953,0.02153
2025-05-06T11:15:00,0.9059,0.2859,689.6,26.1,18.5,0.01749,0.00949
2025-05-06T11:30:00,0.9401,0.2852,683.9,21.1,17.2,0.01443,0.00643
2025-05-06T11:45:00,0.8725,0.3853,666.9,25.5,18.3,0.01707,0.00907
2025-05-06T12:00:00,0.8818,0.263,663.9,24.2,17.1,0.01772,0.00972
2025-05-06T12:15:00,0.8997,0.2083,673.1,27.5,18.1,0.01642,0.00842
2025-05-06T12:30:00,0.8682,0.2359,632.8,31.3,17.9,0.00136,-0.00664
2025-05-06T12:45:00,0.9572,0.2551,693.1,22.2,16.9,0.01172,0.00372
2025-05-06T13:00:00,0.8642,0.3321,672.8,23.3,18.2,0.00932,0.00132
2025-05-06T13:15:00,0.9751,0.3856,715.3,17.3,18.9,0.00501,-0.00299
2025-05-06T13:30:00,0.9672,0.3077,678.7,20.6,18.2,0.00926,0.00126
2025-05-06T13:45:00,0.7672,0.3706,543.3,37.3,18.2,0.01319,0.00519
2025-05-06T14:00:00,0.917,0.2565,664.2,13.7,19.0,0.02146,0.01346
2025-05-06T14:15:00,0.7903,0.3617,605.4,19.6,17.6,0.00771,-0.00029
2025-05-06T14:30:00,0.784,0.3001,561.2,29.5,19.7,0.02125,0.01325
2025-05-06T14:45:00,0.7427,0.3051,558.4,25.6,18.8,0.02095,0.01295
2025-05-06T15:00:00,0.614,0.2854,449.1,39.8,17.9,0.02501,0.01701
2025-05-06T15:15:00,0.6272,0.3082,455.1,34.7,19.1,0.03781,0.02981
2025-05-06T15:30:00,0.6982,0.3867,515.7,16.3,20.1,0.04083,0.03283
2025-05-06T15:45:00,0.6113,0.3158,438.7,24.3,20.0,0.03513,0.02713
2025-05-06T16:00:00,0.5892,0.3842,431.8,17.7,20.3,0.04491,0.03691
2025-05-06T16:15:00,0.5348,0.3759,396.5,24.3,18.6,0.05362,0.04562
2025-05-06T16:30:00,0.4764,0.4009,356.9,27.0,18.4,0.04981,0.04181
2025-05-06T16:45:00,0.4564,0.4739,339.0,25.7,17.9,0.0696,0.0616
2025-05-06T17:00:00,0.3546,0.4079,266.7,29.9,17.9,0.07057,0.06257
2025-05-06T17:15:00,0.3591,0.6086,273.5,24.5,19.2,0.07881,0.07081
2025-05-06T17:30:00,0.2853,0.691,203.7,25.8,19.4,0.08686,0.07886
2025-05-06T17:45:00,0.3113,0.6857,219.6,19.3,17.8,0.10271,0.09471
2025-05-06T18:00:00,0.2733,0.8372,200.4,15.8,18.7,0.09915,0.09115
2025-05-06T18:15:00,0.1766,0.9461,134.8,23.9,19.0,0.10342,0.09542
2025-05-06T18:30:00,0.1602,0.9612,119.8,24.6,17.6,0.12186,0.11386
2025-05-06T18:45:00,0.1307,1.1018,96.3,24.2,18.1,0.11362,0.10562
2025-05-06T19:00:00,0.0611,1.2059,46.4,29.1,16.9,0.11738,0.10938
2025-05-06T19:15:00,0.0182,1.2413,13.4,15.4,16.6,0.11478,0.10678
2025-05-06T19:30:00,0.0006,1.2151,0.5,17.4,16.7,0.13047,0.12247
2025-05-06T19:45:00,0.0,1.2979,0.0,18.1,16.1,0.12516,0.11716
2025-05-06T20:00:00,0.0066,1.2228,5.1,22.4,15.1,0.12438,0.11638
2025-05-06T20:15:00,0.0,1.0706,0.0,14.5,15.8,0.1193,0.1113
2025-05-06T20:30:00,0.0124,1.0448,9.1,18.8,14.2,0.11319,0.10519
2025-05-06T20:45:00,0.0,1.049,0.0,30.3,14.4,0.10425,0.09625
2025-05-06T21:00:00,0.0143,0.8961,10.7,23.2,15.1,0.09877,0.09077
2025-05-06T21:15:00,0.0,0.763,0.0,11.2,15.0,0.10032,0.09232
2025-05-06T21:30:00,0.0049,0.7438,3.4,25.8,13.0,0.09299,0.08499
2025-05-06T21:45:00,0.0,0.6224,0.0,24.8,13.5,0.09681,0.08881
2025-05-06T22:00:00,0.0,0.5084,0.0,29.6,13.3,0.078,0.07
2025-05-06T22:15:00,0.0212,0.4577,15.2,31.1,11.6,0.07562,0.06762
2025-05-06T22:30:00,0.0,0.42,0.0,15.9,13.7,0.06911,0.06111
2025-05-06T22:45:00,0.0,0.2942,0.0,21.3,12.3,0.08063,0.07263
2025-05-06T23:00:00,0.0109,0.3621,8.6,15.3,11.6,0.06299,0.05499
2025-05-06T23:15:00,0.0057,0.3118,4.0,27.7,11.5,0.07326,0.06526
2025-05-06T23:30:00,0.0,0.33,0.0,25.6,11.3,0.076,0.068
2025-05-06T23:45:00,0.0348,0.3182,25.3,29.5,11.4,0.06576,0.05776
2025-05-07T00:00:00,0.0,0.3505,0.0,44.0,10.4,0.06913,0.06113
2025-05-07T00:15:00,0.0,0.321,0.0,35.6,10.8,0.05221,0.04421
2025-05-07T00:30:00,0.0112,0.3112,8.1,47.2,10.6,0.06254,0.05454
2025-05-07T00:45:00,0.0276,0.3354,20.3,44.0,9.7,0.05499,0.04699
2025-05-07T01:00:00,0.0239,0.3439,17.6,32.2,10.6,0.06585,0.05785
2025-05-07T01:15:00,0.0339,0.2975,24.8,33.1,9.1,0.06489,0.05689
2025-05-07T01:30:00,0.0,0.3005,0.0,28.5,8.8,0.06027,0.05227
2025-05-07T01:45:00,0.0,0.3271,0.0,34.9,9.0,0.07044,0.06244
2025-05-07T02:00:00,0.0,0.3543,0.0,36.3,7.5,0.06695,0.05895
2025-05-07T02:15:00,0.0203,0.3537,14.4,40.7,9.7,0.06174,0.05374
2025-05-07T02:30:00,0.0098,0.2345,7.4,33.4,9.0,0.0618,0.0538
2025-05-07T02:45:00,0.0,0.2899,0.0,42.9,9.1,0.05613,0.04813
2025-05-07T03:00:00,0.0147,0.3062,11.2,33.1,9.3,0.06377,0.05577
2025-05-07T03:15:00,0.0,0.2361,0.0,25.3,8.8,0.07747,0.06947
2025-05-07T03:30:00,0.0178,0.3317,13.4,38.6,8.1,0.06073,0.05273
2025-05-07T03:45:00,0.0,0.3857,0.0,38.4,8.7,0.06754,0.05954
2025-05-07T04:00:00,0.0257,0.2807,18.7,36.8,9.6,0.06197,0.05397
2025-05-07T04:15:00,0.0,0.306,0.0,39.7,9.1,0.07029,0.06229
2025-05-07T04:30:00,0.0045,0.4171,3.1,39.5,9.5,0.06861,0.06061
2025-05-07T04:45:00,0.0576,0.3334,40.9,38.2,10.6,0.06537,0.05737
2025-05-07T05:00:00,0.0671,0.3743,47.0,44.3,8.9,0.05731,0.04931
2025-05-07T05:15:00,0.1062,0.4285,81.1,29.0,9.5,0.06645,0.05845
2025-05-07T05:30:00,0.1475,0.45,110.3,24.4,12.4,0.07882,0.07082
2025-05-07T05:45:00,0.184,0.5468,134.2,36.0,10.3,0.07314,0.06514
2025-05-07T06:00:00,0.1892,0.597,140.3,36.9,10.8,0.08189,0.07389
2025-05-07T06:15:00,0.2495,0.5702,185.7,40.7,10.9,0.07951,0.07151
2025-05-07T06:30:00,0.3098,0.7559,230.5,36.2,10.2,0.07596,0.06796
2025-05-07T06:45:00,0.3591,0.7857,271.9,24.3,11.8,0.0944,0.0864
2025-05-07T07:00:00,0.3653,0.9115,256.6,39.6,11.6,0.09841,0.09041
2025-05-07T07:15:00,0.4478,0.8965,317.6,35.7,11.6,0.09706,0.08906
2025-05-07T07:30:00,0.4534,0.8401,332.0,39.7,11.9,0.10116,0.09316
2025-05-07T07:45:00,0.5044,0.9274,356.9,35.1,12.0,0.10641,0.09841
2025-05-07T08:00:00,0.5092,0.8044,385.3,32.2,13.6,0.10068,0.09268
2025-05-07T08:15:00,0.5968,0.7432,399.5,38.3,13.2,0.1038,0.0958
2025-05-07T08:30:00,0.615,0.7031,456.5,36.1,14.2,0.0962,0.0882
2025-05-07T08:45:00,0.676,0.6365,477.4,34.0,12.6,0.07739,0.06939
2025-05-07T09:00:00,0.6469,0.5403,482.5,33.0,14.5,0.08314,0.07514
2025-05-07T09:15:00,0.6976,0.5095,504.8,32.7,14.0,0.07215,0.06415
2025-05-07T09:30:00,0.7643,0.4107,543.9,27.4,14.4,0.0619,0.0539
2025-05-07T09:45:00,0.7471,0.3626,527.8,38.0,15.6,0.06029,0.05229
2025-05-07T10:00:00,0.6812,0.4865,509.2,45.7,13.6,0.0462,0.0382
2025-05-07T10:15:00,0.8264,0.2663,608.8,32.1,16.0,0.04385,0.03585
2025-05-07T10:30:00,0.7681,0.4043,567.5,38.0,14.9,0.03918,0.03118
2025-05-07T10:45:00,0.8182,0.3394,571.1,38.2,15.5,0.02614,0.01814
2025-05-07T11:00:00,0.8241,0.241,608.3,38.0,16.4,0.00931,0.00131
2025-05-07T11:15:00,0.8613,0.2694,647.8,28.3,16.5,0.00795,-5e-05
2025-05-07T11:30:00,0.891,0.1948,689.4,21.5,18.0,0.01215,0.00415
2025-05-07T11:45:00,0.8156,0.2615,644.7,30.1,17.5,0.00034,-0.00766
2025-05-07T12:00:00,0.8066,0.3739,623.2,33.0,17.5,-0.00703,-0.01503
2025-05-07T12:15:00,0.858,0.1445,619.5,34.0,18.3,-0.00608,-0.01408
2025-05-07T12:30:00,0.8072,0.3353,614.3,32.8,18.6,-0.00497,-0.01297
2025-05-07T12:45:00,0.8841,0.3021,659.3,31.7,18.2,-0.0079,-0.0159
2025-05-07T13:00:00,0.7057,0.2296,529.9,47.2,18.2,-0.00611,-0.01411
2025-05-07T13:15:00,0.7398,0.267,563.0,40.9,18.3,-0.01435,-0.02235
2025-05-07T13:30:00,0.7646,0.3766,576.5,33.6,18.1,-0.00964,-0.01764
2025-05-07T13:45:00,0.6924,0.2607,501.8,40.6,20.0,-0.00715,-0.01515
2025-05-07T14:00:00,0.6947,0.3023,516.7,41.1,20.1,-0.0026,-0.0106
2025-05-07T14:15:00,0.6846,0.2521,492.6,46.6,16.7,-0.01097,-0.01897
2025-05-07T14:30:00,0.8073,0.2809,591.2,23.9,18.6,0.0046,-0.0034
2025-05-07T14:45:00,0.6275,0.3198,482.6,37.9,19.3,0.0031,-0.0049
2025-05-07T15:00:00,0.6592,0.3532,490.1,33.6,17.8,0.02476,0.01676
2025-05-07T15:15:00,0.6253,0.2346,447.4,35.2,19.9,0.0315,0.0235
2025-05-07T15:30:00,0.6577,0.3664,460.6,31.4,19.7,0.03824,0.03024
2025-05-07T15:45:00,0.5276,0.3992,403.9,34.5,19.1,0.03926,0.03126
2025-05-07T16:00:00,0.5548,0.3306,401.8,34.5,18.2,0.03794,0.02994
2025-05-07T16:15:00,0.5586,0.4224,396.7,28.4,19.3,0.05306,0.04506
2025-05-07T16:30:00,0.4812,0.3811,330.4,42.2,17.0,0.05292,0.04492
2025-05-07T16:45:00,0.4111,0.5055,304.1,36.7,18.6,0.0647,0.0567
2025-05-07T17:00:00,0.4078,0.5403,291.0,40.7,18.0,0.0629,0.0549
2025-05-07T17:15:00,0.3448,0.5865,260.9,34.4,18.8,0.07214,0.06414
2025-05-07T17:30:00,0.3298,0.7223,234.4,34.4,19.1,0.08588,0.07788
2025-05-07T17:45:00,0.2996,0.8157,215.1,32.1,17.3,0.10111,0.09311
2025-05-07T18:00:00,0.1758,0.8667,135.3,42.7,16.6,0.09775,0.08975
2025-05-07T18:15:00,0.1835,0.9331,137.3,27.1,17.6,0.11814,0.11014
2025-05-07T18:30:00,0.131,1.0809,97.0,34.2,16.9,0.1273,0.1193
2025-05-07T18:45:00,0.0944,1.0991,68.6,32.1,17.1,0.10859,0.10059
2025-05-07T19:00:00,0.0641,1.303,46.9,31.7,15.8,0.12006,0.11206
2025-05-07T19:15:00,0.0373,1.0513,27.1,27.1,15.9,0.1172,0.1092
2025-05-07T19:30:00,0.0,1.2749,0.0,35.5,14.8,0.12312,0.11512
2025-05-07T19:45:00,0.0,1.2764,0.0,26.9,17.0,0.12032,0.11232
2025-05-07T20:00:00,0.0021,1.1665,1.6,30.7,15.2,0.12117,0.11317
2025-05-07T20:15:00,0.0,0.999,0.0,35.5,15.8,0.12405,0.11605
2025-05-07T20:30:00,0.0,1.0722,0.0,36.0,15.3,0.1196,0.1116
2025-05-07T20:45:00,0.0,0.9509,0.0,25.8,15.0,0.11051,0.10251
2025-05-07T21:00:00,0.0,0.8978,0.0,44.1,15.1,0.10348,0.09548
2025-05-07T21:15:00,0.0,0.8544,0.0,41.8,13.8,0.09853,0.09053
2025-05-07T21:30:00,0.0,0.6842,0.0,41.5,14.3,0.09308,0.08508
2025-05-07T21:45:00,0.0265,0.5942,18.7,25.8,14.3,0.0906,0.0826
2025-05-07T22:00:00,0.0152,0.5871,10.9,44.7,12.6,0.08262,0.07462
2025-05-07T22:15:00,0.0325,0.4579,24.5,25.7,13.3,0.08158,0.07358
2025-05-07T22:30:00,0.0,0.4195,0.0,40.0,10.2,0.06748,0.05948
2025-05-07T22:45:00,0.0,0.4215,0.0,37.9,11.7,0.07723,0.06923
2025-05-07T23:00:00,0.0,0.3957,0.0,38.3,11.8,0.08076,0.07276
2025-05-07T23:15:00,0.0,0.4174,0.0,30.5,12.1,0.06985,0.06185
2025-05-07T23:30:00,0.0,0.4269,0.0,26.4,11.2,0.05916,0.05116
2025-05-07T23:45:00,0.0,0.3545,0.0,41.0,11.0,0.07469,0.06669
2025-05-08T00:00:00,0.0,0.2848,0.0,26.4,10.8,0.06296,0.05496
2025-05-08T00:15:00,0.0083,0.4536,6.1,42.1,9.8,0.04718,0.03918
2025-05-08T00:30:00,0.0267,0.4621,18.3,29.1,10.9,0.06362,0.05562
2025-05-08T00:45:00,0.0,0.3846,0.0,24.4,11.9,0.06851,0.06051
2025-05-08T01:00:00,0.0,0.2425,0.0,33.8,10.2,0.06719,0.05919
2025-05-08T01:15:00,0.0,0.2358,0.0,32.3,9.7,0.07228,0.06428
2025-05-08T01:30:00,0.0,0.3432,0.0,21.1,9.7,0.0686,0.0606
2025-05-08T01:45:00,0.0183,0.2467,13.0,39.2,9.0,0.06566,0.05766
2025-05-08T02:00:00,0.0,0.3713,0.0,32.1,11.0,0.05319,0.04519
2025-05-08T02:15:00,0.0,0.3505,0.0,39.2,10.2,0.05831,0.05031
2025-05-08T02:30:00,0.0203,0.375,15.2,27.3,9.6,0.06599,0.05799
2025-05-08T02:45:00,0.0,0.3397,0.0,25.9,9.4,0.06895,0.06095
2025-05-08T03:00:00,0.0237,0.3234,17.9,39.2,7.6,0.05885,0.05085
2025-05-08T03:15:00,0.0202,0.2638,14.4,30.0,9.8,0.06134,0.05334
2025-05-08T03:30:00,0.0112,0.2257,8.2,35.9,9.8,0.06782,0.05982
2025-05-08T03:45:00,0.0,0.4379,0.0,40.5,7.3,0.05379,0.04579
2025-05-08T04:00:00,0.0,0.3943,0.0,35.7,8.0,0.05375,0.04575
2025-05-08T04:15:00,0.0,0.236,0.0,33.1,9.4,0.06424,0.05624
2025-05-08T04:30:00,0.0084,0.37,6.2,20.7,10.1,0.06759,0.05959
2025-05-08T04:45:00,0.0093,0.3489,6.9,33.9,9.1,0.06401,0.05601
2025-05-08T05:00:00,0.0742,0.4318,53.6,38.4,9.5,0.05438,0.04638
2025-05-08T05:15:00,0.1241,0.4539,89.4,25.7,10.0,0.06977,0.06177
2025-05-08T05:30:00,0.121,0.576,90.7,37.8,10.2,0.06398,0.05598
2025-05-08T05:45:00,0.1742,0.4438,125.6,34.9,10.8,0.07866,0.07066
2025-05-08T06:00:00,0.2573,0.5457,199.6,24.7,10.7,0.0778,0.0698
2025-05-08T06:15:00,0.2699,0.7307,199.5,30.3,10.8,0.08425,0.07625
2025-05-08T06:30:00,0.3368,0.6903,239.6,28.6,10.9,0.09125,0.08325
2025-05-08T06:45:00,0.3832,0.8369,264.3,31.0,11.4,0.0893,0.0813
2025-05-08T07:00:00,0.4339,0.8933,312.0,28.1,13.5,0.10215,0.09415
2025-05-08T07:15:00,0.4689,0.849,339.8,29.3,11.6,0.10884,0.10084
2025-05-08T07:30:00,0.4885,0.8635,333.9,31.2,11.9,0.10698,0.09898
2025-05-08T07:45:00,0.5516,0.9111,386.9,28.3,12.6,0.11423,0.10623
2025-05-08T08:00:00,0.4601,0.757,335.4,45.5,12.9,0.1026,0.0946
2025-05-08T08:15:00,0.5144,0.6591,378.2,37.6,11.7,0.1099,0.1019
2025-05-08T08:30:00,0.5224,0.7291,409.2,37.9,13.1,0.10242,0.09442
2025-05-08T08:45:00,0.7396,0.5635,529.6,17.4,14.3,0.08978,0.08178
2025-05-08T09:00:00,0.655,0.5523,491.9,39.4,13.5,0.08879,0.08079
2025-05-08T09:15:00,0.649,0.5679,471.4,41.4,14.1,0.07895,0.07095
2025-05-08T09:30:00,0.7029,0.5177,537.6,31.7,13.8,0.0713,0.0633
2025-05-08T09:45:00,0.716,0.5183,537.8,32.5,15.5,0.06759,0.05959
2025-05-08T10:00:00,0.6433,0.405,458.7,48.9,16.2,0.06617,0.05817
2025-05-08T10:15:00,0.8549,0.3665,615.3,26.4,16.9,0.05124,0.04324
2025-05-08T10:30:00,0.8808,0.2827,594.2,36.0,17.1,0.04772,0.03972
2025-05-08T10:45:00,0.8501,0.2779,607.3,31.4,17.0,0.03271,0.02471
2025-05-08T11:00:00,0.8925,0.1471,620.6,36.0,15.0,0.03711,0.02911
2025-05-08T11:15:00,0.8163,0.4048,590.8,39.0,16.6,0.03896,0.03096
2025-05-08T11:30:00,0.8743,0.2775,643.7,28.3,16.9,0.03309,0.02509
2025-05-08T11:45:00,0.7709,0.2672,569.6,42.5,17.0,0.02782,0.01982
2025-05-08T12:00:00,0.8681,0.2232,635.7,33.4,18.4,0.01913,0.01113
2025-05-08T12:15:00,0.8712,0.2748,625.9,33.0,17.4,0.0143,0.0063
2025-05-08T12:30:00,0.9106,0.2841,625.0,32.8,17.8,0.01796,0.00996
2025-05-08T12:45:00,0.8892,0.2407,650.0,31.3,19.1,0.0096,0.0016
2025-05-08T13:00:00,0.8217,0.3177,621.0,34.8,18.6,0.00989,0.00189
2025-05-08T13:15:00,0.7706,0.2783,563.5,39.9,19.6,0.02313,0.01513
2025-05-08T13:30:00,0.738,0.2838,570.7,36.3,17.8,0.01301,0.00501
2025-05-08T13:45:00,0.7997,0.184,579.0,33.9,18.1,0.03064,0.02264
2025-05-08T14:00:00,0.712,0.2409,565.7,31.9,19.4,0.01354,0.00554
2025-05-08T14:15:00,0.7536,0.3524,592.4,25.6,21.0,0.02713,0.01913
2025-05-08T14:30:00,0.6945,0.2643,503.0,38.8,20.2,0.02058,0.01258
2025-05-08T14:45:00,0.7465,0.1911,538.0,30.9,19.6,0.0319,0.0239
2025-05-08T15:00:00,0.6839,0.2237,513.5,30.6,21.2,0.02831,0.02031
2025-05-08T15:15:00,0.6558,0.3899,482.5,28.1,20.8,0.03863,0.03063
2025-05-08T15:30:00,0.6399,0.3721,463.7,29.4,19.0,0.0416,0.0336
2025-05-08T15:45:00,0.6221,0.3357,449.4,28.8,18.6,0.04423,0.03623
2025-05-08T16:00:00,0.5521,0.4026,418.6,27.1,19.8,0.05461,0.04661
2025-05-08T16:15:00,0.4617,0.3442,339.8,41.6,19.4,0.06549,0.05749
2025-05-08T16:30:00,0.4152,0.4521,323.1,41.2,19.2,0.05829,0.05029
2025-05-08T16:45:00,0.3889,0.4811,295.8,32.0,19.4,0.07272,0.06472
2025-05-08T17:00:00,0.4184,0.4906,314.1,26.5,18.2,0.07399,0.06599
2025-05-08T17:15:00,0.3718,0.5601,273.3,26.3,17.7,0.07968,0.07168
2025-05-08T17:30:00,0.3116,0.6822,223.6,33.6,18.1,0.09954,0.09154
2025-05-08T17:45:00,0.2594,0.6747,191.7,42.1,17.5,0.08038,0.07238
2025-05-08T18:00:00,0.2223,0.912,165.0,38.0,17.4,0.09594,0.08794
2025-05-08T18:15:00,0.1874,0.9571,137.2,25.3,19.4,0.09562,0.08762
2025-05-08T18:30:00,0.1553,0.9206,114.9,33.5,18.7,0.11032,0.10232
2025-05-08T18:45:00,0.1295,1.0191,96.4,28.9,15.2,0.11576,0.10776
2025-05-08T19:00:00,0.0261,1.0335,18.5,27.1,17.0,0.14356,0.13556
2025-05-08T19:15:00,0.0108,1.1287,7.9,33.3,16.0,0.12542,0.11742
2025-05-08T19:30:00,0.0074,1.2136,5.3,50.4,15.9,0.13499,0.12699
2025-05-08T19:45:00,0.0,1.0892,0.0,27.9,16.3,0.13149,0.12349
2025-05-08T20:00:00,0.0,1.0963,0.0,31.3,15.4,0.11915,0.11115
2025-05-08T20:15:00,0.0064,1.0818,4.8,22.9,15.8,0.12133,0.11333
2025-05-08T20:30:00,0.0129,1.007,9.7,36.4,16.2,0.12406,0.11606
2025-05-08T20:45:00,0.0032,0.9274,2.4,30.8,15.8,0.11008,0.10208
2025-05-08T21:00:00,0.0221,0.8182,16.4,31.0,14.0,0.10477,0.09677
2025-05-08T21:15:00,0.0,0.862,0.0,30.5,14.0,0.10087,0.09287
2025-05-08T21:30:00,0.0378,0.6423,26.5,45.5,13.2,0.08343,0.07543
2025-05-08T21:45:00,0.022,0.6526,16.5,36.3,12.3,0.08241,0.07441
2025-05-08T22:00:00,0.0,0.471,0.0,30.8,11.6,0.08462,0.07662
2025-05-08T22:15:00,0.0,0.5105,0.0,28.6,12.6,0.08186,0.07386
2025-05-08T22:30:00,0.0,0.5406,0.0,31.9,12.8,0.06981,0.06181
2025-05-08T22:45:00,0.008,0.4333,6.1,30.2,12.6,0.07063,0.06263
2025-05-08T23:00:00,0.0349,0.2518,25.5,32.0,10.5,0.06968,0.06168
2025-05-08T23:15:00,0.0002,0.4055,0.1,32.8,12.6,0.06787,0.05987
2025-05-08T23:30:00,0.0097,0.3786,7.0,32.5,11.4,0.07168,0.06368
2025-05-08T23:45:00,0.0,0.3037,0.0,45.2,9.8,0.06732,0.05932
2025-05-09T00:00:00,0.0069,0.3666,5.2,1.7,13.2,0.06591,0.05791
2025-05-09T00:15:00,0.0,0.3686,0.0,0.0,13.1,0.05651,0.04851
2025-05-09T00:30:00,0.0,0.2922,0.0,2.1,11.3,0.05866,0.05066
2025-05-09T00:45:00,0.0,0.3561,0.0,0.0,11.6,0.06683,0.05883
2025-05-09T01:00:00,0.0315,0.3362,24.5,0.0,9.4,0.05544,0.04744
2025-05-09T01:15:00,0.0,0.3551,0.0,7.8,12.2,0.06652,0.05852
2025-05-09T01:30:00,0.0086,0.3274,6.4,0.0,12.4,0.06099,0.05299
2025-05-09T01:45:00,0.0,0.2159,0.0,7.9,10.5,0.06009,0.05209
2025-05-09T02:00:00,0.0284,0.3387,20.8,5.8,10.8,0.06877,0.06077
2025-05-09T02:15:00,0.0,0.2526,0.0,8.3,10.5,0.06089,0.05289
2025-05-09T02:30:00,0.0,0.2544,0.0,12.0,9.9,0.05981,0.05181
2025-05-09T02:45:00,0.0228,0.4031,16.2,2.3,11.0,0.0609,0.0529
2025-05-09T03:00:00,0.0,0.3259,0.0,7.0,9.0,0.06528,0.05728
2025-05-09T03:15:00,0.0,0.3095,0.0,10.9,10.9,0.08131,0.07331
2025-05-09T03:30:00,0.0,0.1604,0.0,7.7,9.6,0.0524,0.0444
2025-05-09T03:45:00,0.0,0.3054,0.0,10.1,8.5,0.06499,0.05699
2025-05-09T04:00:00,0.0,0.3512,0.0,13.9,10.5,0.06385,0.05585
2025-05-09T04:15:00,0.0411,0.3071,30.0,10.9,9.7,0.07125,0.06325
2025-05-09T04:30:00,0.0174,0.3003,12.3,3.5,10.9,0.06386,0.05586
2025-05-09T04:45:00,0.0581,0.3776,42.6,0.0,9.8,0.05212,0.04412
2025-05-09T05:00:00,0.0868,0.3495,60.9,10.4,10.9,0.07587,0.06787
2025-05-09T05:15:00,0.1379,0.3557,102.0,0.4,12.3,0.06311,0.05511
2025-05-09T05:30:00,0.1981,0.3737,155.7,6.0,11.9,0.07149,0.06349
2025-05-09T05:45:00,0.2381,0.4442,178.4,2.2,11.9,0.06662,0.05862
2025-05-09T06:00:00,0.3294,0.5748,243.5,1.8,11.2,0.07188,0.06388
2025-05-09T06:15:00,0.3068,0.7157,226.0,14.7,11.1,0.07975,0.07175
2025-05-09T06:30:00,0.3831,0.679,276.7,4.3,13.8,0.09261,0.08461
2025-05-09T06:45:00,0.4441,0.7067,329.8,14.2,13.7,0.09754,0.08954
2025-05-09T07:00:00,0.4251,0.8121,322.8,11.9,13.2,0.09383,0.08583
2025-05-09T07:15:00,0.6017,0.7682,435.2,0.2,13.2,0.10467,0.09667
2025-05-09T07:30:00,0.5946,0.8217,440.7,1.8,14.2,0.10271,0.09471
2025-05-09T07:45:00,0.6252,0.8159,439.8,11.0,13.9,0.10743,0.09943
2025-05-09T08:00:00,0.6883,0.8358,502.3,7.2,13.9,0.10782,0.09982
2025-05-09T08:15:00,0.7426,0.775,537.2,11.5,14.8,0.10892,0.10092
2025-05-09T08:30:00,0.7743,0.7195,571.6,8.7,14.2,0.09814,0.09014
2025-05-09T08:45:00,0.8192,0.5916,611.7,4.1,14.5,0.0961,0.0881
2025-05-09T09:00:00,0.8989,0.6404,642.2,9.2,16.9,0.09212,0.08412
2025-05-09T09:15:00,0.9002,0.5009,664.0,3.2,15.2,0.08456,0.07656
2025-05-09T09:30:00,0.8766,0.4023,665.8,8.6,16.9,0.07216,0.06416
2025-05-09T09:45:00,1.0218,0.4106,738.6,0.0,16.2,0.08013,0.07213
2025-05-09T10:00:00,0.9762,0.3346,719.8,6.0,15.3,0.0604,0.0524
2025-05-09T10:15:00,0.9747,0.3793,722.3,9.4,17.0,0.06147,0.05347
2025-05-09T10:30:00,1.0514,0.2871,755.0,4.0,17.5,0.05258,0.04458
2025-05-09T10:45:00,1.0148,0.3202,776.4,9.2,17.7,0.05368,0.04568
2025-05-09T11:00:00,1.145,0.4109,828.1,1.3,18.0,0.02902,0.02102
2025-05-09T11:15:00,1.1056,0.3701,808.3,3.1,18.8,0.05047,0.04247
2025-05-09T11:30:00,1.1397,0.3461,836.2,0.0,18.7,0.03369,0.02569
2025-05-09T11:45:00,1.1592,0.2881,851.0,2.0,17.7,0.02483,0.01683
2025-05-09T12:00:00,1.088,0.2612,815.3,4.3,19.2,0.03064,0.02264
2025-05-09T12:15:00,0.9646,0.2792,723.5,13.3,18.7,0.04151,0.03351
2025-05-09T12:30:00,1.1138,0.3435,813.6,0.0,19.2,0.02975,0.02175
2025-05-09T12:45:00,1.0648,0.3483,780.6,6.9,21.1,0.0186,0.0106
2025-05-09T13:00:00,1.155,0.3141,823.8,0.0,20.3,0.02291,0.01491
2025-05-09T13:15:00,1.0454,0.3547,784.7,5.3,19.8,0.03388,0.02588
2025-05-09T13:30:00,1.0409,0.2364,744.3,7.6,19.6,0.01831,0.01031
2025-05-09T13:45:00,1.1053,0.3563,770.6,0.0,21.0,0.02685,0.01885
2025-05-09T14:00:00,0.9891,0.17,758.2,1.8,20.3,0.02787,0.01987
2025-05-09T14:15:00,1.0344,0.2379,729.8,4.7,19.5,0.04466,0.03666
2025-05-09T14:30:00,0.9702,0.2589,703.8,4.3,21.0,0.03246,0.02446
2025-05-09T14:45:00,0.9122,0.268,672.2,7.1,20.1,0.04481,0.03681
2025-05-09T15:00:00,0.8972,0.309,659.0,5.6,19.6,0.036,0.028
2025-05-09T15:15:00,0.8433,0.4908,601.6,8.2,20.7,0.03855,0.03055
2025-05-09T15:30:00,0.7182,0.299,554.6,7.5,20.5,0.05289,0.04489
2025-05-09T15:45:00,0.7778,0.441,555.1,4.4,20.6,0.05443,0.04643
2025-05-09T16:00:00,0.6686,0.307,485.2,15.9,21.6,0.04453,0.03653
2025-05-09T16:15:00,0.6504,0.4581,463.9,11.1,20.7,0.06309,0.05509
2025-05-09T16:30:00,0.5176,0.3834,405.8,13.0,18.7,0.06793,0.05993
2025-05-09T16:45:00,0.5483,0.5177,436.0,0.0,20.0,0.06568,0.05768
2025-05-09T17:00:00,0.5225,0.5352,377.9,3.5,20.6,0.07632,0.06832
2025-05-09T17:15:00,0.428,0.6361,327.9,2.9,19.4,0.08267,0.07467
2025-05-09T17:30:00,0.3897,0.6686,282.7,9.6,19.8,0.08455,0.07655
2025-05-09T17:45:00,0.3265,0.6707,241.5,11.1,18.5,0.09051,0.08251
2025-05-09T18:00:00,0.2878,0.7952,219.7,0.0,18.5,0.09651,0.08851
2025-05-09T18:15:00,0.206,0.9391,159.3,6.3,18.9,0.10514,0.09714
2025-05-09T18:30:00,0.2178,1.0717,155.6,2.6,17.8,0.10452,0.09652
2025-05-09T18:45:00,0.1539,1.0716,113.2,5.6,17.1,0.11703,0.10903
2025-05-09T19:00:00,0.0737,1.1389,56.4,7.0,17.2,0.11209,0.10409
2025-05-09T19:15:00,0.0419,1.2357,30.3,0.0,17.5,0.12383,0.11583
2025-05-09T19:30:00,0.0137,1.1604,10.4,2.7,15.2,0.1238,0.1158
2025-05-09T19:45:00,0.0452,1.2038,32.8,10.0,16.9,0.11755,0.10955
2025-05-09T20:00:00,0.0,1.1561,0.0,2.5,17.6,0.12678,0.11878
2025-05-09T20:15:00,0.0,1.1552,0.0,19.1,13.6,0.12993,0.12193
2025-05-09T20:30:00,0.0,0.9257,0.0,6.5,16.0,0.12194,0.11394
2025-05-09T20:45:00,0.0,0.9247,0.0,3.5,16.2,0.1008,0.0928
2025-05-09T21:00:00,0.005,0.9492,3.6,0.5,15.3,0.111,0.103
2025-05-09T21:15:00,0.0,0.6625,0.0,0.0,16.5,0.09906,0.09106
2025-05-09T21:30:00,0.0063,0.6641,4.5,4.3,16.1,0.09193,0.08393
2025-05-09T21:45:00,0.0039,0.5945,2.9,7.7,12.6,0.08356,0.07556
2025-05-09T22:00:00,0.0167,0.4961,12.3,11.4,13.1,0.08245,0.07445
2025-05-09T22:15:00,0.0065,0.4385,4.9,0.0,14.0,0.08676,0.07876
2025-05-09T22:30:00,0.0,0.3841,0.0,13.2,13.2,0.07838,0.07038
2025-05-09T22:45:00,0.0088,0.5179,5.9,8.5,12.2,0.06995,0.06195
2025-05-09T23:00:00,0.0,0.3792,0.0,0.0,14.9,0.06629,0.05829
2025-05-09T23:15:00,0.0,0.3899,0.0,0.0,13.6,0.06617,0.05817
2025-05-09T23:30:00,0.0261,0.3111,19.4,7.4,11.8,0.07093,0.06293
2025-05-09T23:45:00,0.0149,0.2463,11.3,0.8,12.2,0.07767,0.06967
2025-05-10T00:00:00,0.0,0.4983,0.0,4.6,11.5,0.0585,0.0505
2025-05-10T00:15:00,0.0,0.4902,0.0,0.1,11.5,0.06478,0.05678
2025-05-10T00:30:00,0.0,0.3857,0.0,2.8,12.6,0.0625,0.0545
2025-05-10T00:45:00,0.0,0.3726,0.0,15.0,12.3,0.06031,0.05231
2025-05-10T01:00:00,0.0,0.5348,0.0,7.6,11.4,0.06716,0.05916
2025-05-10T01:15:00,0.0203,0.4821,15.2,0.0,10.9,0.06808,0.06008
2025-05-10T01:30:00,0.0267,0.4404,20.0,13.9,10.3,0.05636,0.04836
2025-05-10T01:45:00,0.0198,0.4884,15.0,0.0,10.4,0.05863,0.05063
2025-05-10T02:00:00,0.0186,0.5511,13.7,4.2,10.7,0.07191,0.06391
2025-05-10T02:15:00,0.0371,0.4982,27.6,8.9,10.8,0.06669,0.05869
2025-05-10T02:30:00,0.0,0.5207,0.0,8.9,8.4,0.0679,0.0599
2025-05-10T02:45:00,0.0,0.4947,0.0,5.7,11.0,0.06182,0.05382
2025-05-10T03:00:00,0.0,0.4429,0.0,5.0,10.2,0.06256,0.05456
2025-05-10T03:15:00,0.0,0.4081,0.0,5.2,9.6,0.06758,0.05958
2025-05-10T03:30:00,0.0,0.5591,0.0,6.3,11.1,0.06194,0.05394
2025-05-10T03:45:00,0.0,0.3145,0.0,1.6,10.1,0.0584,0.0504
2025-05-10T04:00:00,0.016,0.4122,11.7,2.5,12.2,0.06518,0.05718
2025-05-10T04:15:00,0.0083,0.4795,6.0,3.1,10.4,0.07086,0.06286
2025-05-10T04:30:00,0.0,0.4311,0.0,0.0,11.0,0.05983,0.05183
2025-05-10T04:45:00,0.0273,0.4799,20.5,3.0,11.4,0.07301,0.06501
2025-05-10T05:00:00,0.0782,0.5087,57.3,11.4,11.4,0.07203,0.06403
2025-05-10T05:15:00,0.1605,0.5518,118.2,8.2,11.9,0.06436,0.05636
2025-05-10T05:30:00,0.1819,0.6234,139.1,10.6,10.5,0.07176,0.06376
2025-05-10T05:45:00,0.2492,0.7185,183.5,0.0,11.3,0.07437,0.06637
2025-05-10T06:00:00,0.3068,0.8139,226.5,0.4,12.3,0.08199,0.07399
2025-05-10T06:15:00,0.3735,0.7926,270.3,2.4,13.9,0.08644,0.07844
2025-05-10T06:30:00,0.4063,0.8464,302.1,0.0,11.9,0.07948,0.07148
2025-05-10T06:45:00,0.4318,0.9157,332.5,11.4,11.6,0.08415,0.07615
2025-05-10T07:00:00,0.4683,0.9132,346.3,7.6,13.3,0.10305,0.09505
2025-05-10T07:15:00,0.5664,0.9553,412.1,5.0,12.1,0.10176,0.09376
2025-05-10T07:30:00,0.5852,0.9918,446.6,6.0,14.7,0.10665,0.09865
2025-05-10T07:45:00,0.6522,1.0214,479.5,5.7,13.5,0.10776,0.09976
2025-05-10T08:00:00,0.7099,1.0042,516.2,8.1,14.8,0.11473,0.10673
2025-05-10T08:15:00,0.7,0.8587,524.9,10.2,13.4,0.09644,0.08844
2025-05-10T08:30:00,0.7825,0.8511,600.1,5.4,16.0,0.10626,0.09826
2025-05-10T08:45:00,0.9109,0.7709,659.5,1.1,16.6,0.08951,0.08151
2025-05-10T09:00:00,0.8667,0.8025,600.5,9.9,16.0,0.09204,0.08404
2025-05-10T09:15:00,0.9599,0.6878,668.8,10.5,15.4,0.08821,0.08021
2025-05-10T09:30:00,0.9573,0.6322,715.6,3.5,17.3,0.06417,0.05617
2025-05-10T09:45:00,0.8994,0.4614,676.1,10.3,16.0,0.06687,0.05887
2025-05-10T10:00:00,0.9567,0.4284,730.7,6.6,17.6,0.05519,0.04719
2025-05-10T10:15:00,1.0276,0.4662,752.2,0.9,18.3,0.04791,0.03991
2025-05-10T10:30:00,1.0331,0.4865,767.7,4.6,18.4,0.04324,0.03524
2025-05-10T10:45:00,1.0884,0.3565,811.0,0.0,17.8,0.0307,0.0227
2025-05-10T11:00:00,1.081,0.4566,774.2,7.8,18.6,0.02577,0.01777
2025-05-10T11:15:00,1.1161,0.4574,825.8,0.0,18.0,0.03052,0.02252
2025-05-10T11:30:00,1.1284,0.4595,785.5,11.4,18.5,0.02734,0.01934
2025-05-10T11:45:00,1.0562,0.5179,781.3,9.2,18.3,0.01525,0.00725
2025-05-10T12:00:00,1.0272,0.3364,759.5,13.1,20.0,0.00687,-0.00113
2025-05-10T12:15:00,0.9388,0.3612,704.9,19.1,19.3,0.02677,0.01877
2025-05-10T12:30:00,1.169,0.4584,823.7,3.3,17.9,0.01774,0.00974
2025-05-10T12:45:00,1.0472,0.3936,765.3,8.7,19.9,0.01225,0.00425
2025-05-10T13:00:00,1.1066,0.4493,787.4,7.8,19.9,0.00363,-0.00437
2025-05-10T13:15:00,1.017,0.4681,764.3,7.1,18.9,0.00664,-0.00136
2025-05-10T13:30:00,1.0615,0.3138,780.2,1.7,20.2,0.0126,0.0046
2025-05-10T13:45:00,1.0398,0.5273,748.3,6.1,21.2,0.00721,-0.00079
2025-05-10T14:00:00,0.8415,0.5203,651.2,16.7,20.2,0.02477,0.01677
2025-05-10T14:15:00,0.9553,0.3311,694.0,7.8,21.0,0.019,0.011
2025-05-10T14:30:00,1.006,0.39,727.1,0.0,20.7,0.02391,0.01591
2025-05-10T14:45:00,0.9031,0.4735,688.2,0.0,22.4,0.01928,0.01128
2025-05-10T15:00:00,0.9283,0.3992,671.5,4.6,22.4,0.02412,0.01612
2025-05-10T15:15:00,0.793,0.4619,597.6,7.0,21.2,0.02923,0.02123
2025-05-10T15:30:00,0.7611,0.3923,568.2,13.8,20.6,0.04018,0.03218
2025-05-10T15:45:00,0.7947,0.5392,593.1,0.3,19.4,0.04185,0.03385
2025-05-10T16:00:00,0.7301,0.3998,522.5,4.1,21.0,0.04682,0.03882
2025-05-10T16:15:00,0.6626,0.4939,497.7,1.9,21.3,0.05578,0.04778
2025-05-10T16:30:00,0.5838,0.5531,434.1,5.6,20.9,0.06093,0.05293
2025-05-10T16:45:00,0.5401,0.5063,393.8,6.4,19.6,0.07439,0.06639
2025-05-10T17:00:00,0.4537,0.6599,339.8,16.4,20.0,0.07078,0.06278
2025-05-10T17:15:00,0.4766,0.7267,342.0,2.6,19.9,0.0726,0.0646
2025-05-10T17:30:00,0.4223,0.8292,317.0,2.5,20.6,0.0854,0.0774
2025-05-10T17:45:00,0.3305,0.7917,245.0,10.2,18.8,0.10109,0.09309
2025-05-10T18:00:00,0.3366,1.0491,247.3,0.0,19.2,0.09602,0.08802
2025-05-10T18:15:00,0.2388,1.0072,174.5,0.0,19.8,0.10611,0.09811
2025-05-10T18:30:00,0.2167,1.0977,158.3,3.7,19.0,0.10962,0.10162
2025-05-10T18:45:00,0.1521,1.1955,106.6,10.9,16.0,0.11914,0.11114
2025-05-10T19:00:00,0.0619,1.3126,46.7,13.4,19.1,0.12212,0.11412
2025-05-10T19:15:00,0.03,1.2988,21.4,6.2,17.5,0.1183,0.1103
2025-05-10T19:30:00,0.0093,1.311,6.4,0.5,18.2,0.12275,0.11475
2025-05-10T19:45:00,0.0,1.3421,0.0,0.0,18.5,0.12913,0.12113
2025-05-10T20:00:00,0.0,1.2643,0.0,7.6,17.7,0.12806,0.12006
2025-05-10T20:15:00,0.0108,1.1898,8.0,12.4,16.8,0.12376,0.11576
2025-05-10T20:30:00,0.0,1.1086,0.0,2.2,17.0,0.11908,0.11108
2025-05-10T20:45:00,0.0422,1.0489,30.4,0.7,15.9,0.10694,0.09894
2025-05-10T21:00:00,0.0,0.9929,0.0,8.7,14.4,0.10124,0.09324
2025-05-10T21:15:00,0.0428,0.9606,32.1,2.3,15.5,0.10323,0.09523
2025-05-10T21:30:00,0.0227,0.806,16.2,0.0,16.2,0.08532,0.07732
2025-05-10T21:45:00,0.0033,0.7908,2.4,0.5,14.9,0.08676,0.07876
2025-05-10T22:00:00,0.0028,0.7107,2.1,0.7,13.3,0.07153,0.06353
2025-05-10T22:15:00,0.0201,0.6958,15.6,7.4,13.3,0.07625,0.06825
2025-05-10T22:30:00,0.0169,0.5746,12.2,9.3,14.1,0.07098,0.06298
2025-05-10T22:45:00,0.001,0.508,0.7,13.9,12.5,0.06531,0.05731
2025-05-10T23:00:00,0.0117,0.3811,8.5,10.0,11.3,0.0737,0.0657
2025-05-10T23:15:00,0.0,0.4699,0.0,5.7,12.6,0.06431,0.05631
2025-05-10T23:30:00,0.033,0.4944,23.4,5.8,13.0,0.06527,0.05727
2025-05-10T23:45:00,0.0,0.4963,0.0,1.2,12.7,0.06504,0.05704
2025-05-11T00:00:00,0.0535,0.3533,41.2,7.6,11.4,0.06046,0.05246
2025-05-11T00:15:00,0.0199,0.399,15.0,1.8,11.9,0.07319,0.06519
2025-05-11T00:30:00,0.0,0.3977,0.0,6.3,10.5,0.06189,0.05389
2025-05-11T00:45:00,0.0,0.4148,0.0,9.3,12.1,0.06596,0.05796
2025-05-11T01:00:00,0.0071,0.4888,5.2,2.3,12.5,0.0571,0.0491
2025-05-11T01:15:00,0.0,0.4767,0.0,0.4,12.4,0.06201,0.05401
2025-05-11T01:30:00,0.0,0.5162,0.0,5.3,11.9,0.0629,0.0549
2025-05-11T01:45:00,0.0,0.3612,0.0,0.0,10.3,0.063,0.055
2025-05-11T02:00:00,0.013,0.3475,10.3,0.0,12.1,0.06136,0.05336
2025-05-11T02:15:00,0.0,0.4463,0.0,6.3,10.7,0.06565,0.05765
2025-05-11T02:30:00,0.0,0.402,0.0,7.1,11.7,0.074,0.066
2025-05-11T02:45:00,0.0069,0.4473,5.1,0.3,10.7,0.06404,0.05604
2025-05-11T03:00:00,0.0,0.4471,0.0,4.6,11.2,0.06401,0.05601
2025-05-11T03:15:00,0.0,0.495,0.0,0.0,11.3,0.06256,0.05456
2025-05-11T03:30:00,0.0229,0.5143,16.4,10.3,10.8,0.07986,0.07186
2025-05-11T03:45:00,0.0261,0.4199,19.3,12.0,10.5,0.07452,0.06652
2025-05-11T04:00:00,0.0317,0.4784,23.2,16.9,10.3,0.06848,0.06048
2025-05-11T04:15:00,0.0,0.4921,0.0,4.4,11.0,0.06965,0.06165
2025-05-11T04:30:00,0.0062,0.5567,4.4,7.2,10.8,0.06181,0.05381
2025-05-11T04:45:00,0.0706,0.5032,53.2,8.0,11.9,0.06586,0.05786
2025-05-11T05:00:00,0.0927,0.4106,65.7,9.1,11.1,0.06915,0.06115
2025-05-11T05:15:00,0.1418,0.5653,102.6,15.0,10.6,0.07025,0.06225
2025-05-11T05:30:00,0.2384,0.567,166.7,10.5,10.4,0.06675,0.05875
2025-05-11T05:45:00,0.2062,0.5498,157.9,15.0,12.3,0.07014,0.06214
2025-05-11T06:00:00,0.2871,0.7589,215.3,5.6,11.5,0.08143,0.07343
2025-05-11T06:15:00,0.353,0.7276,255.8,0.0,12.4,0.08456,0.07656
2025-05-11T06:30:00,0.385,0.8295,284.1,11.1,14.0,0.07513,0.06713
2025-05-11T06:45:00,0.4264,0.8602,333.6,3.7,13.1,0.09315,0.08515
2025-05-11T07:00:00,0.4395,0.9497,337.8,14.9,12.9,0.10502,0.09702
2025-05-11T07:15:00,0.4953,0.9973,387.6,11.1,13.7,0.09809,0.09009
2025-05-11T07:30:00,0.6104,1.0176,451.0,4.1,13.8,0.10665,0.09865
2025-05-11T07:45:00,0.6903,1.1004,502.3,3.6,13.0,0.09863,0.09063
2025-05-11T08:00:00,0.6524,1.056,533.1,0.0,13.5,0.11237,0.10437
2025-05-11T08:15:00,0.7573,0.8558,556.0,0.0,14.9,0.09941,0.09141
2025-05-11T08:30:00,0.8401,0.8829,602.0,0.0,14.8,0.09541,0.08741
2025-05-11T08:45:00,0.7483,0.8398,561.0,11.0,13.9,0.09624,0.08824
2025-05-11T09:00:00,0.8668,0.7397,649.6,0.0,15.2,0.10629,0.09829
2025-05-11T09:15:00,0.8968,0.657,638.2,8.3,15.8,0.0823,0.0743
2025-05-11T09:30:00,0.8923,0.5807,705.8,3.9,15.3,0.07175,0.06375
2025-05-11T09:45:00,1.0183,0.5054,741.5,0.0,18.0,0.07529,0.06729
2025-05-11T10:00:00,1.0441,0.4462,748.4,0.6,17.8,0.06769,0.05969
2025-05-11T10:15:00,1.0235,0.4246,751.9,5.1,18.8,0.07042,0.06242
2025-05-11T10:30:00,1.1224,0.4829,807.8,0.3,19.3,0.04815,0.04015
2025-05-11T10:45:00,1.1831,0.4088,834.0,2.0,18.6,0.04184,0.03384
2025-05-11T11:00:00,1.0851,0.4916,804.6,6.7,18.4,0.04556,0.03756
2025-05-11T11:15:00,1.1617,0.3742,837.6,0.0,18.6,0.04639,0.03839
2025-05-11T11:30:00,1.1647,0.4858,850.8,0.0,18.6,0.04351,0.03551
2025-05-11T11:45:00,1.1976,0.3718,876.6,0.0,20.2,0.04548,0.03748
2025-05-11T12:00:00,1.0955,0.3701,783.4,14.0,17.9,0.02842,0.02042
2025-05-11T12:15:00,1.0495,0.3993,728.4,15.9,18.3,0.03088,0.02288
2025-05-11T12:30:00,1.0565,0.5208,791.4,7.0,21.0,0.0339,0.0259
2025-05-11T12:45:00,1.1635,0.4876,825.8,2.9,20.0,0.03897,0.03097
2025-05-11T13:00:00,1.0709,0.3374,817.6,0.6,19.9,0.03661,0.02861
2025-05-11T13:15:00,1.0789,0.5088,774.9,6.0,20.9,0.03153,0.02353
2025-05-11T13:30:00,1.1048,0.3998,783.5,3.4,21.8,0.02861,0.02061
2025-05-11T13:45:00,1.0377,0.3157,777.6,7.9,20.5,0.04081,0.03281
2025-05-11T14:00:00,0.9403,0.5318,733.4,6.9,21.5,0.04257,0.03457
2025-05-11T14:15:00,0.9417,0.4058,688.8,9.7,20.4,0.05464,0.04664
2025-05-11T14:30:00,0.9355,0.3762,704.8,2.8,19.6,0.03962,0.03162
2025-05-11T14:45:00,0.9548,0.4832,677.3,0.0,22.1,0.05247,0.04447
2025-05-11T15:00:00,0.9278,0.5026,649.0,6.6,20.5,0.03831,0.03031
2025-05-11T15:15:00,0.8268,0.3517,591.9,7.0,19.2,0.04498,0.03698
2025-05-11T15:30:00,0.8092,0.4942,583.0,3.6,20.3,0.04719,0.03919
2025-05-11T15:45:00,0.771,0.4016,582.6,0.0,21.5,0.05173,0.04373
2025-05-11T16:00:00,0.701,0.406,522.6,8.2,19.8,0.0529,0.0449
2025-05-11T16:15:00,0.6501,0.4956,471.5,8.5,20.0,0.05882,0.05082
2025-05-11T16:30:00,0.5763,0.5488,436.2,5.1,20.1,0.06609,0.05809
2025-05-11T16:45:00,0.5458,0.5546,388.8,4.9,21.4,0.06861,0.06061
2025-05-11T17:00:00,0.4904,0.5804,372.4,10.7,21.2,0.08046,0.07246
2025-05-11T17:15:00,0.4642,0.7057,338.4,8.9,21.1,0.08185,0.07385
2025-05-11T17:30:00,0.3905,0.866,289.0,2.2,20.6,0.08845,0.08045
2025-05-11T17:45:00,0.3873,0.8546,281.6,3.6,20.1,0.10346,0.09546
2025-05-11T18:00:00,0.2945,1.0458,231.4,0.9,18.6,0.10299,0.09499
2025-05-11T18:15:00,0.2516,1.0251,183.7,5.3,19.7,0.10815,0.10015
2025-05-11T18:30:00,0.1856,1.1593,139.5,16.1,18.2,0.1127,0.1047
2025-05-11T18:45:00,0.1416,1.2312,108.4,5.8,18.2,0.11793,0.10993
2025-05-11T19:00:00,0.0744,1.2233,55.5,6.5,17.6,0.12458,0.11658
2025-05-11T19:15:00,0.0648,1.4122,49.3,6.5,18.3,0.11883,0.11083
2025-05-11T19:30:00,0.023,1.3548,16.6,3.5,18.0,0.13116,0.12316
2025-05-11T19:45:00,0.0097,1.3321,7.6,15.2,17.0,0.13305,0.12505
2025-05-11T20:00:00,0.0262,1.2851,18.9,0.0,18.1,0.12855,0.12055
2025-05-11T20:15:00,0.0,1.2459,0.0,13.1,15.6,0.11555,0.10755
2025-05-11T20:30:00,0.0002,1.2099,0.2,13.1,14.2,0.10472,0.09672
2025-05-11T20:45:00,0.0,1.1495,0.0,8.9,17.1,0.10641,0.09841
2025-05-11T21:00:00,0.0,0.9983,0.0,11.5,15.8,0.10435,0.09635
2025-05-11T21:15:00,0.0126,0.9124,9.2,5.0,14.5,0.10265,0.09465
2025-05-11T21:30:00,0.0183,0.7933,13.4,0.0,13.8,0.0912,0.0832
2025-05-11T21:45:00,0.0086,0.6658,6.5,4.5,15.4,0.08535,0.07735
2025-05-11T22:00:00,0.0467,0.692,33.8,7.1,15.4,0.09146,0.08346
2025-05-11T22:15:00,0.0,0.5262,0.0,4.1,13.6,0.07458,0.06658
2025-05-11T22:30:00,0.0414,0.6202,31.3,6.2,14.4,0.08143,0.07343
2025-05-11T22:45:00,0.0,0.5395,0.0,4.5,11.6,0.07777,0.06977
2025-05-11T23:00:00,0.0,0.4371,0.0,4.6,13.6,0.06249,0.05449
2025-05-11T23:15:00,0.0149,0.4921,11.1,0.0,13.0,0.07031,0.06231
2025-05-11T23:30:00,0.0065,0.3841,4.6,1.4,12.5,0.06419,0.05619
2025-05-11T23:45:00,0.0,0.4115,0.0,4.8,12.9,0.06101,0.05301
2025-05-12T00:00:00,0.0,0.2025,0.0,0.0,13.0,0.05395,0.04595
2025-05-12T00:15:00,0.0117,0.4161,8.1,10.1,13.0,0.05562,0.04762
2025-05-12T00:30:00,0.0485,0.3091,38.1,6.5,11.5,0.06726,0.05926
2025-05-12T00:45:00,0.0,0.2552,0.0,0.0,10.4,0.06254,0.05454
2025-05-12T01:00:00,0.0,0.3591,0.0,4.8,10.4,0.06643,0.05843
2025-05-12T01:15:00,0.0,0.2752,0.0,9.0,11.3,0.05858,0.05058
2025-05-12T01:30:00,0.0233,0.2813,17.2,10.1,11.2,0.06294,0.05494
2025-05-12T01:45:00,0.0,0.3305,0.0,0.0,12.5,0.06323,0.05523
2025-05-12T02:00:00,0.0,0.3902,0.0,14.3,11.4,0.05575,0.04775
2025-05-12T02:15:00,0.0,0.3851,0.0,9.4,11.6,0.05506,0.04706
2025-05-12T02:30:00,0.0113,0.3382,8.5,0.0,11.6,0.06742,0.05942
2025-05-12T02:45:00,0.0,0.2852,0.0,4.0,12.2,0.0657,0.0577
2025-05-12T03:00:00,0.0,0.3038,0.0,0.2,10.0,0.05937,0.05137
2025-05-12T03:15:00,0.0,0.2979,0.0,3.6,10.3,0.06428,0.05628
2025-05-12T03:30:00,0.0024,0.3412,1.7,11.6,11.1,0.06883,0.06083
2025-05-12T03:45:00,0.0,0.3003,0.0,0.0,12.4,0.0758,0.0678
2025-05-12T04:00:00,0.009,0.2731,7.0,11.3,11.7,0.06,0.052
2025-05-12T04:15:00,0.0067,0.376,4.8,9.4,11.3,0.06914,0.06114
2025-05-12T04:30:00,0.0,0.3062,0.0,8.0,12.6,0.07846,0.07046
2025-05-12T04:45:00,0.0522,0.2831,37.8,19.6,10.8,0.06716,0.05916
2025-05-12T05:00:00,0.1048,0.463,75.0,19.3,11.5,0.07655,0.06855
2025-05-12T05:15:00,0.1498,0.4821,113.0,8.1,11.4,0.05436,0.04636
2025-05-12T05:30:00,0.1766,0.364,124.6,10.1,12.6,0.08033,0.07233
2025-05-12T05:45:00,0.2409,0.5026,173.6,14.4,11.5,0.07469,0.06669
2025-05-12T06:00:00,0.2783,0.5245,205.3,17.2,11.5,0.06738,0.05938
2025-05-12T06:15:00,0.3254,0.7157,239.0,11.1,10.8,0.08731,0.07931
2025-05-12T06:30:00,0.401,0.6967,297.3,5.5,12.3,0.09373,0.08573
2025-05-12T06:45:00,0.4877,0.8014,345.5,1.1,13.1,0.09972,0.09172
2025-05-12T07:00:00,0.5552,0.7439,408.1,0.0,13.4,0.1046,0.0966
2025-05-12T07:15:00,0.5905,0.8763,419.7,3.2,14.5,0.10173,0.09373
2025-05-12T07:30:00,0.6704,1.0305,479.7,7.2,12.2,0.10085,0.09285
2025-05-12T07:45:00,0.6459,0.9531,483.7,10.3,11.8,0.10449,0.09649
2025-05-12T08:00:00,0.6962,0.8964,506.3,8.7,14.4,0.10727,0.09927
2025-05-12T08:15:00,0.7606,0.8598,560.7,5.3,14.6,0.10837,0.10037
2025-05-12T08:30:00,0.8874,0.6882,620.0,1.0,15.4,0.09995,0.09195
2025-05-12T08:45:00,0.8455,0.672,631.3,10.3,14.3,0.0984,0.0904
2025-05-12T09:00:00,0.8926,0.5826,659.4,0.0,16.0,0.09751,0.08951
2025-05-12T09:15:00,0.8487,0.4772,624.2,15.3,16.7,0.08781,0.07981
2025-05-12T09:30:00,0.7847,0.4504,603.0,16.6,15.8,0.09268,0.08468
2025-05-12T09:45:00,1.0009,0.5014,745.9,1.1,16.2,0.08527,0.07727
2025-05-12T10:00:00,0.9188,0.439,673.5,15.0,16.2,0.05959,0.05159
2025-05-12T10:15:00,0.9841,0.3413,766.2,0.0,17.7,0.05732,0.04932
2025-05-12T10:30:00,1.1148,0.3924,797.2,1.6,17.6,0.04791,0.03991
2025-05-12T10:45:00,1.0135,0.4538,771.1,7.9,18.9,0.04435,0.03635
2025-05-12T11:00:00,1.0877,0.2744,760.7,9.5,19.2,0.05062,0.04262
2025-05-12T11:15:00,1.1311,0.2952,812.5,1.8,19.5,0.03831,0.03031
2025-05-12T11:30:00,1.133,0.2763,833.3,0.0,17.9,0.03523,0.02723
2025-05-12T11:45:00,1.1659,0.4143,851.7,0.0,18.7,0.03749,0.02949
2025-05-12T12:00:00,0.9998,0.2718,774.2,15.1,19.3,0.04191,0.03391
2025-05-12T12:15:00,1.0833,0.2883,840.0,1.1,19.6,0.03363,0.02563
2025-05-12T12:30:00,1.0494,0.223,740.2,11.8,19.5,0.03255,0.02455
2025-05-12T12:45:00,1.1132,0.2846,808.2,5.5,20.6,0.03942,0.03142
2025-05-12T13:00:00,1.0976,0.3295,820.3,2.7,19.4,0.03657,0.02857
2025-05-12T13:15:00,1.0095,0.2596,749.8,11.7,20.0,0.03668,0.02868
2025-05-12T13:30:00,1.0168,0.2587,720.8,11.7,18.9,0.04018,0.03218
2025-05-12T13:45:00,1.0302,0.2557,739.5,8.0,20.2,0.02964,0.02164
2025-05-12T14:00:00,1.0298,0.3825,768.1,0.9,21.6,0.03823,0.03023
2025-05-12T14:15:00,0.9599,0.3932,724.4,0.0,21.5,0.03492,0.02692
2025-05-12T14:30:00,1.0272,0.4944,741.0,0.0,22.2,0.0467,0.0387
2025-05-12T14:45:00,0.9838,0.2213,723.2,1.6,20.8,0.04772,0.03972
2025-05-12T15:00:00,0.8848,0.355,645.3,4.5,21.3,0.03926,0.03126
2025-05-12T15:15:00,0.8107,0.2254,597.4,10.0,20.1,0.05605,0.04805
2025-05-12T15:30:00,0.7702,0.3013,572.0,3.1,20.1,0.04428,0.03628
2025-05-12T15:45:00,0.787,0.3027,550.7,6.0,20.3,0.06134,0.05334
2025-05-12T16:00:00,0.7033,0.3366,505.7,6.4,20.6,0.05925,0.05125
2025-05-12T16:15:00,0.6732,0.2785,501.9,5.4,21.4,0.05687,0.04887
2025-05-12T16:30:00,0.6473,0.5336,465.2,0.0,19.3,0.05981,0.05181
2025-05-12T16:45:00,0.4792,0.5019,346.9,16.9,19.8,0.06946,0.06146
2025-05-12T17:00:00,0.5071,0.5225,396.0,0.0,20.6,0.07643,0.06843
2025-05-12T17:15:00,0.4377,0.5806,324.1,8.6,20.5,0.07815,0.07015
2025-05-12T17:30:00,0.4143,0.6417,300.8,0.8,19.4,0.09178,0.08378
2025-05-12T17:45:00,0.4202,0.8484,301.4,0.3,20.5,0.08653,0.07853
2025-05-12T18:00:00,0.2592,0.8709,191.4,8.7,19.2,0.1011,0.0931
2025-05-12T18:15:00,0.2189,0.9082,157.7,8.7,19.8,0.10725,0.09925
2025-05-12T18:30:00,0.2052,1.1076,156.9,0.0,19.3,0.10177,0.09377
2025-05-12T18:45:00,0.1597,1.1706,113.7,4.2,19.1,0.11939,0.11139
2025-05-12T19:00:00,0.1352,1.2322,94.6,11.9,19.2,0.11375,0.10575
2025-05-12T19:15:00,0.0118,1.1825,8.8,5.8,17.2,0.1088,0.1008
2025-05-12T19:30:00,0.017,1.2232,12.6,2.1,18.9,0.1208,0.1128
2025-05-12T19:45:00,0.0,1.1926,0.0,2.7,17.7,0.12246,0.11446
2025-05-12T20:00:00,0.0137,1.272,10.2,6.2,17.7,0.1271,0.1191
2025-05-12T20:15:00,0.0,1.2021,0.0,3.7,16.6,0.11557,0.10757
2025-05-12T20:30:00,0.0,1.1407,0.0,0.0,18.9,0.12278,0.11478
2025-05-12T20:45:00,0.0068,0.9779,5.4,12.3,17.7,0.11747,0.10947
2025-05-12T21:00:00,0.0076,0.886,6.0,0.0,16.5,0.1099,0.1019
2025-05-12T21:15:00,0.0,0.8169,0.0,0.9,16.3,0.1056,0.0976
2025-05-12T21:30:00,0.0,0.5997,0.0,6.5,15.1,0.09434,0.08634
2025-05-12T21:45:00,0.0,0.674,0.0,9.0,14.2,0.08384,0.07584
2025-05-12T22:00:00,0.0,0.5294,0.0,7.3,14.6,0.08634,0.07834
2025-05-12T22:15:00,0.0,0.5153,0.0,0.0,14.2,0.08423,0.07623
2025-05-12T22:30:00,0.0298,0.4101,23.1,0.0,14.3,0.07657,0.06857
2025-05-12T22:45:00,0.0173,0.4263,13.1,6.5,14.7,0.07099,0.06299
2025-05-12T23:00:00,0.0,0.4784,0.0,11.2,13.3,0.06103,0.05303
2025-05-12T23:15:00,0.0,0.3928,0.0,1.5,13.6,0.07266,0.06466
2025-05-12T23:30:00,0.0,0.2677,0.0,12.2,13.2,0.06954,0.06154
2025-05-12T23:45:00,0.0,0.3119,0.0,7.4,14.8,0.05888,0.05088
2025-05-13T00:00:00,0.0243,0.3432,18.2,4.4,12.5,0.06541,0.05741
2025-05-13T00:15:00,0.0187,0.3584,13.6,7.3,12.2,0.06909,0.06109
2025-05-13T00:30:00,0.0265,0.3143,19.1,5.2,12.9,0.06417,0.05617
2025-05-13T00:45:00,0.0064,0.3062,4.9,19.9,9.8,0.06945,0.06145
2025-05-13T01:00:00,0.0114,0.3746,8.3,0.0,11.1,0.06928,0.06128
2025-05-13T01:15:00,0.0245,0.3301,17.6,0.0,10.4,0.05608,0.04808
2025-05-13T01:30:00,0.0041,0.3177,2.9,0.0,12.6,0.06304,0.05504
2025-05-13T01:45:00,0.0,0.3622,0.0,10.0,11.7,0.06769,0.05969
2025-05-13T02:00:00,0.0068,0.341,4.8,0.0,8.9,0.07024,0.06224
2025-05-13T02:15:00,0.008,0.2966,5.7,0.0,11.2,0.07317,0.06517
2025-05-13T02:30:00,0.0,0.2602,0.0,7.5,12.1,0.05347,0.04547
2025-05-13T02:45:00,0.0441,0.3835,31.7,10.3,10.4,0.06444,0.05644
2025-05-13T03:00:00,0.0128,0.2825,9.4,10.7,10.6,0.06908,0.06108
2025-05-13T03:15:00,0.0024,0.3854,1.7,8.2,11.5,0.07212,0.06412
2025-05-13T03:30:00,0.0021,0.2828,1.6,4.0,10.5,0.07492,0.06692
2025-05-13T03:45:00,0.005,0.3602,3.5,2.6,11.5,0.05949,0.05149
2025-05-13T04:00:00,0.0187,0.3367,13.9,7.5,10.5,0.063,0.055
2025-05-13T04:15:00,0.0,0.2799,0.0,0.5,12.5,0.05927,0.05127
2025-05-13T04:30:00,0.0166,0.2437,12.0,16.9,11.4,0.07084,0.06284
2025-05-13T04:45:00,0.0599,0.3956,46.4,0.5,12.9,0.05892,0.05092
2025-05-13T05:00:00,0.0758,0.3499,57.1,7.1,11.9,0.07492,0.06692
2025-05-13T05:15:00,0.1739,0.457,130.4,5.2,13.2,0.07509,0.06709
2025-05-13T05:30:00,0.2319,0.5189,162.3,5.5,12.8,0.07467,0.06667
2025-05-13T05:45:00,0.2628,0.6,197.8,0.0,11.1,0.06185,0.05385
2025-05-13T06:00:00,0.3328,0.5623,239.7,6.8,12.7,0.07433,0.06633
2025-05-13T06:15:00,0.3568,0.6741,252.7,8.0,12.0,0.08708,0.07908
2025-05-13T06:30:00,0.4133,0.6487,299.5,13.1,12.4,0.07905,0.07105
2025-05-13T06:45:00,0.4198,0.8174,324.6,9.0,12.3,0.09104,0.08304
2025-05-13T07:00:00,0.4957,0.8605,375.7,7.4,13.7,0.09672,0.08872
2025-05-13T07:15:00,0.5193,0.9017,379.4,19.6,13.4,0.1069,0.0989
2025-05-13T07:30:00,0.5421,0.8284,399.7,17.7,13.5,0.10655,0.09855
2025-05-13T07:45:00,0.6652,0.8997,500.6,2.4,16.4,0.10834,0.10034
2025-05-13T08:00:00,0.7814,0.7478,565.6,0.0,13.9,0.10423,0.09623
2025-05-13T08:15:00,0.7854,0.813,577.9,0.0,15.2,0.1052,0.0972
2025-05-13T08:30:00,0.7978,0.7385,580.0,3.5,16.0,0.10095,0.09295
2025-05-13T08:45:00,0.9277,0.7043,653.1,0.0,18.2,0.10114,0.09314
2025-05-13T09:00:00,0.9062,0.5229,676.9,0.0,16.3,0.08969,0.08169
2025-05-13T09:15:00,0.9573,0.5883,700.4,0.0,17.4,0.09007,0.08207
2025-05-13T09:30:00,0.8782,0.3543,675.7,11.1,16.0,0.06677,0.05877
2025-05-13T09:45:00,0.9509,0.4633,709.1,4.7,18.0,0.07689,0.06889
2025-05-13T10:00:00,1.0281,0.4257,748.3,0.9,17.0,0.06205,0.05405
2025-05-13T10:15:00,0.9804,0.363,671.5,15.7,18.0,0.06354,0.05554
2025-05-13T10:30:00,1.0021,0.4337,736.3,10.1,17.9,0.05175,0.04375
2025-05-13T10:45:00,1.138,0.3591,825.3,0.0,18.9,0.05135,0.04335
2025-05-13T11:00:00,1.1044,0.1928,828.7,0.8,18.8,0.05077,0.04277
2025-05-13T11:15:00,1.0666,0.3593,794.4,9.0,19.6,0.03481,0.02681
2025-05-13T11:30:00,1.1176,0.3585,824.9,4.9,19.8,0.03528,0.02728
2025-05-13T11:45:00,1.0249,0.3238,752.6,15.7,18.6,0.03101,0.02301
2025-05-13T12:00:00,1.1321,0.3127,840.6,1.6,18.3,0.03094,0.02294
2025-05-13T12:15:00,1.2094,0.269,861.1,0.0,21.7,0.01828,0.01028
2025-05-13T12:30:00,1.0174,0.3474,749.3,13.9,20.7,0.02555,0.01755
2025-05-13T12:45:00,1.043,0.3159,784.1,7.7,21.2,0.02428,0.01628
2025-05-13T13:00:00,1.1144,0.2533,775.6,11.2,20.6,0.02082,0.01282
2025-05-13T13:15:00,0.9681,0.3251,744.3,11.6,20.1,0.02458,0.01658
2025-05-13T13:30:00,1.1287,0.3116,807.2,2.1,21.2,0.01736,0.00936
2025-05-13T13:45:00,0.9871,0.2254,715.8,11.6,20.3,0.03605,0.02805
2025-05-13T14:00:00,1.0021,0.2866,738.6,5.6,20.7,0.03212,0.02412
2025-05-13T14:15:00,0.9028,0.2786,671.9,14.4,18.5,0.04275,0.03475
2025-05-13T14:30:00,0.9584,0.2812,719.5,2.0,21.3,0.02888,0.02088
2025-05-13T14:45:00,0.8678,0.3265,665.9,6.1,22.3,0.02993,0.02193
2025-05-13T15:00:00,0.9488,0.1796,681.0,0.9,22.0,0.04158,0.03358
2025-05-13T15:15:00,0.8917,0.4014,621.8,11.7,20.1,0.03334,0.02534
2025-05-13T15:30:00,0.7977,0.3222,611.1,1.9,21.6,0.04814,0.04014
2025-05-13T15:45:00,0.7022,0.3565,531.0,9.3,20.5,0.04646,0.03846
2025-05-13T16:00:00,0.6708,0.2689,495.1,15.4,21.1,0.05277,0.04477
2025-05-13T16:15:00,0.6778,0.378,497.7,11.0,20.5,0.06071,0.05271
2025-05-13T16:30:00,0.5912,0.3845,424.4,7.8,20.4,0.06431,0.05631
2025-05-13T16:45:00,0.5632,0.5249,422.9,7.8,19.9,0.08032,0.07232
2025-05-13T17:00:00,0.4997,0.562,387.8,0.0,18.9,0.07871,0.07071
2025-05-13T17:15:00,0.4892,0.5731,359.4,0.0,20.8,0.07337,0.06537
2025-05-13T17:30:00,0.3869,0.6276,289.3,14.6,19.1,0.09322,0.08522
2025-05-13T17:45:00,0.3556,0.7812,261.8,7.0,20.6,0.08602,0.07802
2025-05-13T18:00:00,0.256,0.8235,195.1,12.2,19.1,0.10099,0.09299
2025-05-13T18:15:00,0.2628,0.8893,193.2,18.3,18.7,0.09934,0.09134
2025-05-13T18:30:00,0.2435,1.108,172.9,0.0,19.6,0.10751,0.09951
2025-05-13T18:45:00,0.1779,1.1175,130.9,4.7,19.1,0.12504,0.11704
2025-05-13T19:00:00,0.1045,1.2437,74.6,9.1,18.3,0.11767,0.10967
2025-05-13T19:15:00,0.0497,1.2198,38.1,8.0,17.2,0.11955,0.11155
2025-05-13T19:30:00,0.0173,1.2273,12.4,0.0,17.5,0.12095,0.11295
2025-05-13T19:45:00,0.0,1.2049,0.0,0.2,18.4,0.12185,0.11385
2025-05-13T20:00:00,0.0,1.1523,0.0,0.0,17.7,0.13022,0.12222
2025-05-13T20:15:00,0.0303,1.0839,23.4,4.1,16.8,0.11138,0.10338
2025-05-13T20:30:00,0.0068,1.1256,4.9,0.0,17.1,0.10669,0.09869
2025-05-13T20:45:00,0.0081,0.908,6.0,7.4,18.0,0.11235,0.10435
2025-05-13T21:00:00,0.0091,0.8581,6.5,3.1,16.1,0.09393,0.08593
2025-05-13T21:15:00,0.0,0.8257,0.0,0.0,15.2,0.09556,0.08756
2025-05-13T21:30:00,0.0,0.7819,0.0,3.2,16.6,0.09893,0.09093
2025-05-13T21:45:00,0.0,0.7163,0.0,4.5,14.5,0.08709,0.07909
2025-05-13T22:00:00,0.0,0.5076,0.0,5.3,13.8,0.07962,0.07162
2025-05-13T22:15:00,0.0,0.5098,0.0,0.0,16.0,0.07425,0.06625
2025-05-13T22:30:00,0.0,0.4493,0.0,0.0,14.3,0.06967,0.06167
2025-05-13T22:45:00,0.0459,0.3428,33.2,0.0,14.1,0.06888,0.06088
2025-05-13T23:00:00,0.0049,0.4,3.5,0.0,12.7,0.07105,0.06305
2025-05-13T23:15:00,0.0,0.2774,0.0,9.6,14.0,0.07598,0.06798
2025-05-13T23:30:00,0.0069,0.279,5.3,0.0,14.4,0.07311,0.06511
2025-05-13T23:45:00,0.0,0.3041,0.0,3.3,12.5,0.06316,0.05516
2025-05-14T00:00:00,0.0,0.4174,0.0,6.1,12.9,0.06041,0.05241
2025-05-14T00:15:00,0.0,0.2396,0.0,11.7,10.8,0.06886,0.06086
2025-05-14T00:30:00,0.0,0.404,0.0,0.0,11.7,0.05398,0.04598
2025-05-14T00:45:00,0.0,0.1407,0.0,3.1,12.0,0.06213,0.05413
2025-05-14T01:00:00,0.0,0.3397,0.0,4.2,11.4,0.0628,0.0548
2025-05-14T01:15:00,0.0097,0.3063,7.3,0.0,11.5,0.05814,0.05014
2025-05-14T01:30:00,0.0258,0.3409,19.0,7.1,11.8,0.05882,0.05082
2025-05-14T01:45:00,0.0029,0.3264,2.3,4.1,10.9,0.06678,0.05878
2025-05-14T02:00:00,0.0317,0.2817,23.8,3.9,10.7,0.05491,0.04691
2025-05-14T02:15:00,0.0014,0.3048,1.1,3.4,11.4,0.05929,0.05129
2025-05-14T02:30:00,0.0,0.3004,0.0,8.4,10.5,0.06086,0.05286
2025-05-14T02:45:00,0.0024,0.2831,1.8,3.5,11.6,0.06519,0.05719
2025-05-14T03:00:00,0.0,0.2693,0.0,6.4,10.2,0.05659,0.04859
2025-05-14T03:15:00,0.0,0.4145,0.0,0.0,11.8,0.07118,0.06318
2025-05-14T03:30:00,0.0,0.3236,0.0,13.3,9.6,0.06296,0.05496
2025-05-14T03:45:00,0.0008,0.432,0.6,1.8,10.8,0.06334,0.05534
2025-05-14T04:00:00,0.0096,0.3113,7.1,2.5,11.5,0.0629,0.0549
2025-05-14T04:15:00,0.0,0.329,0.0,1.2,11.3,0.06135,0.05335
2025-05-14T04:30:00,0.0,0.3198,0.0,10.2,12.3,0.06001,0.05201
2025-05-14T04:45:00,0.0882,0.3361,65.5,4.9,11.0,0.07337,0.06537
2025-05-14T05:00:00,0.0872,0.3511,63.2,0.0,12.0,0.0689,0.0609
2025-05-14T05:15:00,0.1532,0.4247,114.5,4.7,11.9,0.06867,0.06067
2025-05-14T05:30:00,0.1984,0.4579,141.5,6.6,12.7,0.07742,0.06942
2025-05-14T05:45:00,0.2562,0.4997,194.0,0.0,12.7,0.0702,0.0622
2025-05-14T06:00:00,0.3166,0.4633,239.0,2.4,11.3,0.08173,0.07373
2025-05-14T06:15:00,0.3614,0.7745,275.5,2.1,11.7,0.08236,0.07436
2025-05-14T06:30:00,0.3723,0.7047,284.4,7.2,12.2,0.08166,0.07366
2025-05-14T06:45:00,0.4543,0.7788,362.3,0.0,12.8,0.09632,0.08832
2025-05-14T07:00:00,0.5099,0.8691,388.6,7.3,13.1,0.08768,0.07968
2025-05-14T07:15:00,0.626,0.8845,439.4,7.0,12.4,0.10445,0.09645
2025-05-14T07:30:00,0.6888,0.7037,499.9,0.0,13.5,0.09834,0.09034
2025-05-14T07:45:00,0.5937,0.8197,443.0,20.8,11.9,0.10747,0.09947
2025-05-14T08:00:00,0.7165,0.8191,506.3,9.1,14.6,0.11292,0.10492
2025-05-14T08:15:00,0.7095,0.7269,531.7,8.9,14.6,0.10589,0.09789
2025-05-14T08:30:00,0.7493,0.7809,564.4,4.8,15.1,0.0949,0.0869
2025-05-14T08:45:00,0.817,0.6752,616.7,5.5,15.7,0.09259,0.08459
2025-05-14T09:00:00,0.8702,0.4874,622.8,4.0,15.3,0.0836,0.0756
2025-05-14T09:15:00,0.97,0.5151,704.0,0.0,17.3,0.07099,0.06299
2025-05-14T09:30:00,0.8985,0.5277,667.6,5.0,16.3,0.06307,0.05507
2025-05-14T09:45:00,0.9498,0.3979,705.5,8.8,17.4,0.06148,0.05348
2025-05-14T10:00:00,0.9382,0.2705,701.2,9.0,17.3,0.05622,0.04822
2025-05-14T10:15:00,1.0164,0.3797,737.5,6.0,17.1,0.03484,0.02684
2025-05-14T10:30:00,1.1256,0.3006,812.4,3.5,18.8,0.0376,0.0296
2025-05-14T10:45:00,1.0985,0.2181,792.6,4.4,17.0,0.03435,0.02635
2025-05-14T11:00:00,1.1315,0.27,817.2,4.5,18.2,0.02593,0.01793
2025-05-14T11:15:00,1.1192,0.2942,812.8,7.5,18.5,0.01388,0.00588
2025-05-14T11:30:00,1.1255,0.2976,844.6,0.0,19.2,0.02104,0.01304
2025-05-14T11:45:00,0.9451,0.3481,718.6,20.4,18.6,0.00351,-0.00449
2025-05-14T12:00:00,1.0242,0.3269,774.2,10.3,19.1,0.01094,0.00294
2025-05-14T12:15:00,1.0981,0.2252,825.4,3.4,20.1,0.01371,0.00571
2025-05-14T12:30:00,1.1211,0.2943,777.7,5.3,20.9,-0.00988,-0.01788
2025-05-14T12:45:00,1.1532,0.3426,839.7,1.6,20.4,0.00241,-0.00559
2025-05-14T13:00:00,1.1224,0.2613,800.7,7.9,20.1,0.0023,-0.0057
2025-05-14T13:15:00,1.0889,0.2679,814.1,1.7,20.6,0.00219,-0.00581
2025-05-14T13:30:00,0.9928,0.2846,711.2,15.0,19.8,-0.00244,-0.01044
2025-05-14T13:45:00,0.9291,0.2652,682.5,16.2,20.9,0.00227,-0.00573
2025-05-14T14:00:00,1.0875,0.2173,774.6,0.9,22.3,-0.00139,-0.00939
2025-05-14T14:15:00,0.8734,0.3182,671.5,12.7,21.1,0.011,0.003
2025-05-14T14:30:00,0.9425,0.3126,664.2,11.7,22.2,0.0173,0.0093
2025-05-14T14:45:00,0.8977,0.3363,653.0,13.9,20.7,0.01457,0.00657
2025-05-14T15:00:00,0.8239,0.2952,619.9,7.1,20.3,0.01776,0.00976
2025-05-14T15:15:00,0.8181,0.2711,594.4,8.2,21.0,0.02545,0.01745
2025-05-14T15:30:00,0.7972,0.3495,603.5,0.0,20.3,0.03344,0.02544
2025-05-14T15:45:00,0.7554,0.3499,541.9,6.6,21.0,0.03932,0.03132
2025-05-14T16:00:00,0.7132,0.3409,508.3,8.3,20.8,0.04403,0.03603
2025-05-14T16:15:00,0.6033,0.4522,449.7,18.5,21.5,0.05096,0.04296
2025-05-14T16:30:00,0.5905,0.4729,440.2,13.8,20.8,0.04899,0.04099
2025-05-14T16:45:00,0.6089,0.3747,446.4,0.0,20.0,0.04707,0.03907
2025-05-14T17:00:00,0.5418,0.5051,399.9,0.0,21.5,0.07351,0.06551
2025-05-14T17:15:00,0.4926,0.5672,350.1,8.4,20.7,0.08522,0.07722
2025-05-14T17:30:00,0.3778,0.7555,284.0,9.5,19.0,0.07565,0.06765
2025-05-14T17:45:00,0.3849,0.692,287.2,5.4,19.8,0.08728,0.07928
2025-05-14T18:00:00,0.3158,0.8244,234.4,0.4,19.4,0.10002,0.09202
2025-05-14T18:15:00,0.2612,0.9352,185.6,0.9,20.8,0.11055,0.10255
2025-05-14T18:30:00,0.1862,1.142,131.7,5.9,19.2,0.11479,0.10679
2025-05-14T18:45:00,0.1834,1.0076,129.4,8.0,17.9,0.12361,0.11561
2025-05-14T19:00:00,0.1557,1.0794,119.7,0.0,17.8,0.1197,0.1117
2025-05-14T19:15:00,0.0722,1.1163,50.0,0.0,19.4,0.125,0.117
2025-05-14T19:30:00,0.0,1.1007,0.0,10.8,17.8,0.12603,0.11803
2025-05-14T19:45:00,0.0,1.1052,0.0,0.4,17.3,0.12058,0.11258
2025-05-14T20:00:00,0.0236,1.1136,17.3,19.8,16.6,0.12823,0.12023
2025-05-14T20:15:00,0.0277,1.0505,20.3,4.0,16.6,0.12157,0.11357
2025-05-14T20:30:00,0.0,1.018,0.0,3.2,16.8,0.11934,0.11134
2025-05-14T20:45:00,0.0,0.9089,0.0,15.0,15.0,0.10622,0.09822
2025-05-14T21:00:00,0.0,0.7613,0.0,0.0,15.2,0.10906,0.10106
2025-05-14T21:15:00,0.0,0.7935,0.0,0.0,16.4,0.09115,0.08315
2025-05-14T21:30:00,0.0,0.7169,0.0,6.3,15.7,0.09416,0.08616
2025-05-14T21:45:00,0.0,0.5405,0.0,5.0,14.4,0.07134,0.06334
2025-05-14T22:00:00,0.0,0.6222,0.0,9.6,14.4,0.07616,0.06816
2025-05-14T22:15:00,0.0023,0.4261,1.6,2.6,14.5,0.08243,0.07443
2025-05-14T22:30:00,0.0,0.4571,0.0,0.0,13.4,0.0721,0.0641
2025-05-14T22:45:00,0.0,0.3255,0.0,0.0,16.1,0.07305,0.06505
2025-05-14T23:00:00,0.0,0.3318,0.0,0.0,14.4,0.06036,0.05236
2025-05-14T23:15:00,0.0,0.384,0.0,3.7,12.5,0.07735,0.06935
2025-05-14T23:30:00,0.0,0.3531,0.0,0.4,12.3,0.07055,0.06255
2025-05-14T23:45:00,0.012,0.397,8.8,3.8,13.6,0.06601,0.05801
2025-05-15T00:00:00,0.0117,0.3358,8.3,15.1,14.9,0.06685,0.05885
2025-05-15T00:15:00,0.0,0.2935,0.0,5.9,11.3,0.06633,0.05833
2025-05-15T00:30:00,0.0175,0.4109,12.5,6.4,12.9,0.07272,0.06472
2025-05-15T00:45:00,0.0264,0.2758,20.0,5.1,12.1,0.06566,0.05766
2025-05-15T01:00:00,0.0,0.2688,0.0,2.6,12.1,0.05576,0.04776
2025-05-15T01:15:00,0.0,0.3537,0.0,8.7,10.7,0.0629,0.0549
2025-05-15T01:30:00,0.0,0.3083,0.0,12.1,12.3,0.07194,0.06394
2025-05-15T01:45:00,0.0063,0.2865,4.7,8.9,12.3,0.06775,0.05975
2025-05-15T02:00:00,0.0132,0.3237,10.1,4.1,12.1,0.06193,0.05393
2025-05-15T02:15:00,0.0,0.2456,0.0,11.4,11.1,0.06799,0.05999
2025-05-15T02:30:00,0.0142,0.3688,11.1,14.2,12.0,0.06509,0.05709
2025-05-15T02:45:00,0.0,0.3032,0.0,14.5,10.9,0.06799,0.05999
2025-05-15T03:00:00,0.0113,0.3035,8.5,13.9,10.2,0.05511,0.04711
2025-05-15T03:15:00,0.0089,0.3568,6.5,7.9,10.7,0.05918,0.05118
2025-05-15T03:30:00,0.0194,0.219,14.3,2.8,12.0,0.06842,0.06042
2025-05-15T03:45:00,0.0,0.366,0.0,0.0,11.3,0.0633,0.0553
2025-05-15T04:00:00,0.0,0.3426,0.0,5.2,10.7,0.06684,0.05884
2025-05-15T04:15:00,0.0,0.3651,0.0,7.0,10.7,0.07657,0.06857
2025-05-15T04:30:00,0.0184,0.4139,13.3,5.2,11.5,0.06373,0.05573
2025-05-15T04:45:00,0.0716,0.3465,51.1,7.2,11.4,0.06773,0.05973
2025-05-15T05:00:00,0.107,0.3931,77.9,14.7,13.6,0.06418,0.05618
2025-05-15T05:15:00,0.1894,0.5097,141.4,0.0,11.3,0.0654,0.0574
2025-05-15T05:30:00,0.2141,0.4926,152.4,0.0,10.1,0.07083,0.06283
2025-05-15T05:45:00,0.2813,0.4846,202.5,1.9,11.8,0.06563,0.05763
2025-05-15T06:00:00,0.3177,0.5003,249.5,2.1,12.3,0.06539,0.05739
2025-05-15T06:15:00,0.3355,0.6206,252.4,10.6,14.2,0.08996,0.08196
2025-05-15T06:30:00,0.4035,0.7638,294.0,4.8,13.8,0.08602,0.07802
2025-05-15T06:45:00,0.4629,0.7783,325.1,6.4,15.0,0.09809,0.09009
2025-05-15T07:00:00,0.5698,0.8566,405.7,2.3,16.0,0.09688,0.08888
2025-05-15T07:15:00,0.5861,0.9031,428.5,0.9,14.6,0.10106,0.09306
2025-05-15T07:30:00,0.6807,0.8494,496.2,0.0,13.8,0.10702,0.09902
2025-05-15T07:45:00,0.6703,0.7345,481.5,13.7,13.4,0.10869,0.10069
2025-05-15T08:00:00,0.7755,0.7442,570.2,0.0,14.1,0.09701,0.08901
2025-05-15T08:15:00,0.7982,0.8395,569.2,5.2,16.0,0.10879,0.10079
2025-05-15T08:30:00,0.7676,0.6422,580.3,5.4,16.3,0.09178,0.08378
2025-05-15T08:45:00,0.8692,0.6808,626.2,8.0,15.0,0.09276,0.08476
2025-05-15T09:00:00,0.8053,0.6021,611.2,14.6,15.6,0.09934,0.09134
2025-05-15T09:15:00,0.8782,0.4685,656.3,8.9,14.9,0.07669,0.06869
2025-05-15T09:30:00,0.9925,0.36,728.9,1.1,17.3,0.07738,0.06938
2025-05-15T09:45:00,0.9926,0.4816,704.7,6.5,16.3,0.05683,0.04883
2025-05-15T10:00:00,0.9628,0.3617,762.7,2.4,17.5,0.05391,0.04591
2025-05-15T10:15:00,1.0401,0.4199,740.0,7.1,17.3,0.04243,0.03443
2025-05-15T10:30:00,1.0547,0.3145,796.7,1.3,17.8,0.0369,0.0289
2025-05-15T10:45:00,1.0727,0.2465,787.4,4.6,19.5,0.02232,0.01432
2025-05-15T11:00:00,1.1684,0.2986,816.2,0.6,19.2,0.01543,0.00743
2025-05-15T11:15:00,0.9957,0.3141,745.8,15.1,17.6,0.01687,0.00887
2025-05-15T11:30:00,0.9762,0.3019,772.7,9.6,19.0,0.00046,-0.00754
2025-05-15T11:45:00,1.1618,0.3684,814.7,3.3,20.2,5e-05,-0.00795
2025-05-15T12:00:00,1.0941,0.3193,807.7,7.0,19.9,0.00486,-0.00314
2025-05-15T12:15:00,1.1485,0.2634,849.1,0.0,20.4,-0.00564,-0.01364
2025-05-15T12:30:00,1.0572,0.2454,763.1,9.2,20.4,-0.00952,-0.01752
2025-05-15T12:45:00,1.0681,0.2336,811.0,0.0,21.2,-0.01221,-0.02021
2025-05-15T13:00:00,0.9835,0.3688,746.0,11.6,20.9,-0.00533,-0.01333
2025-05-15T13:15:00,1.0437,0.2892,802.2,5.3,22.2,-0.00787,-0.01587
2025-05-15T13:30:00,0.9996,0.3692,735.7,12.5,19.6,-0.0035,-0.0115
2025-05-15T13:45:00,1.0423,0.3301,784.1,0.6,20.6,-0.00325,-0.01125
2025-05-15T14:00:00,1.0042,0.3444,741.2,7.2,22.5,0.01171,0.00371
2025-05-15T14:15:00,0.9173,0.3437,665.0,12.0,22.9,0.00202,-0.00598
2025-05-15T14:30:00,0.9235,0.2545,696.1,4.9,19.7,-0.0026,-0.0106
2025-05-15T14:45:00,0.9509,0.2339,708.6,5.8,21.2,0.01434,0.00634
2025-05-15T15:00:00,0.8787,0.2566,640.9,8.4,22.0,0.01884,0.01084
2025-05-15T15:15:00,0.8163,0.2544,632.8,0.6,21.9,0.02521,0.01721
2025-05-15T15:30:00,0.7938,0.3052,556.2,11.0,21.3,0.02061,0.01261
2025-05-15T15:45:00,0.7754,0.2897,541.3,11.3,20.6,0.04255,0.03455
2025-05-15T16:00:00,0.6769,0.3323,499.0,18.1,21.1,0.04183,0.03383
2025-05-15T16:15:00,0.6671,0.4903,480.4,4.2,20.6,0.04806,0.04006
2025-05-15T16:30:00,0.6169,0.3891,445.7,5.4,21.7,0.04557,0.03757
2025-05-15T16:45:00,0.6084,0.5019,467.8,0.0,20.6,0.06435,0.05635
2025-05-15T17:00:00,0.5325,0.4464,399.2,0.3,21.2,0.0682,0.0602
2025-05-15T17:15:00,0.4331,0.5186,317.2,11.6,20.7,0.08371,0.07571
2025-05-15T17:30:00,0.4013,0.8152,300.0,2.3,19.4,0.08073,0.07273
2025-05-15T17:45:00,0.3402,0.8294,238.9,12.5,19.2,0.08331,0.07531
2025-05-15T18:00:00,0.3571,0.8709,260.2,5.2,18.0,0.09849,0.09049
2025-05-15T18:15:00,0.2746,0.9102,200.2,5.9,18.1,0.09919,0.09119
2025-05-15T18:30:00,0.2079,0.9584,159.3,2.2,19.8,0.11309,0.10509
2025-05-15T18:45:00,0.1519,1.0636,116.6,3.0,19.2,0.10952,0.10152
2025-05-15T19:00:00,0.0814,1.2806,60.9,11.6,18.5,0.11909,0.11109
2025-05-15T19:15:00,0.0685,1.1409,48.6,3.5,19.2,0.12111,0.11311
2025-05-15T19:30:00,0.0,1.144,0.0,1.2,18.1,0.12331,0.11531
2025-05-15T19:45:00,0.0336,1.1618,24.9,0.0,19.2,0.12004,0.11204
2025-05-15T20:00:00,0.0,1.1523,0.0,0.0,16.4,0.11637,0.10837
2025-05-15T20:15:00,0.0,1.091,0.0,3.8,18.8,0.11751,0.10951
2025-05-15T20:30:00,0.0044,1.0048,3.3,7.9,17.7,0.11017,0.10217
2025-05-15T20:45:00,0.0138,0.8994,10.3,2.4,16.1,0.10938,0.10138
2025-05-15T21:00:00,0.039,0.836,29.7,1.2,14.0,0.10139,0.09339
2025-05-15T21:15:00,0.0,0.9184,0.0,8.7,16.5,0.08423,0.07623
2025-05-15T21:30:00,0.003,0.7296,2.3,0.2,14.6,0.09148,0.08348
2025-05-15T21:45:00,0.0,0.5129,0.0,11.7,13.8,0.09481,0.08681
2025-05-15T22:00:00,0.0,0.6272,0.0,0.0,15.7,0.08387,0.07587
2025-05-15T22:15:00,0.0,0.5635,0.0,0.0,14.8,0.08159,0.07359
2025-05-15T22:30:00,0.0018,0.4815,1.4,3.8,14.1,0.07741,0.06941
2025-05-15T22:45:00,0.0,0.4285,0.0,16.2,13.0,0.0693,0.0613
2025-05-15T23:00:00,0.0104,0.4958,8.0,3.2,15.0,0.06213,0.05413
2025-05-15T23:15:00,0.0159,0.2672,12.1,5.0,13.8,0.07297,0.06497
2025-05-15T23:30:00,0.0,0.3378,0.0,23.4,13.6,0.07319,0.06519
2025-05-15T23:45:00,0.0047,0.2847,3.5,4.7,13.5,0.06947,0.06147
2025-05-16T00:00:00,0.0,0.4129,0.0,71.2,10.0,0.06688,0.05888
2025-05-16T00:15:00,0.0,0.2655,0.0,57.5,12.2,0.06671,0.05871
2025-05-16T00:30:00,0.0,0.3799,0.0,64.4,9.3,0.06425,0.05625
2025-05-16T00:45:00,0.0076,0.2411,5.4,61.9,10.9,0.06601,0.05801
2025-05-16T01:00:00,0.0025,0.4173,1.8,65.2,8.7,0.06448,0.05648
2025-05-16T01:15:00,0.0,0.3137,0.0,59.5,8.1,0.06631,0.05831
2025-05-16T01:30:00,0.0001,0.266,0.1,60.2,10.8,0.05893,0.05093
2025-05-16T01:45:00,0.0,0.2668,0.0,52.6,10.3,0.06076,0.05276
2025-05-16T02:00:00,0.0466,0.2912,34.3,48.1,9.9,0.06772,0.05972
2025-05-16T02:15:00,0.012,0.3198,8.8,69.0,7.5,0.06245,0.05445
2025-05-16T02:30:00,0.0,0.3379,0.0,67.1,8.7,0.05039,0.04239
2025-05-16T02:45:00,0.0041,0.2581,3.0,63.4,9.6,0.06515,0.05715
2025-05-16T03:00:00,0.0244,0.4243,17.2,63.6,9.2,0.05119,0.04319
2025-05-16T03:15:00,0.0088,0.3609,6.6,59.9,8.8,0.07555,0.06755
2025-05-16T03:30:00,0.0,0.2908,0.0,68.4,8.5,0.06869,0.06069
2025-05-16T03:45:00,0.0,0.3841,0.0,69.5,9.2,0.06852,0.06052
2025-05-16T04:00:00,0.015,0.4104,10.5,60.3,9.8,0.06096,0.05296
2025-05-16T04:15:00,0.0098,0.3658,6.8,57.5,10.8,0.05858,0.05058
2025-05-16T04:30:00,0.0284,0.2614,20.8,61.0,11.5,0.06436,0.05636
2025-05-16T04:45:00,0.0407,0.3633,29.5,51.5,11.5,0.06647,0.05847
2025-05-16T05:00:00,0.0684,0.3734,46.6,62.4,8.8,0.06303,0.05503
2025-05-16T05:15:00,0.1254,0.3321,96.9,46.4,11.0,0.07003,0.06203
2025-05-16T05:30:00,0.1208,0.4735,87.7,71.3,8.9,0.07531,0.06731
2025-05-16T05:45:00,0.1819,0.4553,132.4,51.5,11.9,0.0777,0.0697
2025-05-16T06:00:00,0.1774,0.5325,134.2,65.9,11.8,0.07184,0.06384
2025-05-16T06:15:00,0.2144,0.6704,155.5,60.2,11.6,0.0696,0.0616
2025-05-16T06:30:00,0.2277,0.5977,167.2,60.7,10.7,0.08683,0.07883
2025-05-16T06:45:00,0.2238,0.8161,169.5,67.5,10.8,0.08793,0.07993
2025-05-16T07:00:00,0.2625,0.765,194.1,65.2,10.9,0.09905,0.09105
2025-05-16T07:15:00,0.3377,0.9414,232.8,64.6,11.1,0.11005,0.10205
2025-05-16T07:30:00,0.3801,0.842,279.4,59.8,11.8,0.11307,0.10507
2025-05-16T07:45:00,0.3637,0.7802,270.3,63.1,11.8,0.10681,0.09881
2025-05-16T08:00:00,0.3784,0.9816,267.6,67.7,11.1,0.11133,0.10333
2025-05-16T08:15:00,0.3559,0.9312,259.6,73.4,12.7,0.11229,0.10429
2025-05-16T08:30:00,0.429,0.5753,309.4,65.2,12.3,0.09914,0.09114
2025-05-16T08:45:00,0.4989,0.6701,360.2,57.4,14.4,0.09488,0.08688
2025-05-16T09:00:00,0.506,0.4204,374.0,61.2,12.1,0.0914,0.0834
2025-05-16T09:15:00,0.563,0.5282,405.1,57.0,13.6,0.07863,0.07063
2025-05-16T09:30:00,0.4713,0.4229,356.0,67.7,14.2,0.06787,0.05987
2025-05-16T09:45:00,0.5913,0.4101,428.7,57.0,14.0,0.05828,0.05028
2025-05-16T10:00:00,0.5067,0.3674,379.4,68.8,14.8,0.05471,0.04671
2025-05-16T10:15:00,0.6668,0.3201,463.9,56.4,15.1,0.04362,0.03562
2025-05-16T10:30:00,0.5594,0.2608,398.3,69.4,15.0,0.04482,0.03682
2025-05-16T10:45:00,0.6679,0.3332,468.6,61.8,16.7,0.03196,0.02396
2025-05-16T11:00:00,0.5474,0.3548,393.7,69.1,16.8,0.03651,0.02851
2025-05-16T11:15:00,0.7127,0.2843,504.7,55.2,17.8,0.02988,0.02188
2025-05-16T11:30:00,0.6184,0.3921,463.3,61.8,16.8,0.01122,0.00322
2025-05-16T11:45:00,0.5984,0.2593,464.4,61.4,17.7,0.02056,0.01256
2025-05-16T12:00:00,0.6433,0.3562,451.5,64.1,16.6,0.0087,0.0007
2025-05-16T12:15:00,0.7044,0.3831,514.0,54.2,16.1,0.01621,0.00821
2025-05-16T12:30:00,0.6715,0.2256,491.7,53.0,18.9,0.00934,0.00134
2025-05-16T12:45:00,0.5861,0.3375,465.7,67.1,17.7,0.00495,-0.00305
2025-05-16T13:00:00,0.6599,0.2653,450.6,61.1,17.2,0.00866,0.00066
2025-05-16T13:15:00,0.5214,0.2743,381.8,69.2,17.6,0.002,-0.006
2025-05-16T13:30:00,0.5639,0.4612,411.3,64.3,18.9,0.00824,0.00024
2025-05-16T13:45:00,0.5397,0.3428,402.6,67.6,18.5,0.01045,0.00245
2025-05-16T14:00:00,0.6112,0.3067,438.0,57.9,18.1,0.00997,0.00197
2025-05-16T14:15:00,0.5816,0.227,425.1,53.8,20.0,0.01619,0.00819
2025-05-16T14:30:00,0.5516,0.3253,448.9,54.5,19.2,0.01192,0.00392
2025-05-16T14:45:00,0.507,0.2791,383.4,60.9,20.3,0.02492,0.01692
2025-05-16T15:00:00,0.5644,0.3038,408.1,54.4,18.9,0.01924,0.01124
2025-05-16T15:15:00,0.47,0.3092,341.1,56.6,18.4,0.03446,0.02646
2025-05-16T15:30:00,0.4585,0.469,353.2,57.1,19.9,0.03857,0.03057
2025-05-16T15:45:00,0.4039,0.3817,293.4,65.6,20.2,0.04511,0.03711
2025-05-16T16:00:00,0.4137,0.3791,306.9,59.3,18.7,0.04328,0.03528
2025-05-16T16:15:00,0.3276,0.4222,263.5,67.2,18.5,0.06949,0.06149
2025-05-16T16:30:00,0.3383,0.3653,243.7,66.9,17.9,0.05678,0.04878
2025-05-16T16:45:00,0.2724,0.5165,206.3,69.0,17.7,0.06518,0.05718
2025-05-16T17:00:00,0.2537,0.533,192.3,67.6,18.2,0.06654,0.05854
2025-05-16T17:15:00,0.2229,0.5415,162.9,78.9,17.1,0.08585,0.07785
2025-05-16T17:30:00,0.2483,0.7265,195.3,60.1,18.4,0.08201,0.07401
2025-05-16T17:45:00,0.2402,0.6214,173.6,57.8,16.7,0.09747,0.08947
2025-05-16T18:00:00,0.1893,0.8366,135.1,71.3,18.5,0.09337,0.08537
2025-05-16T18:15:00,0.176,0.9011,131.6,55.5,19.2,0.10715,0.09915
2025-05-16T18:30:00,0.117,0.9526,83.1,66.1,18.0,0.10924,0.10124
2025-05-16T18:45:00,0.1068,1.0666,75.7,54.8,17.5,0.12174,0.11374
2025-05-16T19:00:00,0.066,1.1471,51.1,60.7,17.3,0.11867,0.11067
2025-05-16T19:15:00,0.0337,1.2458,25.4,68.5,15.0,0.11794,0.10994
2025-05-16T19:30:00,0.0,1.2708,0.0,54.2,15.8,0.12647,0.11847
2025-05-16T19:45:00,0.0583,1.2362,42.5,58.8,15.6,0.11658,0.10858
2025-05-16T20:00:00,0.0123,1.2505,9.4,62.6,14.3,0.11596,0.10796
2025-05-16T20:15:00,0.0116,0.9772,8.8,59.9,14.5,0.12253,0.11453
2025-05-16T20:30:00,0.0,0.9417,0.0,69.5,14.6,0.10318,0.09518
2025-05-16T20:45:00,0.0227,0.9667,16.4,72.2,14.1,0.1131,0.1051
2025-05-16T21:00:00,0.0149,0.7957,10.9,64.3,13.6,0.10098,0.09298
2025-05-16T21:15:00,0.0209,0.765,14.9,56.9,14.8,0.0924,0.0844
2025-05-16T21:30:00,0.0,0.7284,0.0,65.2,12.4,0.09351,0.08551
2025-05-16T21:45:00,0.0,0.7077,0.0,59.7,13.4,0.09059,0.08259
2025-05-16T22:00:00,0.0011,0.5881,0.8,68.6,12.8,0.07906,0.07106
2025-05-16T22:15:00,0.0023,0.5193,1.8,55.7,13.6,0.07739,0.06939
2025-05-16T22:30:00,0.0,0.4659,0.0,59.4,12.8,0.0796,0.0716
2025-05-16T22:45:00,0.0143,0.364,10.9,72.5,11.0,0.07661,0.06861
2025-05-16T23:00:00,0.0,0.3561,0.0,67.1,11.4,0.06991,0.06191
2025-05-16T23:15:00,0.0231,0.2902,16.8,59.0,10.6,0.06419,0.05619
2025-05-16T23:30:00,0.0477,0.3471,36.1,75.8,12.0,0.06198,0.05398
2025-05-16T23:45:00,0.0,0.358,0.0,69.4,10.2,0.06311,0.05511
2025-05-17T00:00:00,0.0076,0.3868,5.7,69.9,9.8,0.06859,0.06059
2025-05-17T00:15:00,0.0,0.4876,0.0,62.7,10.7,0.06802,0.06002
2025-05-17T00:30:00,0.0276,0.398,19.2,63.6,10.7,0.06647,0.05847
2025-05-17T00:45:00,0.0283,0.5515,20.7,61.9,8.2,0.07265,0.06465
2025-05-17T01:00:00,0.0,0.4491,0.0,55.4,10.5,0.06305,0.05505
2025-05-17T01:15:00,0.0168,0.4049,11.9,75.5,9.4,0.0626,0.0546
2025-05-17T01:30:00,0.0,0.4988,0.0,64.0,9.0,0.06258,0.05458
2025-05-17T01:45:00,0.0066,0.5415,4.8,70.5,8.6,0.07561,0.06761
2025-05-17T02:00:00,0.0,0.4693,0.0,63.9,7.7,0.05311,0.04511
2025-05-17T02:15:00,0.0,0.4532,0.0,62.7,8.2,0.06643,0.05843
2025-05-17T02:30:00,0.0,0.39,0.0,62.8,9.3,0.06732,0.05932
2025-05-17T02:45:00,0.0033,0.3917,2.4,64.1,8.9,0.06515,0.05715
2025-05-17T03:00:00,0.0,0.3655,0.0,59.5,9.2,0.07806,0.07006
2025-05-17T03:15:00,0.0005,0.4391,0.3,69.7,8.3,0.07149,0.06349
2025-05-17T03:30:00,0.0,0.5628,0.0,68.8,9.6,0.06928,0.06128
2025-05-17T03:45:00,0.0165,0.4446,11.7,76.9,7.6,0.05993,0.05193
2025-05-17T04:00:00,0.0101,0.3692,7.3,58.4,8.1,0.06802,0.06002
2025-05-17T04:15:00,0.0038,0.4829,2.8,61.1,9.1,0.0634,0.0554
2025-05-17T04:30:00,0.0139,0.4752,10.1,58.7,9.3,0.06625,0.05825
2025-05-17T04:45:00,0.0522,0.5544,38.6,60.8,9.2,0.0679,0.0599
2025-05-17T05:00:00,0.0908,0.5446,68.9,62.5,10.5,0.06518,0.05718
2025-05-17T05:15:00,0.0929,0.4405,66.3,64.1,10.1,0.07312,0.06512
2025-05-17T05:30:00,0.0933,0.5991,68.7,65.3,9.4,0.08099,0.07299
2025-05-17T05:45:00,0.1214,0.6428,85.4,70.6,11.4,0.08054,0.07254
2025-05-17T06:00:00,0.1684,0.6471,122.8,68.1,10.0,0.07953,0.07153
2025-05-17T06:15:00,0.2182,0.8419,162.2,64.7,11.1,0.07164,0.06364
2025-05-17T06:30:00,0.202,0.8402,159.5,72.0,10.2,0.09347,0.08547
2025-05-17T06:45:00,0.2637,0.8648,194.6,67.4,11.1,0.09837,0.09037
2025-05-17T07:00:00,0.3033,0.9359,217.8,58.7,12.3,0.09598,0.08798
2025-05-17T07:15:00,0.3732,1.0222,276.9,58.8,12.7,0.09855,0.09055
2025-05-17T07:30:00,0.3758,1.0644,274.9,53.3,12.7,0.10808,0.10008
2025-05-17T07:45:00,0.3805,1.0071,297.7,56.6,13.5,0.10144,0.09344
2025-05-17T08:00:00,0.354,0.9457,256.4,67.9,13.2,0.11041,0.10241
2025-05-17T08:15:00,0.3636,0.9247,269.1,70.1,13.4,0.09786,0.08986
2025-05-17T08:30:00,0.4177,0.7643,320.4,60.4,14.5,0.095,0.087
2025-05-17T08:45:00,0.4131,0.7553,291.4,70.9,11.4,0.09495,0.08695
2025-05-17T09:00:00,0.4335,0.6591,313.7,70.2,14.1,0.08008,0.07208
2025-05-17T09:15:00,0.5683,0.5948,417.9,56.1,15.6,0.08096,0.07296
2025-05-17T09:30:00,0.5258,0.6964,388.7,64.9,15.0,0.0762,0.0682
2025-05-17T09:45:00,0.4737,0.5757,352.2,69.9,14.4,0.05801,0.05001
2025-05-17T10:00:00,0.6303,0.4955,466.3,52.2,15.6,0.06316,0.05516
2025-05-17T10:15:00,0.6498,0.3562,470.6,57.1,15.7,0.04773,0.03973
2025-05-17T10:30:00,0.4357,0.5174,322.2,81.9,14.6,0.04751,0.03951
2025-05-17T10:45:00,0.6065,0.4485,441.2,63.9,17.2,0.03975,0.03175
2025-05-17T11:00:00,0.5294,0.4002,372.3,73.0,17.0,0.03069,0.02269
2025-05-17T11:15:00,0.6268,0.3986,456.6,63.7,16.8,0.02561,0.01761
2025-05-17T11:30:00,0.6251,0.4487,450.6,63.8,16.6,0.01481,0.00681
2025-05-17T11:45:00,0.6349,0.3126,451.7,64.0,15.9,0.01694,0.00894
2025-05-17T12:00:00,0.6249,0.3549,459.6,60.9,18.6,0.01354,0.00554
2025-05-17T12:15:00,0.6086,0.4608,440.0,64.9,17.2,0.02477,0.01677
2025-05-17T12:30:00,0.58,0.3877,422.4,66.7,18.7,0.01952,0.01152
2025-05-17T12:45:00,0.6035,0.382,450.3,62.4,18.8,0.00501,-0.00299
2025-05-17T13:00:00,0.5273,0.3671,395.0,66.8,18.5,0.01688,0.00888
2025-05-17T13:15:00,0.5981,0.5149,403.9,63.7,17.6,0.01396,0.00596
2025-05-17T13:30:00,0.5325,0.3823,393.0,69.7,18.1,0.01159,0.00359
2025-05-17T13:45:00,0.4927,0.4297,354.3,69.7,19.7,0.018,0.01
2025-05-17T14:00:00,0.6,0.4686,446.7,60.6,18.7,0.02212,0.01412
2025-05-17T14:15:00,0.5515,0.3945,415.2,61.0,18.9,0.01725,0.00925
2025-05-17T14:30:00,0.4597,0.3796,359.5,70.2,18.5,0.02216,0.01416
2025-05-17T14:45:00,0.5083,0.5555,374.2,62.9,20.5,0.02828,0.02028
2025-05-17T15:00:00,0.5322,0.469,370.5,63.9,19.1,0.02576,0.01776
2025-05-17T15:15:00,0.4642,0.4895,338.9,59.1,19.5,0.03657,0.02857
2025-05-17T15:30:00,0.414,0.4114,313.2,67.0,20.0,0.03956,0.03156
2025-05-17T15:45:00,0.4374,0.6286,314.5,68.4,19.3,0.0409,0.0329
2025-05-17T16:00:00,0.4532,0.5255,328.4,58.6,18.3,0.04495,0.03695
2025-05-17T16:15:00,0.3479,0.4463,254.4,63.2,19.6,0.05664,0.04864
2025-05-17T16:30:00,0.2613,0.4515,200.1,72.6,17.6,0.0654,0.0574
2025-05-17T16:45:00,0.2957,0.6617,218.2,59.8,18.6,0.06822,0.06022
2025-05-17T17:00:00,0.2775,0.5871,196.8,62.2,16.6,0.06779,0.05979
2025-05-17T17:15:00,0.3006,0.7982,221.4,54.8,17.3,0.08336,0.07536
2025-05-17T17:30:00,0.2516,0.6874,175.7,63.7,18.6,0.08691,0.07891
2025-05-17T17:45:00,0.2147,0.8453,156.0,63.2,19.0,0.09618,0.08818
2025-05-17T18:00:00,0.1863,1.0597,137.9,60.1,18.7,0.1062,0.0982
2025-05-17T18:15:00,0.1785,1.0441,130.9,56.6,15.5,0.10107,0.09307
2025-05-17T18:30:00,0.1109,1.1892,78.1,53.9,17.3,0.11124,0.10324
2025-05-17T18:45:00,0.0444,1.2148,34.4,63.6,18.3,0.11365,0.10565
2025-05-17T19:00:00,0.0786,1.351,58.9,76.4,15.9,0.11593,0.10793
2025-05-17T19:15:00,0.0229,1.3256,17.5,66.7,15.7,0.13458,0.12658
2025-05-17T19:30:00,0.0208,1.3319,15.2,59.2,15.7,0.12959,0.12159
2025-05-17T19:45:00,0.0363,1.3858,26.2,61.1,15.5,0.11386,0.10586
2025-05-17T20:00:00,0.0074,1.2714,5.4,67.5,14.9,0.12418,0.11618
2025-05-17T20:15:00,0.0222,1.2568,16.7,61.4,14.7,0.11539,0.10739
2025-05-17T20:30:00,0.0,1.3136,0.0,68.0,14.3,0.12063,0.11263
2025-05-17T20:45:00,0.0,1.0702,0.0,72.9,13.5,0.10957,0.10157
2025-05-17T21:00:00,0.0082,1.0586,5.9,60.3,13.7,0.1026,0.0946
2025-05-17T21:15:00,0.0129,0.8582,9.6,64.6,15.3,0.09873,0.09073
2025-05-17T21:30:00,0.0,0.7571,0.0,69.7,14.6,0.09458,0.08658
2025-05-17T21:45:00,0.0,0.7223,0.0,63.9,13.3,0.08746,0.07946
2025-05-17T22:00:00,0.0,0.7294,0.0,57.9,12.3,0.08145,0.07345
2025-05-17T22:15:00,0.0,0.679,0.0,60.9,13.6,0.07791,0.06991
2025-05-17T22:30:00,0.0162,0.601,11.8,64.2,12.4,0.0782,0.0702
2025-05-17T22:45:00,0.0247,0.5049,19.5,63.2,12.9,0.06628,0.05828
2025-05-17T23:00:00,0.0155,0.5397,11.4,61.6,11.4,0.07046,0.06246
2025-05-17T23:15:00,0.0081,0.4828,5.8,60.8,11.5,0.06817,0.06017
2025-05-17T23:30:00,0.0,0.5873,0.0,63.1,10.4,0.0649,0.0569
2025-05-17T23:45:00,0.0135,0.5052,9.6,64.4,11.3,0.07088,0.06288
2025-05-18T00:00:00,0.0083,0.4635,6.2,44.6,10.4,0.05776,0.04976
2025-05-18T00:15:00,0.0362,0.4492,27.1,50.6,10.8,0.06294,0.05494
2025-05-18T00:30:00,0.0218,0.4227,14.9,41.7,11.0,0.06022,0.05222
2025-05-18T00:45:00,0.0099,0.4546,7.3,47.9,10.4,0.06805,0.06005
2025-05-18T01:00:00,0.0,0.5669,0.0,52.2,9.7,0.06237,0.05437
2025-05-18T01:15:00,0.0077,0.3681,5.7,49.6,10.4,0.06527,0.05727
2025-05-18T01:30:00,0.0,0.4832,0.0,51.9,9.5,0.06715,0.05915
2025-05-18T01:45:00,0.0,0.4879,0.0,50.7,10.0,0.05604,0.04804
2025-05-18T02:00:00,0.0103,0.3741,7.6,53.7,10.7,0.06753,0.05953
2025-05-18T02:15:00,0.0,0.5025,0.0,46.5,9.6,0.0608,0.0528
2025-05-18T02:30:00,0.0032,0.492,2.4,45.0,10.8,0.06357,0.05557
2025-05-18T02:45:00,0.0315,0.3593,22.8,47.7,10.2,0.06438,0.05638
2025-05-18T03:00:00,0.0122,0.515,9.3,35.8,9.9,0.06955,0.06155
2025-05-18T03:15:00,0.0,0.4367,0.0,48.6,9.4,0.06919,0.06119
2025-05-18T03:30:00,0.0211,0.4257,15.1,60.4,9.1,0.075,0.067
2025-05-18T03:45:00,0.0,0.4034,0.0,43.6,9.6,0.0662,0.0582
2025-05-18T04:00:00,0.0236,0.4665,16.8,51.8,8.6,0.06271,0.05471
2025-05-18T04:15:00,0.0,0.5376,0.0,50.8,9.8,0.06286,0.05486
2025-05-18T04:30:00,0.0036,0.4381,2.7,52.9,9.3,0.06983,0.06183
2025-05-18T04:45:00,0.0388,0.5747,27.9,47.6,9.9,0.07591,0.06791
2025-05-18T05:00:00,0.0529,0.6391,39.9,53.1,11.3,0.06998,0.06198
2025-05-18T05:15:00,0.1027,0.6148,74.3,56.4,10.9,0.06647,0.05847
2025-05-18T05:30:00,0.1543,0.5368,117.0,42.0,10.8,0.07347,0.06547
2025-05-18T05:45:00,0.2251,0.6654,160.3,43.4,11.6,0.07628,0.06828
2025-05-18T06:00:00,0.1817,0.6714,128.8,54.2,11.0,0.07865,0.07065
2025-05-18T06:15:00,0.2275,0.6754,171.2,45.9,12.5,0.07857,0.07057
2025-05-18T06:30:00,0.2931,0.8455,217.8,49.0,13.0,0.07327,0.06527
2025-05-18T06:45:00,0.3631,0.7772,271.2,45.4,10.8,0.08945,0.08145
2025-05-18T07:00:00,0.3211,0.9541,249.1,57.0,11.1,0.10316,0.09516
2025-05-18T07:15:00,0.4762,0.9117,351.3,41.0,12.5,0.10265,0.09465
2025-05-18T07:30:00,0.3747,0.8954,290.2,55.9,12.8,0.09222,0.08422
2025-05-18T07:45:00,0.419,0.9577,318.2,47.8,12.4,0.1063,0.0983
2025-05-18T08:00:00,0.5139,0.9073,390.1,43.8,12.2,0.09587,0.08787
2025-05-18T08:15:00,0.5644,0.9652,412.0,42.2,14.1,0.11546,0.10746
2025-05-18T08:30:00,0.5516,0.9026,396.4,45.7,12.9,0.10168,0.09368
2025-05-18T08:45:00,0.585,0.8864,422.6,43.8,14.3,0.08861,0.08061
2025-05-18T09:00:00,0.5893,0.6965,442.5,42.6,16.2,0.09336,0.08536
2025-05-18T09:15:00,0.7385,0.603,532.3,35.8,15.3,0.07725,0.06925
2025-05-18T09:30:00,0.67,0.5742,470.7,44.7,14.9,0.07715,0.06915
2025-05-18T09:45:00,0.6095,0.5918,468.6,45.5,16.7,0.06649,0.05849
2025-05-18T10:00:00,0.7078,0.4927,492.3,49.1,16.0,0.05241,0.04441
2025-05-18T10:15:00,0.6547,0.5474,470.3,54.7,16.8,0.05587,0.04787
2025-05-18T10:30:00,0.774,0.4374,571.3,44.1,16.4,0.03833,0.03033
2025-05-18T10:45:00,0.7598,0.409,559.6,41.7,18.0,0.04764,0.03964
2025-05-18T11:00:00,0.6451,0.5124,482.7,57.6,18.6,0.03536,0.02736
2025-05-18T11:15:00,0.783,0.4782,571.3,41.9,17.5,0.02473,0.01673
2025-05-18T11:30:00,0.7117,0.4677,482.2,56.0,17.5,0.01636,0.00836
2025-05-18T11:45:00,0.7698,0.4256,598.4,40.9,17.7,0.03216,0.02416
2025-05-18T12:00:00,0.606,0.4137,445.0,66.2,17.2,0.02838,0.02038
2025-05-18T12:15:00,0.6979,0.4408,516.1,53.1,17.9,0.01094,0.00294
2025-05-18T12:30:00,0.6559,0.3621,505.0,51.1,19.9,0.02555,0.01755
2025-05-18T12:45:00,0.6504,0.4085,478.1,55.6,18.6,0.01626,0.00826
2025-05-18T13:00:00,0.8345,0.3627,618.2,36.5,19.8,0.01374,0.00574
2025-05-18T13:15:00,0.7341,0.4429,513.3,49.4,19.2,0.01481,0.00681
2025-05-18T13:30:00,0.7355,0.3616,543.0,43.9,19.0,0.01477,0.00677
2025-05-18T13:45:00,0.7333,0.3285,523.9,44.1,17.6,0.02588,0.01788
2025-05-18T14:00:00,0.7288,0.3888,540.5,43.1,21.0,0.02086,0.01286
2025-05-18T14:15:00,0.6761,0.3625,506.1,44.5,20.9,0.01235,0.00435
2025-05-18T14:30:00,0.7367,0.3902,530.5,38.2,18.8,0.0375,0.0295
2025-05-18T14:45:00,0.5818,0.3445,438.4,50.4,19.6,0.03419,0.02619
2025-05-18T15:00:00,0.6444,0.5958,474.0,46.5,17.7,0.02693,0.01893
2025-05-18T15:15:00,0.6342,0.4303,464.8,39.3,20.3,0.03509,0.02709
2025-05-18T15:30:00,0.5708,0.5496,425.4,43.4,19.9,0.03632,0.02832
2025-05-18T15:45:00,0.5359,0.4907,393.1,48.6,19.0,0.04619,0.03819
2025-05-18T16:00:00,0.5303,0.4768,365.5,49.2,19.1,0.05293,0.04493
2025-05-18T16:15:00,0.3881,0.4418,291.6,55.5,17.9,0.05715,0.04915
2025-05-18T16:30:00,0.444,0.5967,337.1,41.3,20.5,0.05787,0.04987
2025-05-18T16:45:00,0.4178,0.6164,294.6,45.6,19.4,0.0625,0.0545
2025-05-18T17:00:00,0.3111,0.6591,236.4,51.7,18.9,0.07786,0.06986
2025-05-18T17:15:00,0.3398,0.7153,261.4,42.2,19.9,0.07901,0.07101
2025-05-18T17:30:00,0.3332,0.733,251.5,34.0,19.2,0.0989,0.0909
2025-05-18T17:45:00,0.2301,0.8151,167.1,52.3,18.4,0.0886,0.0806
2025-05-18T18:00:00,0.2633,0.9721,189.1,40.4,20.5,0.1043,0.0963
2025-05-18T18:15:00,0.2126,1.0901,158.5,49.4,19.3,0.10659,0.09859
2025-05-18T18:30:00,0.159,1.2507,115.6,46.3,18.0,0.1079,0.0999
2025-05-18T18:45:00,0.0917,1.1015,70.2,54.3,17.9,0.12475,0.11675
2025-05-18T19:00:00,0.1065,1.3073,76.2,42.7,17.5,0.12162,0.11362
2025-05-18T19:15:00,0.0507,1.3099,36.8,37.5,17.8,0.11838,0.11038
2025-05-18T19:30:00,0.0247,1.2754,18.3,46.9,18.6,0.12258,0.11458
2025-05-18T19:45:00,0.0,1.303,0.0,40.0,16.1,0.12952,0.12152
2025-05-18T20:00:00,0.0,1.324,0.0,48.0,15.9,0.11496,0.10696
2025-05-18T20:15:00,0.0,1.1977,0.0,42.9,17.5,0.12626,0.11826
2025-05-18T20:30:00,0.0,1.1461,0.0,63.4,14.9,0.11804,0.11004
2025-05-18T20:45:00,0.0,1.0481,0.0,37.7,16.2,0.10756,0.09956
2025-05-18T21:00:00,0.0,0.9697,0.0,50.5,16.2,0.1112,0.1032
2025-05-18T21:15:00,0.0,1.0604,0.0,66.1,12.9,0.10775,0.09975
2025-05-18T21:30:00,0.0177,0.9514,12.7,51.8,13.3,0.0958,0.0878
2025-05-18T21:45:00,0.0214,0.8012,16.1,47.6,14.2,0.08826,0.08026
2025-05-18T22:00:00,0.017,0.5613,13.1,42.8,13.1,0.09305,0.08505
2025-05-18T22:15:00,0.0,0.7296,0.0,57.5,11.3,0.08708,0.07908
2025-05-18T22:30:00,0.0158,0.5404,11.6,42.7,14.6,0.07014,0.06214
2025-05-18T22:45:00,0.0,0.5434,0.0,50.3,14.4,0.07146,0.06346
2025-05-18T23:00:00,0.0202,0.4751,15.4,40.0,11.4,0.06927,0.06127
2025-05-18T23:15:00,0.0,0.5112,0.0,37.3,13.1,0.06654,0.05854
2025-05-18T23:30:00,0.0,0.4051,0.0,49.6,12.1,0.05923,0.05123
2025-05-18T23:45:00,0.0292,0.529,22.8,43.7,11.8,0.07183,0.06383
2025-05-19T00:00:00,0.0,0.3613,0.0,44.5,11.5,0.06547,0.05747
2025-05-19T00:15:00,0.0126,0.2984,9.9,33.7,10.4,0.06555,0.05755
2025-05-19T00:30:00,0.0208,0.3186,15.5,45.7,11.5,0.07291,0.06491
2025-05-19T00:45:00,0.0318,0.2739,23.1,48.9,10.5,0.06182,0.05382
2025-05-19T01:00:00,0.0,0.328,0.0,38.2,11.0,0.06468,0.05668
2025-05-19T01:15:00,0.0,0.3138,0.0,39.9,12.2,0.06654,0.05854
2025-05-19T01:30:00,0.0,0.2944,0.0,41.6,11.8,0.06257,0.05457
2025-05-19T01:45:00,0.0,0.2733,0.0,34.2,11.2,0.06438,0.05638
2025-05-19T02:00:00,0.0,0.3295,0.0,45.1,9.1,0.06931,0.06131
2025-05-19T02:15:00,0.0,0.3054,0.0,33.7,11.5,0.06495,0.05695
2025-05-19T02:30:00,0.0061,0.3269,4.5,40.5,9.6,0.0725,0.0645
2025-05-19T02:45:00,0.0119,0.2864,9.1,37.8,10.6,0.06079,0.05279
2025-05-19T03:00:00,0.0197,0.4212,14.1,39.3,9.8,0.06616,0.05816
2025-05-19T03:15:00,0.0,0.3019,0.0,37.7,9.9,0.05702,0.04902
2025-05-19T03:30:00,0.0,0.4072,0.0,46.0,10.4,0.06444,0.05644
2025-05-19T03:45:00,0.0,0.3388,0.0,29.7,10.7,0.06125,0.05325
2025-05-19T04:00:00,0.0,0.3915,0.0,42.8,8.6,0.07305,0.06505
2025-05-19T04:15:00,0.0214,0.2209,15.8,48.2,9.5,0.06987,0.06187
2025-05-19T04:30:00,0.0097,0.4676,6.8,49.0,10.3,0.06903,0.06103
2025-05-19T04:45:00,0.0425,0.2635,30.1,36.3,9.7,0.07731,0.06931
2025-05-19T05:00:00,0.1096,0.3639,80.9,39.3,10.6,0.07618,0.06818
2025-05-19T05:15:00,0.1409,0.3756,105.3,44.8,12.1,0.0737,0.0657
2025-05-19T05:30:00,0.1541,0.5255,115.6,47.3,11.2,0.06797,0.05997
2025-05-19T05:45:00,0.1833,0.5686,139.2,40.3,10.5,0.06658,0.05858
2025-05-19T06:00:00,0.2075,0.5159,144.5,51.4,11.7,0.07814,0.07014
2025-05-19T06:15:00,0.2536,0.687,188.7,50.1,11.1,0.08051,0.07251
2025-05-19T06:30:00,0.3322,0.7689,250.3,43.5,11.3,0.08353,0.07553
2025-05-19T06:45:00,0.3501,0.7384,267.3,35.8,13.3,0.09039,0.08239
2025-05-19T07:00:00,0.3501,0.8098,262.6,46.0,12.6,0.08733,0.07933
2025-05-19T07:15:00,0.3837,0.8491,276.1,46.6,12.7,0.10908,0.10108
2025-05-19T07:30:00,0.466,0.8671,339.0,43.8,13.7,0.09708,0.08908
2025-05-19T07:45:00,0.4981,0.8941,395.6,32.6,13.5,0.10107,0.09307
2025-05-19T08:00:00,0.5312,0.8665,387.8,42.6,13.8,0.1076,0.0996
2025-05-19T08:15:00,0.6037,0.7301,437.0,42.6,15.7,0.09274,0.08474
2025-05-19T08:30:00,0.5639,0.7042,406.5,46.9,16.0,0.10282,0.09482
2025-05-19T08:45:00,0.6296,0.6523,445.9,37.4,14.9,0.09689,0.08889
2025-05-19T09:00:00,0.6449,0.5695,467.7,35.5,14.6,0.08246,0.07446
2025-05-19T09:15:00,0.7282,0.4095,498.9,38.7,15.9,0.06984,0.06184
2025-05-19T09:30:00,0.6634,0.3818,498.6,44.9,14.8,0.06446,0.05646
2025-05-19T09:45:00,0.7389,0.3631,525.0,45.5,15.8,0.04773,0.03973
2025-05-19T10:00:00,0.7375,0.3452,555.6,39.7,17.0,0.05728,0.04928
2025-05-19T10:15:00,0.7476,0.393,558.7,41.3,16.0,0.04131,0.03331
2025-05-19T10:30:00,0.89,0.2763,621.6,30.3,17.2,0.02891,0.02091
2025-05-19T10:45:00,0.7965,0.4662,569.3,40.6,16.7,0.02057,0.01257
2025-05-19T11:00:00,0.7755,0.2427,582.3,42.2,17.4,0.02218,0.01418
2025-05-19T11:15:00,0.8352,0.3115,604.9,38.7,17.6,0.02128,0.01328
2025-05-19T11:30:00,0.7299,0.3103,566.5,43.9,16.6,2e-05,-0.00798
2025-05-19T11:45:00,0.7055,0.2361,531.2,52.0,18.8,-0.00086,-0.00886
2025-05-19T12:00:00,0.7993,0.3594,601.9,39.9,18.8,-0.01166,-0.01966
2025-05-19T12:15:00,0.7598,0.3251,588.6,41.9,18.2,-0.00114,-0.00914
2025-05-19T12:30:00,0.7889,0.2652,570.4,44.8,20.6,-0.00649,-0.01449
2025-05-19T12:45:00,0.8007,0.2801,613.6,36.3,19.5,0.00396,-0.00404
2025-05-19T13:00:00,0.8693,0.2332,642.3,29.6,18.4,-0.01004,-0.01804
2025-05-19T13:15:00,0.8503,0.3608,600.8,37.2,19.9,-0.01134,-0.01934
2025-05-19T13:30:00,0.7325,0.3039,529.4,47.4,20.4,-0.01146,-0.01946
2025-05-19T13:45:00,0.6654,0.2541,500.7,44.4,19.9,-0.00025,-0.00825
2025-05-19T14:00:00,0.8102,0.348,604.2,31.9,21.4,-0.01117,-0.01917
2025-05-19T14:15:00,0.6656,0.1861,484.1,49.4,19.8,0.00623,-0.00177
2025-05-19T14:30:00,0.7383,0.3254,566.6,33.0,20.7,0.00789,-0.00011
2025-05-19T14:45:00,0.6646,0.3414,481.5,39.6,19.2,0.00865,0.00065
2025-05-19T15:00:00,0.6915,0.3075,501.2,38.2,20.3,0.01181,0.00381
2025-05-19T15:15:00,0.6966,0.3376,491.6,35.9,21.3,0.02866,0.02066
2025-05-19T15:30:00,0.5762,0.3836,422.3,42.6,20.3,0.03921,0.03121
2025-05-19T15:45:00,0.5766,0.4034,422.4,40.4,19.3,0.03226,0.02426
2025-05-19T16:00:00,0.4594,0.3118,356.8,48.6,21.6,0.04413,0.03613
2025-05-19T16:15:00,0.5477,0.4435,399.7,28.6,19.2,0.05755,0.04955
2025-05-19T16:30:00,0.4806,0.3966,343.3,41.4,19.3,0.05083,0.04283
2025-05-19T16:45:00,0.4256,0.439,311.8,42.3,19.0,0.05986,0.05186
2025-05-19T17:00:00,0.3649,0.5528,269.5,40.9,19.2,0.06152,0.05352
2025-05-19T17:15:00,0.3469,0.565,258.9,37.6,18.6,0.07497,0.06697
2025-05-19T17:30:00,0.3024,0.7117,227.0,43.1,20.5,0.08282,0.07482
2025-05-19T17:45:00,0.3165,0.7943,232.1,28.4,19.5,0.08838,0.08038
2025-05-19T18:00:00,0.2282,0.8868,175.4,44.4,20.5,0.09383,0.08583
2025-05-19T18:15:00,0.1851,0.8846,133.4,36.6,19.1,0.09589,0.08789
2025-05-19T18:30:00,0.1784,1.0414,132.4,36.0,18.2,0.10343,0.09543
2025-05-19T18:45:00,0.0942,1.1512,68.3,53.5,18.8,0.11075,0.10275
2025-05-19T19:00:00,0.095,1.2203,70.4,43.8,17.7,0.12399,0.11599
2025-05-19T19:15:00,0.0638,1.3094,47.0,34.9,17.8,0.12006,0.11206
2025-05-19T19:30:00,0.0,1.2779,0.0,38.9,16.8,0.1192,0.1112
2025-05-19T19:45:00,0.0,1.1227,0.0,39.7,15.7,0.12734,0.11934
2025-05-19T20:00:00,0.0231,1.1567,16.5,42.0,16.3,0.12488,0.11688
2025-05-19T20:15:00,0.0048,1.1174,3.5,49.8,15.5,0.11413,0.10613
2025-05-19T20:30:00,0.0,0.9565,0.0,35.0,15.5,0.11056,0.10256
2025-05-19T20:45:00,0.0,0.9188,0.0,40.0,15.4,0.11284,0.10484
2025-05-19T21:00:00,0.0,0.7868,0.0,51.6,15.0,0.10565,0.09765
2025-05-19T21:15:00,0.0067,0.7437,4.9,42.0,15.1,0.09316,0.08516
2025-05-19T21:30:00,0.0,0.7777,0.0,41.0,14.4,0.0938,0.0858
2025-05-19T21:45:00,0.0,0.6107,0.0,35.7,14.5,0.08713,0.07913
2025-05-19T22:00:00,0.0028,0.482,2.0,41.6,13.3,0.08904,0.08104
2025-05-19T22:15:00,0.0412,0.3922,31.1,33.9,14.3,0.07373,0.06573
2025-05-19T22:30:00,0.0043,0.4054,3.2,46.5,13.7,0.08038,0.07238
2025-05-19T22:45:00,0.0275,0.5417,20.2,47.3,12.7,0.07509,0.06709
2025-05-19T23:00:00,0.0173,0.3558,12.5,44.4,11.3,0.06472,0.05672
2025-05-19T23:15:00,0.0075,0.3448,5.3,41.3,11.7,0.07487,0.06687
2025-05-19T23:30:00,0.0229,0.5183,16.8,37.7,12.7,0.07283,0.06483
2025-05-19T23:45:00,0.0,0.3697,0.0,40.9,12.1,0.05922,0.05122
2025-05-20T00:00:00,0.0025,0.3001,1.8,56.0,10.4,0.07633,0.06833
2025-05-20T00:15:00,0.0212,0.3172,16.0,26.0,12.6,0.05844,0.05044
2025-05-20T00:30:00,0.0283,0.2534,20.8,30.3,12.8,0.05974,0.05174
2025-05-20T00:45:00,0.0,0.3827,0.0,31.4,11.9,0.06315,0.05515
2025-05-20T01:00:00,0.0101,0.3218,7.4,35.8,12.1,0.06941,0.06141
2025-05-20T01:15:00,0.0057,0.2503,4.2,32.4,10.2,0.06834,0.06034
2025-05-20T01:30:00,0.0218,0.2556,16.0,39.7,8.6,0.06446,0.05646
2025-05-20T01:45:00,0.0066,0.2853,5.0,28.7,9.8,0.07283,0.06483
2025-05-20T02:00:00,0.0125,0.2607,8.6,36.1,10.8,0.06732,0.05932
2025-05-20T02:15:00,0.0,0.3412,0.0,40.1,11.3,0.073,0.065
2025-05-20T02:30:00,0.0,0.2035,0.0,34.1,9.9,0.08116,0.07316
2025-05-20T02:45:00,0.0,0.4061,0.0,25.2,11.0,0.06612,0.05812
2025-05-20T03:00:00,0.0,0.3901,0.0,34.6,10.2,0.05025,0.04225
2025-05-20T03:15:00,0.0035,0.1963,2.6,41.7,11.3,0.06246,0.05446
2025-05-20T03:30:00,0.0,0.2535,0.0,38.4,12.3,0.05893,0.05093
2025-05-20T03:45:00,0.0,0.3383,0.0,30.3,10.4,0.06574,0.05774
2025-05-20T04:00:00,0.0151,0.3738,11.5,37.3,10.9,0.06594,0.05794
2025-05-20T04:15:00,0.0278,0.3995,21.0,32.5,11.2,0.05862,0.05062
2025-05-20T04:30:00,0.0192,0.3461,14.1,37.1,12.2,0.05953,0.05153
2025-05-20T04:45:00,0.0412,0.3725,32.2,43.6,11.7,0.0654,0.0574
2025-05-20T05:00:00,0.1038,0.3209,71.3,37.6,12.1,0.06693,0.05893
2025-05-20T05:15:00,0.1539,0.447,110.2,32.3,12.6,0.05467,0.04667
2025-05-20T05:30:00,0.1521,0.4137,110.9,37.3,11.0,0.07751,0.06951
2025-05-20T05:45:00,0.2081,0.4952,148.8,37.5,11.8,0.07498,0.06698
2025-05-20T06:00:00,0.238,0.5368,174.0,40.3,10.9,0.07834,0.07034
2025-05-20T06:15:00,0.3257,0.6545,239.9,38.1,12.1,0.08435,0.07635
2025-05-20T06:30:00,0.3442,0.8054,249.8,38.8,12.7,0.08144,0.07344
2025-05-20T06:45:00,0.4159,0.8059,304.7,28.8,13.5,0.09198,0.08398
2025-05-20T07:00:00,0.4575,0.7635,325.7,31.5,12.6,0.10301,0.09501
2025-05-20T07:15:00,0.4642,0.9252,341.3,29.7,14.5,0.10734,0.09934
2025-05-20T07:30:00,0.4809,0.9299,341.6,41.6,14.8,0.10681,0.09881
2025-05-20T07:45:00,0.5965,0.781,416.6,31.7,13.8,0.10405,0.09605
2025-05-20T08:00:00,0.6605,0.7832,475.9,23.7,15.0,0.10066,0.09266
2025-05-20T08:15:00,0.6393,0.8268,468.1,27.6,15.3,0.11094,0.10294
2025-05-20T08:30:00,0.6297,0.6725,480.7,34.0,13.8,0.10236,0.09436
2025-05-20T08:45:00,0.5538,0.6185,414.4,49.2,14.1,0.09128,0.08328
2025-05-20T09:00:00,0.6691,0.6395,508.7,32.9,14.4,0.07427,0.06627
2025-05-20T09:15:00,0.7608,0.5541,561.4,29.2,16.8,0.07413,0.06613
2025-05-20T09:30:00,0.821,0.5292,586.5,28.8,16.2,0.05983,0.05183
2025-05-20T09:45:00,0.6333,0.3549,490.4,49.4,16.6,0.07011,0.06211
2025-05-20T10:00:00,0.7805,0.4842,567.5,38.1,16.6,0.05599,0.04799
2025-05-20T10:15:00,0.8236,0.2061,639.3,31.3,18.5,0.04301,0.03501
2025-05-20T10:30:00,0.7271,0.3552,542.2,42.6,17.2,0.03873,0.03073
2025-05-20T10:45:00,0.8101,0.3442,583.3,40.3,16.2,0.04908,0.04108
2025-05-20T11:00:00,0.7989,0.2707,597.5,35.9,17.2,0.03519,0.02719
2025-05-20T11:15:00,0.7843,0.2193,554.8,39.3,19.1,0.01501,0.00701
2025-05-20T11:30:00,0.9039,0.3011,661.2,29.7,18.7,0.01746,0.00946
2025-05-20T11:45:00,0.8683,0.3477,642.9,33.5,18.3,0.00699,-0.00101
2025-05-20T12:00:00,0.8301,0.2524,610.6,36.7,19.0,0.00071,-0.00729
2025-05-20T12:15:00,0.8496,0.3232,627.0,36.0,20.3,0.00912,0.00112
2025-05-20T12:30:00,0.8601,0.317,626.5,34.9,21.3,0.02028,0.01228
2025-05-20T12:45:00,0.7534,0.2795,576.6,44.7,19.1,0.01407,0.00607
2025-05-20T13:00:00,0.7632,0.2589,563.5,45.2,19.4,0.00477,-0.00323
2025-05-20T13:15:00,0.834,0.381,627.5,35.2,20.3,0.00269,-0.00531
2025-05-20T13:30:00,0.8022,0.2409,588.0,32.4,20.9,0.00725,-0.00075
2025-05-20T13:45:00,0.7918,0.3594,596.3,36.4,20.5,0.01406,0.00606
2025-05-20T14:00:00,0.7436,0.2517,545.5,42.0,20.1,0.00198,-0.00602
2025-05-20T14:15:00,0.7687,0.2929,534.9,35.0,19.3,0.00277,-0.00523
2025-05-20T14:30:00,0.6616,0.3082,458.6,48.4,19.5,0.02854,0.02054
2025-05-20T14:45:00,0.6195,0.3908,460.3,48.3,18.4,0.02326,0.01526
2025-05-20T15:00:00,0.7585,0.2805,556.1,20.6,20.8,0.03556,0.02756
2025-05-20T15:15:00,0.6445,0.3672,463.6,40.9,19.9,0.03228,0.02428
2025-05-20T15:30:00,0.5554,0.291,414.5,40.9,20.0,0.0446,0.0366
2025-05-20T15:45:00,0.6097,0.4272,447.6,42.6,19.6,0.03753,0.02953
2025-05-20T16:00:00,0.5893,0.3044,441.3,29.6,20.8,0.04953,0.04153
2025-05-20T16:15:00,0.5231,0.4495,376.1,40.6,21.4,0.06145,0.05345
2025-05-20T16:30:00,0.4324,0.4954,327.2,47.6,18.9,0.0643,0.0563
2025-05-20T16:45:00,0.4925,0.3989,340.4,34.5,19.9,0.06182,0.05382
2025-05-20T17:00:00,0.3856,0.5982,292.2,43.4,19.8,0.0764,0.0684
2025-05-20T17:15:00,0.3951,0.5458,290.4,36.4,19.1,0.07402,0.06602
2025-05-20T17:30:00,0.3697,0.6305,260.0,28.9,19.0,0.07656,0.06856
2025-05-20T17:45:00,0.2612,0.6947,189.5,33.0,19.4,0.0952,0.0872
2025-05-20T18:00:00,0.2655,0.7949,209.9,32.0,20.0,0.10737,0.09937
2025-05-20T18:15:00,0.1837,0.9256,132.0,39.7,18.9,0.11074,0.10274
2025-05-20T18:30:00,0.1554,1.0706,114.0,37.8,18.9,0.10424,0.09624
2025-05-20T18:45:00,0.1205,1.2224,87.1,31.0,18.9,0.12192,0.11392
2025-05-20T19:00:00,0.1429,1.1685,110.8,33.0,18.4,0.1247,0.1167
2025-05-20T19:15:00,0.0769,1.1178,52.7,32.9,17.9,0.12047,0.11247
2025-05-20T19:30:00,0.0109,1.2584,8.4,35.2,16.9,0.10948,0.10148
2025-05-20T19:45:00,0.0,1.101,0.0,45.4,18.1,0.12975,0.12175
2025-05-20T20:00:00,0.0165,1.1923,12.5,31.3,17.0,0.12702,0.11902
2025-05-20T20:15:00,0.0027,1.0612,2.1,44.4,16.2,0.12145,0.11345
2025-05-20T20:30:00,0.0055,0.9884,3.9,33.0,16.8,0.10389,0.09589
2025-05-20T20:45:00,0.0,0.8664,0.0,41.5,15.6,0.10024,0.09224
2025-05-20T21:00:00,0.0,0.9146,0.0,35.2,15.8,0.1096,0.1016
2025-05-20T21:15:00,0.001,0.7835,0.7,28.8,15.1,0.10271,0.09471
2025-05-20T21:30:00,0.0,0.6823,0.0,33.0,14.0,0.09538,0.08738
2025-05-20T21:45:00,0.032,0.4951,23.9,36.1,15.9,0.08583,0.07783
2025-05-20T22:00:00,0.0242,0.5003,18.0,46.9,14.2,0.08503,0.07703
2025-05-20T22:15:00,0.0003,0.4377,0.2,47.9,14.2,0.07546,0.06746
2025-05-20T22:30:00,0.0049,0.5113,3.6,39.7,12.8,0.07348,0.06548
2025-05-20T22:45:00,0.0389,0.4941,29.0,38.1,13.6,0.06746,0.05946
2025-05-20T23:00:00,0.0056,0.4375,4.1,34.4,12.9,0.07202,0.06402
2025-05-20T23:15:00,0.0,0.4526,0.0,35.9,13.4,0.06635,0.05835
2025-05-20T23:30:00,0.0,0.4212,0.0,34.2,12.6,0.07331,0.06531
2025-05-20T23:45:00,0.0302,0.3107,22.6,26.7,14.0,0.07106,0.06306
2025-05-21T00:00:00,0.0536,0.3325,39.4,34.6,12.3,0.06016,0.05216
2025-05-21T00:15:00,0.0074,0.2223,5.3,36.0,12.3,0.07596,0.06796
2025-05-21T00:30:00,0.0097,0.3668,7.0,35.3,10.7,0.0583,0.0503
2025-05-21T00:45:00,0.0,0.3696,0.0,43.1,10.1,0.06769,0.05969
2025-05-21T01:00:00,0.0,0.2461,0.0,38.3,12.0,0.07147,0.06347
2025-05-21T01:15:00,0.0,0.3821,0.0,47.7,10.3,0.07265,0.06465
2025-05-21T01:30:00,0.0,0.3138,0.0,31.3,10.5,0.05182,0.04382
2025-05-21T01:45:00,0.0,0.2074,0.0,37.8,11.5,0.07098,0.06298
2025-05-21T02:00:00,0.0,0.3209,0.0,51.9,10.2,0.07229,0.06429
2025-05-21T02:15:00,0.0,0.3799,0.0,35.0,9.2,0.0736,0.0656
2025-05-21T02:30:00,0.0,0.2915,0.0,49.1,11.5,0.0517,0.0437
2025-05-21T02:45:00,0.0176,0.3287,13.5,38.8,11.5,0.06097,0.05297
2025-05-21T03:00:00,0.0293,0.3514,21.5,35.4,11.8,0.06443,0.05643
2025-05-21T03:15:00,0.0023,0.3032,1.6,36.9,9.7,0.06239,0.05439
2025-05-21T03:30:00,0.0,0.2961,0.0,48.2,10.3,0.07313,0.06513
2025-05-21T03:45:00,0.0,0.2321,0.0,35.2,11.6,0.06114,0.05314
2025-05-21T04:00:00,0.0237,0.3536,18.0,39.6,10.7,0.07274,0.06474
2025-05-21T04:15:00,0.0,0.3493,0.0,45.4,10.0,0.06904,0.06104
2025-05-21T04:30:00,0.0609,0.45,47.2,17.8,12.6,0.05746,0.04946
2025-05-21T04:45:00,0.0545,0.3964,39.7,30.3,11.4,0.06099,0.05299
2025-05-21T05:00:00,0.132,0.3746,101.8,32.1,12.9,0.06526,0.05726
2025-05-21T05:15:00,0.147,0.3388,107.2,40.0,11.2,0.07027,0.06227
2025-05-21T05:30:00,0.1631,0.34,119.9,30.4,11.3,0.07787,0.06987
2025-05-21T05:45:00,0.2472,0.4851,179.1,37.7,11.3,0.07373,0.06573
2025-05-21T06:00:00,0.2801,0.5421,212.6,40.9,13.5,0.08389,0.07589
2025-05-21T06:15:00,0.2869,0.6788,216.6,44.6,10.1,0.07326,0.06526
2025-05-21T06:30:00,0.3246,0.7106,255.4,35.7,12.7,0.06915,0.06115
2025-05-21T06:45:00,0.3628,0.7736,273.8,43.2,13.1,0.09037,0.08237
2025-05-21T07:00:00,0.4097,0.8966,311.9,32.2,12.6,0.09991,0.09191
2025-05-21T07:15:00,0.4157,0.8755,309.4,45.0,14.1,0.09916,0.09116
2025-05-21T07:30:00,0.4381,0.8947,332.9,39.4,13.5,0.09836,0.09036
2025-05-21T07:45:00,0.5214,0.8722,380.1,32.4,12.9,0.10858,0.10058
2025-05-21T08:00:00,0.5094,0.8512,374.2,44.0,13.2,0.11751,0.10951
2025-05-21T08:15:00,0.6176,0.7613,443.3,34.6,14.6,0.1033,0.0953
2025-05-21T08:30:00,0.6298,0.7981,450.0,36.4,15.6,0.09577,0.08777
2025-05-21T08:45:00,0.6849,0.6435,510.5,35.9,14.6,0.08967,0.08167
2025-05-21T09:00:00,0.792,0.5996,565.9,21.5,16.7,0.09992,0.09192
2025-05-21T09:15:00,0.7098,0.5805,511.8,40.1,16.5,0.08046,0.07246
2025-05-21T09:30:00,0.5986,0.4303,462.1,48.9,16.7,0.07656,0.06856
2025-05-21T09:45:00,0.7594,0.3644,535.2,39.6,17.8,0.07236,0.06436
2025-05-21T10:00:00,0.6391,0.4085,483.8,47.4,17.3,0.06392,0.05592
2025-05-21T10:15:00,0.7101,0.4307,523.4,43.6,16.4,0.04479,0.03679
2025-05-21T10:30:00,0.8374,0.4362,590.4,37.1,18.4,0.04949,0.04149
2025-05-21T10:45:00,0.7098,0.3293,529.5,45.7,15.3,0.04284,0.03484
2025-05-21T11:00:00,0.8986,0.4157,640.8,33.4,18.6,0.03533,0.02733
2025-05-21T11:15:00,0.7678,0.2968,575.2,46.9,19.0,0.03366,0.02566
2025-05-21T11:30:00,0.9059,0.3027,677.3,31.9,18.2,0.02001,0.01201
2025-05-21T11:45:00,0.7967,0.3441,565.5,48.7,19.0,0.01928,0.01128
2025-05-21T12:00:00,0.8035,0.2975,595.8,43.3,18.8,0.01352,0.00552
2025-05-21T12:15:00,0.9586,0.2446,682.0,30.6,20.2,0.01878,0.01078
2025-05-21T12:30:00,0.8328,0.2739,585.0,42.4,20.2,0.00854,0.00054
2025-05-21T12:45:00,0.8504,0.4693,612.2,35.0,20.8,0.01374,0.00574
2025-05-21T13:00:00,0.8342,0.3354,602.0,37.2,19.6,0.00445,-0.00355
2025-05-21T13:15:00,0.7219,0.3431,540.6,48.0,19.4,0.01062,0.00262
2025-05-21T13:30:00,0.8125,0.236,608.8,32.5,20.4,0.01023,0.00223
2025-05-21T13:45:00,0.8502,0.2778,621.6,29.6,20.4,0.01343,0.00543
2025-05-21T14:00:00,0.8252,0.2917,597.0,31.2,20.0,0.01723,0.00923
2025-05-21T14:15:00,0.7366,0.3055,565.6,39.0,21.9,0.01819,0.01019
2025-05-21T14:30:00,0.7531,0.3405,561.2,32.3,21.3,0.02131,0.01331
2025-05-21T14:45:00,0.6809,0.2222,499.8,36.3,20.1,0.01393,0.00593
2025-05-21T15:00:00,0.7057,0.3232,504.8,32.6,20.9,0.03704,0.02904
2025-05-21T15:15:00,0.6238,0.3772,460.2,38.0,21.8,0.03099,0.02299
2025-05-21T15:30:00,0.6358,0.3963,482.1,36.9,20.3,0.03784,0.02984
2025-05-21T15:45:00,0.5666,0.1678,415.1,39.7,20.2,0.03915,0.03115
2025-05-21T16:00:00,0.5428,0.4262,409.3,32.2,19.9,0.05515,0.04715
2025-05-21T16:15:00,0.4982,0.3564,373.6,42.5,20.8,0.04905,0.04105
2025-05-21T16:30:00,0.5562,0.3747,404.0,30.3,20.8,0.06313,0.05513
2025-05-21T16:45:00,0.4996,0.5537,342.3,32.4,20.2,0.07313,0.06513
2025-05-21T17:00:00,0.3841,0.6255,264.9,39.5,18.6,0.08223,0.07423
2025-05-21T17:15:00,0.3516,0.57,269.3,41.9,18.8,0.08609,0.07809
2025-05-21T17:30:00,0.3785,0.6699,259.1,37.7,19.6,0.08952,0.08152
2025-05-21T17:45:00,0.252,0.7182,194.4,36.3,18.5,0.08555,0.07755
2025-05-21T18:00:00,0.2457,0.8174,183.1,40.8,19.3,0.10732,0.09932
2025-05-21T18:15:00,0.1791,0.915,134.2,31.6,18.6,0.11322,0.10522
2025-05-21T18:30:00,0.1852,0.9098,130.8,35.3,19.8,0.11702,0.10902
2025-05-21T18:45:00,0.1342,1.0844,100.0,46.1,18.1,0.12181,0.11381
2025-05-21T19:00:00,0.1011,1.2427,72.2,40.0,18.9,0.12131,0.11331
2025-05-21T19:15:00,0.0892,1.1429,66.5,28.4,18.4,0.12025,0.11225
2025-05-21T19:30:00,0.0,1.176,0.0,36.4,17.8,0.13081,0.12281
2025-05-21T19:45:00,0.0,1.1815,0.0,31.4,17.3,0.13144,0.12344
2025-05-21T20:00:00,0.0,1.1455,0.0,36.7,16.3,0.11561,0.10761
2025-05-21T20:15:00,0.0333,1.093,25.0,37.6,16.5,0.12403,0.11603
2025-05-21T20:30:00,0.0,1.0548,0.0,32.4,15.9,0.1157,0.1077
2025-05-21T20:45:00,0.0099,0.9772,7.0,46.8,16.7,0.11446,0.10646
2025-05-21T21:00:00,0.0346,0.8779,24.6,40.5,14.0,0.10528,0.09728
2025-05-21T21:15:00,0.0037,0.7956,2.5,28.5,16.0,0.10465,0.09665
2025-05-21T21:30:00,0.0,0.7296,0.0,31.1,14.8,0.09863,0.09063
2025-05-21T21:45:00,0.0,0.6871,0.0,42.0,13.5,0.09267,0.08467
2025-05-21T22:00:00,0.0,0.5211,0.0,34.4,14.5,0.07451,0.06651
2025-05-21T22:15:00,0.0151,0.4135,11.6,37.5,13.5,0.08368,0.07568
2025-05-21T22:30:00,0.0,0.5049,0.0,35.6,15.4,0.07571,0.06771
2025-05-21T22:45:00,0.0118,0.3418,8.6,33.3,14.0,0.06597,0.05797
2025-05-21T23:00:00,0.0146,0.3254,11.1,31.9,13.6,0.07479,0.06679
2025-05-21T23:15:00,0.0,0.3883,0.0,33.5,12.6,0.06076,0.05276
2025-05-21T23:30:00,0.0,0.2912,0.0,34.9,11.9,0.07307,0.06507
2025-05-21T23:45:00,0.0,0.3087,0.0,40.7,11.3,0.07697,0.06897
2025-05-22T00:00:00,0.0255,0.3637,19.5,29.4,11.6,0.06209,0.05409
2025-05-22T00:15:00,0.0266,0.3399,19.5,21.6,10.9,0.07059,0.06259
2025-05-22T00:30:00,0.0252,0.398,18.6,26.7,12.0,0.06779,0.05979
2025-05-22T00:45:00,0.0,0.3493,0.0,24.9,12.6,0.06899,0.06099
2025-05-22T01:00:00,0.0,0.2466,0.0,24.3,11.5,0.05704,0.04904
2025-05-22T01:15:00,0.005,0.4029,3.5,31.3,10.9,0.06875,0.06075
2025-05-22T01:30:00,0.0029,0.3687,2.1,28.0,12.4,0.06591,0.05791
2025-05-22T01:45:00,0.0,0.2211,0.0,28.5,11.4,0.06953,0.06153
2025-05-22T02:00:00,0.0252,0.2859,19.0,40.9,11.8,0.06518,0.05718
2025-05-22T02:15:00,0.0407,0.3115,29.2,20.6,11.9,0.07166,0.06366
2025-05-22T02:30:00,0.0012,0.4322,0.9,30.7,11.4,0.06677,0.05877
2025-05-22T02:45:00,0.0202,0.3257,14.7,16.9,10.4,0.06919,0.06119
2025-05-22T03:00:00,0.0055,0.3357,4.3,39.0,10.1,0.07331,0.06531
2025-05-22T03:15:00,0.0,0.3805,0.0,22.8,12.5,0.06628,0.05828
2025-05-22T03:30:00,0.0019,0.3457,1.4,28.7,10.4,0.07117,0.06317
2025-05-22T03:45:00,0.0,0.313,0.0,38.2,10.2,0.06671,0.05871
2025-05-22T04:00:00,0.0,0.3532,0.0,30.9,10.9,0.06864,0.06064
2025-05-22T04:15:00,0.0,0.3536,0.0,18.7,12.1,0.06271,0.05471
2025-05-22T04:30:00,0.0501,0.3875,36.5,23.9,12.0,0.07093,0.06293
2025-05-22T04:45:00,0.0872,0.3416,63.9,32.9,12.3,0.07437,0.06637
2025-05-22T05:00:00,0.1099,0.3947,81.5,27.8,12.6,0.06774,0.05974
2025-05-22T05:15:00,0.1406,0.4635,109.7,21.9,11.1,0.07457,0.06657
2025-05-22T05:30:00,0.2266,0.3911,171.9,23.9,13.3,0.07462,0.06662
2025-05-22T05:45:00,0.2201,0.4345,160.1,26.0,11.8,0.06842,0.06042
2025-05-22T06:00:00,0.2933,0.6718,229.6,29.9,12.3,0.08067,0.07267
2025-05-22T06:15:00,0.3359,0.4822,238.2,34.4,11.4,0.09065,0.08265
2025-05-22T06:30:00,0.3793,0.7552,271.8,35.7,13.2,0.08467,0.07667
2025-05-22T06:45:00,0.419,0.7008,320.3,28.3,13.7,0.08192,0.07392
2025-05-22T07:00:00,0.4665,0.8506,334.1,29.9,14.7,0.09843,0.09043
2025-05-22T07:15:00,0.5077,0.8918,377.2,23.1,13.7,0.09752,0.08952
2025-05-22T07:30:00,0.5503,0.8087,385.7,30.4,13.8,0.11559,0.10759
2025-05-22T07:45:00,0.5455,0.8366,409.3,30.4,15.4,0.10566,0.09766
2025-05-22T08:00:00,0.5856,0.7988,415.6,35.5,14.6,0.10566,0.09766
2025-05-22T08:15:00,0.609,0.7532,466.5,27.0,15.5,0.09985,0.09185
2025-05-22T08:30:00,0.5766,0.7247,439.4,34.8,14.4,0.1011,0.0931
2025-05-22T08:45:00,0.6442,0.662,508.2,35.4,14.7,0.09073,0.08273
2025-05-22T09:00:00,0.7604,0.5817,555.8,22.1,17.2,0.08191,0.07391
2025-05-22T09:15:00,0.7288,0.5,556.5,29.8,15.7,0.07921,0.07121
2025-05-22T09:30:00,0.7835,0.4747,551.8,33.2,17.6,0.0667,0.0587
2025-05-22T09:45:00,0.8035,0.4847,620.8,27.6,17.5,0.07113,0.06313
2025-05-22T10:00:00,0.8449,0.3246,608.1,29.6,18.7,0.04854,0.04054
2025-05-22T10:15:00,0.7924,0.4622,571.1,36.5,18.7,0.0475,0.0395
2025-05-22T10:30:00,0.9318,0.3795,701.1,21.1,18.8,0.03693,0.02893
2025-05-22T10:45:00,0.8688,0.3235,640.3,28.9,17.5,0.02648,0.01848
2025-05-22T11:00:00,0.9,0.3426,619.2,34.2,18.3,0.03866,0.03066
2025-05-22T11:15:00,0.8763,0.3188,653.6,30.2,17.9,0.01129,0.00329
2025-05-22T11:30:00,1.0096,0.1574,719.5,21.3,20.2,0.02766,0.01966
2025-05-22T11:45:00,0.9501,0.2515,680.0,28.2,20.8,0.00679,-0.00121
2025-05-22T12:00:00,0.8784,0.2287,639.2,37.2,19.6,0.0123,0.0043
2025-05-22T12:15:00,0.8603,0.3474,672.1,32.3,19.9,0.02243,0.01443
2025-05-22T12:30:00,0.8593,0.3458,642.6,34.7,20.6,-0.00538,-0.01338
2025-05-22T12:45:00,0.9715,0.4099,707.8,20.8,21.7,-0.00212,-0.01012
2025-05-22T13:00:00,0.8449,0.3822,601.9,36.8,19.2,0.01328,0.00528
2025-05-22T13:15:00,0.813,0.3561,612.3,35.2,20.4,0.00696,-0.00104
2025-05-22T13:30:00,0.7711,0.3646,602.9,37.0,20.4,0.00388,-0.00412
2025-05-22T13:45:00,0.721,0.2951,559.5,36.7,20.0,0.00879,0.00079
2025-05-22T14:00:00,0.7086,0.3116,521.2,47.1,21.4,0.00586,-0.00214
2025-05-22T14:15:00,0.8723,0.3668,659.5,23.9,20.1,0.01541,0.00741
2025-05-22T14:30:00,0.7879,0.4048,568.1,32.5,20.1,0.02714,0.01914
2025-05-22T14:45:00,0.6874,0.3111,498.4,32.4,21.5,0.02018,0.01218
2025-05-22T15:00:00,0.7165,0.2929,533.1,28.8,19.9,0.02769,0.01969
2025-05-22T15:15:00,0.7024,0.358,542.1,20.9,20.5,0.03867,0.03067
2025-05-22T15:30:00,0.6445,0.3853,474.1,28.7,20.4,0.04824,0.04024
2025-05-22T15:45:00,0.7564,0.3032,550.4,17.9,21.8,0.03827,0.03027
2025-05-22T16:00:00,0.7093,0.2561,521.8,13.0,23.6,0.0489,0.0409
2025-05-22T16:15:00,0.5802,0.3509,418.1,30.4,21.1,0.04948,0.04148
2025-05-22T16:30:00,0.5052,0.4487,379.4,40.3,20.4,0.05493,0.04693
2025-05-22T16:45:00,0.5555,0.5043,400.2,16.8,19.7,0.06259,0.05459
2025-05-22T17:00:00,0.5184,0.5392,373.4,20.1,20.6,0.06776,0.05976
2025-05-22T17:15:00,0.4267,0.6962,314.9,26.5,21.0,0.06812,0.06012
2025-05-22T17:30:00,0.4148,0.5624,306.0,23.7,19.5,0.07361,0.06561
2025-05-22T17:45:00,0.3004,0.7078,225.7,32.9,19.5,0.0881,0.0801
2025-05-22T18:00:00,0.3055,0.8747,227.8,26.9,20.4,0.10014,0.09214
2025-05-22T18:15:00,0.2585,1.023,195.2,29.0,18.2,0.11311,0.10511
2025-05-22T18:30:00,0.1728,0.925,122.6,31.5,16.8,0.10883,0.10083
2025-05-22T18:45:00,0.1907,1.2322,139.7,19.0,19.1,0.11602,0.10802
2025-05-22T19:00:00,0.0944,1.1472,72.3,29.5,17.9,0.12479,0.11679
2025-05-22T19:15:00,0.0789,1.1538,58.4,21.6,18.7,0.12778,0.11978
2025-05-22T19:30:00,0.0376,1.1568,26.6,28.7,17.8,0.12378,0.11578
2025-05-22T19:45:00,0.0141,1.2499,9.9,29.4,17.0,0.12363,0.11563
2025-05-22T20:00:00,0.0231,1.3264,16.3,31.9,16.1,0.13298,0.12498
2025-05-22T20:15:00,0.0,1.0925,0.0,24.2,16.4,0.11674,0.10874
2025-05-22T20:30:00,0.0,1.1311,0.0,25.9,18.1,0.11151,0.10351
2025-05-22T20:45:00,0.03,0.9258,23.0,30.6,16.2,0.09975,0.09175
2025-05-22T21:00:00,0.0,0.9062,0.0,28.8,15.9,0.10634,0.09834
2025-05-22T21:15:00,0.027,0.8252,18.7,45.0,15.2,0.0966,0.0886
2025-05-22T21:30:00,0.0,0.6815,0.0,16.3,16.7,0.10387,0.09587
2025-05-22T21:45:00,0.0,0.5372,0.0,30.8,15.7,0.08554,0.07754
2025-05-22T22:00:00,0.0,0.5265,0.0,30.6,14.8,0.08767,0.07967
2025-05-22T22:15:00,0.0156,0.384,11.4,33.4,14.1,0.08438,0.07638
2025-05-22T22:30:00,0.0,0.4125,0.0,25.4,14.8,0.08523,0.07723
2025-05-22T22:45:00,0.0226,0.5127,17.2,30.7,13.5,0.06514,0.05714
2025-05-22T23:00:00,0.0,0.4019,0.0,28.6,13.9,0.07989,0.07189
2025-05-22T23:15:00,0.0265,0.3273,19.4,22.3,13.3,0.06914,0.06114
2025-05-22T23:30:00,0.0308,0.2971,22.0,37.4,11.6,0.06723,0.05923
2025-05-22T23:45:00,0.012,0.3013,8.7,30.5,12.7,0.06515,0.05715
2025-05-23T00:00:00,0.0,0.1957,0.0,33.9,13.2,0.06289,0.05489
2025-05-23T00:15:00,0.0,0.3285,0.0,31.9,10.3,0.06319,0.05519
2025-05-23T00:30:00,0.0,0.2841,0.0,35.2,13.1,0.05151,0.04351
2025-05-23T00:45:00,0.0,0.3258,0.0,36.7,10.5,0.06821,0.06021
2025-05-23T01:00:00,0.0261,0.3412,19.5,32.9,11.9,0.06558,0.05758
2025-05-23T01:15:00,0.0036,0.2649,2.5,32.1,12.9,0.05963,0.05163
2025-05-23T01:30:00,0.0,0.4132,0.0,33.6,12.5,0.06484,0.05684
2025-05-23T01:45:00,0.0,0.312,0.0,36.6,11.0,0.0787,0.0707
2025-05-23T02:00:00,0.0133,0.2082,9.6,39.2,10.8,0.06744,0.05944
2025-05-23T02:15:00,0.0,0.3861,0.0,37.9,10.8,0.06294,0.05494
2025-05-23T02:30:00,0.0,0.304,0.0,19.9,13.8,0.07525,0.06725
2025-05-23T02:45:00,0.0,0.2317,0.0,20.6,12.3,0.06055,0.05255
2025-05-23T03:00:00,0.0183,0.36,14.2,25.7,12.7,0.06433,0.05633
2025-05-23T03:15:00,0.0,0.3177,0.0,28.3,12.1,0.06202,0.05402
2025-05-23T03:30:00,0.0303,0.3496,23.2,33.9,10.9,0.06393,0.05593
2025-05-23T03:45:00,0.0,0.2402,0.0,33.3,10.2,0.0697,0.0617
2025-05-23T04:00:00,0.0,0.2897,0.0,24.2,12.8,0.06899,0.06099
2025-05-23T04:15:00,0.0049,0.3206,3.7,35.9,11.1,0.0616,0.0536
2025-05-23T04:30:00,0.0657,0.294,49.0,29.5,11.5,0.06562,0.05762
2025-05-23T04:45:00,0.0826,0.3711,61.9,20.1,10.6,0.06763,0.05963
2025-05-23T05:00:00,0.1011,0.4179,77.2,27.4,10.5,0.06587,0.05787
2025-05-23T05:15:00,0.1832,0.4486,128.4,19.8,12.8,0.06968,0.06168
2025-05-23T05:30:00,0.1703,0.518,129.3,33.1,11.3,0.06789,0.05989
2025-05-23T05:45:00,0.268,0.5087,190.2,31.1,13.1,0.07071,0.06271
2025-05-23T06:00:00,0.2723,0.5391,192.1,30.7,13.1,0.07888,0.07088
2025-05-23T06:15:00,0.3149,0.605,225.2,32.1,11.9,0.07683,0.06883
2025-05-23T06:30:00,0.3942,0.6593,294.2,27.0,14.2,0.09006,0.08206
2025-05-23T06:45:00,0.4071,0.7472,307.1,28.2,14.7,0.09141,0.08341
2025-05-23T07:00:00,0.4523,0.8927,347.0,21.9,13.8,0.09192,0.08392
2025-05-23T07:15:00,0.4238,0.817,324.6,32.4,14.2,0.09786,0.08986
2025-05-23T07:30:00,0.5645,0.9652,432.9,21.2,14.5,0.10172,0.09372
2025-05-23T07:45:00,0.5851,0.8252,438.4,27.2,14.6,0.10517,0.09717
2025-05-23T08:00:00,0.6535,0.7753,478.4,24.5,14.8,0.10661,0.09861
2025-05-23T08:15:00,0.6674,0.7491,478.1,32.0,13.9,0.10268,0.09468
2025-05-23T08:30:00,0.6316,0.6335,484.0,34.5,17.1,0.09497,0.08697
2025-05-23T08:45:00,0.8138,0.5335,582.8,19.0,18.0,0.10296,0.09496
2025-05-23T09:00:00,0.6929,0.4924,525.6,32.5,15.7,0.09319,0.08519
2025-05-23T09:15:00,0.9268,0.5604,633.4,19.9,15.8,0.08103,0.07303
2025-05-23T09:30:00,0.9212,0.5074,651.5,19.0,18.0,0.07801,0.07001
2025-05-23T09:45:00,0.8341,0.2773,577.3,35.4,16.1,0.06641,0.05841
2025-05-23T10:00:00,0.836,0.4242,608.1,29.7,16.7,0.05528,0.04728
2025-05-23T10:15:00,0.7876,0.339,596.0,32.3,17.5,0.05002,0.04202
2025-05-23T10:30:00,0.7534,0.3288,582.2,38.9,17.5,0.05834,0.05034
2025-05-23T10:45:00,0.8189,0.3672,599.8,34.9,18.4,0.04246,0.03446
2025-05-23T11:00:00,0.8037,0.3681,621.6,37.2,17.7,0.03722,0.02922
2025-05-23T11:15:00,0.8667,0.3636,624.9,35.3,19.3,0.0239,0.0159
2025-05-23T11:30:00,0.96,0.3113,691.9,24.1,20.6,0.02534,0.01734
2025-05-23T11:45:00,0.8963,0.2294,677.5,28.9,18.4,0.03122,0.02322
2025-05-23T12:00:00,1.0076,0.3583,716.3,26.9,20.2,0.01738,0.00938
2025-05-23T12:15:00,0.8801,0.1898,645.3,29.9,20.5,0.01862,0.01062
2025-05-23T12:30:00,0.9207,0.3323,670.6,32.6,19.6,0.01786,0.00986
2025-05-23T12:45:00,0.8796,0.2532,634.8,33.3,18.9,0.01316,0.00516
2025-05-23T13:00:00,0.9838,0.1986,743.2,18.4,20.6,0.0182,0.0102
2025-05-23T13:15:00,0.8521,0.3156,628.3,29.4,21.9,0.01072,0.00272
2025-05-23T13:30:00,0.833,0.2883,633.3,26.4,19.7,0.01336,0.00536
2025-05-23T13:45:00,0.9158,0.2293,663.4,26.2,21.3,0.00859,0.00059
2025-05-23T14:00:00,0.7732,0.3155,583.7,32.8,21.5,0.03002,0.02202
2025-05-23T14:15:00,0.8672,0.2596,612.9,29.6,20.3,0.0194,0.0114
2025-05-23T14:30:00,0.8226,0.3225,586.4,26.0,20.7,0.02173,0.01373
2025-05-23T14:45:00,0.7906,0.2313,594.2,24.7,20.9,0.03303,0.02503
2025-05-23T15:00:00,0.7859,0.3283,580.0,20.4,20.9,0.02631,0.01831
2025-05-23T15:15:00,0.7713,0.3404,569.4,19.5,21.6,0.03359,0.02559
2025-05-23T15:30:00,0.7296,0.254,515.0,29.6,19.8,0.03379,0.02579
2025-05-23T15:45:00,0.626,0.418,453.6,33.6,20.0,0.04342,0.03542
2025-05-23T16:00:00,0.5335,0.2664,389.7,37.6,20.7,0.04622,0.03822
2025-05-23T16:15:00,0.574,0.4139,394.5,33.4,20.1,0.05708,0.04908
2025-05-23T16:30:00,0.5232,0.3726,383.3,35.3,20.1,0.05892,0.05092
2025-05-23T16:45:00,0.4589,0.4306,335.2,37.7,19.3,0.06224,0.05424
2025-05-23T17:00:00,0.4233,0.4557,311.4,34.7,19.9,0.0704,0.0624
2025-05-23T17:15:00,0.4093,0.5819,297.2,32.3,19.5,0.0781,0.0701
2025-05-23T17:30:00,0.3765,0.6507,286.8,26.6,20.8,0.08272,0.07472
2025-05-23T17:45:00,0.3022,0.7067,212.8,40.6,19.6,0.09814,0.09014
2025-05-23T18:00:00,0.3254,0.8679,247.1,25.3,20.0,0.10349,0.09549
2025-05-23T18:15:00,0.2485,0.9663,191.8,32.9,19.9,0.10697,0.09897
2025-05-23T18:30:00,0.2078,1.0042,148.5,25.5,20.3,0.10514,0.09714
2025-05-23T18:45:00,0.1509,1.1234,106.8,32.2,18.6,0.12008,0.11208
2025-05-23T19:00:00,0.0863,1.0744,63.3,36.6,18.2,0.11352,0.10552
2025-05-23T19:15:00,0.0927,1.209,69.7,37.0,17.2,0.12452,0.11652
2025-05-23T19:30:00,0.0442,1.2106,34.9,29.5,18.2,0.12473,0.11673
2025-05-23T19:45:00,0.0,1.3538,0.0,28.7,17.5,0.12051,0.11251
2025-05-23T20:00:00,0.0,1.0991,0.0,31.1,18.7,0.11713,0.10913
2025-05-23T20:15:00,0.015,1.1244,10.9,32.4,17.5,0.11464,0.10664
2025-05-23T20:30:00,0.0169,0.9988,12.6,28.3,16.4,0.12626,0.11826
2025-05-23T20:45:00,0.0135,1.0102,9.7,36.6,15.8,0.10773,0.09973
2025-05-23T21:00:00,0.0,0.881,0.0,35.3,16.6,0.10255,0.09455
2025-05-23T21:15:00,0.0041,0.8084,3.0,24.1,17.1,0.10367,0.09567
2025-05-23T21:30:00,0.0,0.7099,0.0,26.9,14.9,0.09503,0.08703
2025-05-23T21:45:00,0.0,0.5095,0.0,33.2,13.7,0.09359,0.08559
2025-05-23T22:00:00,0.0,0.5077,0.0,26.9,13.3,0.07574,0.06774
2025-05-23T22:15:00,0.0,0.4724,0.0,27.4,14.2,0.07254,0.06454
2025-05-23T22:30:00,0.0241,0.4037,18.8,27.2,13.1,0.0948,0.0868
2025-05-23T22:45:00,0.0226,0.3667,16.3,26.6,14.1,0.07254,0.06454
2025-05-23T23:00:00,0.0075,0.5341,5.7,21.7,11.9,0.06896,0.06096
2025-05-23T23:15:00,0.0101,0.315,7.5,27.0,12.3,0.06994,0.06194
2025-05-23T23:30:00,0.0003,0.4007,0.2,34.1,12.9,0.07354,0.06554
2025-05-23T23:45:00,0.0144,0.3424,11.1,45.6,12.3,0.06003,0.05203
2025-05-24T00:00:00,0.0,0.4369,0.0,39.6,12.0,0.0668,0.0588
2025-05-24T00:15:00,0.0115,0.5384,8.6,50.0,10.9,0.065,0.057
2025-05-24T00:30:00,0.0095,0.4495,6.8,46.9,10.3,0.06906,0.06106
2025-05-24T00:45:00,0.0189,0.3733,13.5,49.1,11.0,0.06616,0.05816
2025-05-24T01:00:00,0.0013,0.4551,0.9,50.9,11.4,0.06209,0.05409
2025-05-24T01:15:00,0.0,0.4059,0.0,52.3,10.5,0.06015,0.05215
2025-05-24T01:30:00,0.011,0.5483,8.0,47.9,10.2,0.05106,0.04306
2025-05-24T01:45:00,0.0,0.4806,0.0,57.8,10.8,0.07083,0.06283
2025-05-24T02:00:00,0.0017,0.4428,1.3,60.0,10.7,0.05666,0.04866
2025-05-24T02:15:00,0.0554,0.4727,41.3,52.1,11.2,0.06283,0.05483
2025-05-24T02:30:00,0.0,0.5085,0.0,58.9,10.2,0.07478,0.06678
2025-05-24T02:45:00,0.0,0.3975,0.0,47.2,10.0,0.06275,0.05475
2025-05-24T03:00:00,0.0,0.4449,0.0,50.7,11.1,0.06872,0.06072
2025-05-24T03:15:00,0.0131,0.428,10.0,50.7,9.9,0.06399,0.05599
2025-05-24T03:30:00,0.0507,0.4655,37.3,52.5,11.1,0.06931,0.06131
2025-05-24T03:45:00,0.0182,0.4401,13.4,53.8,11.4,0.06553,0.05753
2025-05-24T04:00:00,0.0,0.5384,0.0,58.4,10.0,0.0626,0.0546
2025-05-24T04:15:00,0.0346,0.4058,26.3,51.9,11.4,0.07364,0.06564
2025-05-24T04:30:00,0.0496,0.5299,35.9,47.6,11.4,0.06479,0.05679
2025-05-24T04:45:00,0.0536,0.4665,41.2,47.8,9.6,0.05936,0.05136
2025-05-24T05:00:00,0.0948,0.4464,65.3,41.4,12.8,0.06633,0.05833
2025-05-24T05:15:00,0.1425,0.5399,110.8,51.2,11.5,0.07297,0.06497
2025-05-24T05:30:00,0.197,0.6045,145.7,49.1,11.4,0.06565,0.05765
2025-05-24T05:45:00,0.2011,0.6093,140.6,55.1,11.0,0.07953,0.07153
2025-05-24T06:00:00,0.2545,0.626,184.6,47.2,11.7,0.08302,0.07502
2025-05-24T06:15:00,0.2391,0.7237,171.1,57.7,12.4,0.09511,0.08711
2025-05-24T06:30:00,0.2753,0.9011,216.0,50.5,12.8,0.08391,0.07591
2025-05-24T06:45:00,0.3196,0.9254,238.3,48.3,12.2,0.09638,0.08838
2025-05-24T07:00:00,0.3441,0.7636,265.4,51.4,13.8,0.08771,0.07971
2025-05-24T07:15:00,0.3926,0.9247,295.6,52.1,13.9,0.0991,0.0911
2025-05-24T07:30:00,0.4545,0.9885,332.7,49.2,13.1,0.10522,0.09722
2025-05-24T07:45:00,0.4419,0.9607,334.9,39.1,14.1,0.10861,0.10061
2025-05-24T08:00:00,0.4505,0.9972,322.5,56.6,10.3,0.10583,0.09783
2025-05-24T08:15:00,0.4743,0.9006,360.9,58.3,13.5,0.10366,0.09566
2025-05-24T08:30:00,0.5545,0.783,407.1,52.5,14.1,0.09687,0.08887
2025-05-24T08:45:00,0.5917,0.738,442.7,45.8,15.9,0.09249,0.08449
2025-05-24T09:00:00,0.5826,0.6351,443.0,49.7,15.7,0.09025,0.08225
2025-05-24T09:15:00,0.5798,0.7042,443.6,52.7,14.9,0.08433,0.07633
2025-05-24T09:30:00,0.6987,0.5811,524.4,38.6,15.9,0.07702,0.06902
2025-05-24T09:45:00,0.8135,0.4878,574.4,37.5,16.3,0.07128,0.06328
2025-05-24T10:00:00,0.5872,0.4338,450.5,55.4,16.7,0.06487,0.05687
2025-05-24T10:15:00,0.6881,0.4481,500.4,51.8,16.8,0.04058,0.03258
2025-05-24T10:30:00,0.6634,0.4643,525.8,48.3,19.6,0.04145,0.03345
2025-05-24T10:45:00,0.6404,0.4669,462.7,58.1,17.2,0.03762,0.02962
2025-05-24T11:00:00,0.7978,0.4292,603.4,42.8,18.9,0.02953,0.02153
2025-05-24T11:15:00,0.7082,0.5293,528.7,48.8,17.5,0.03455,0.02655
2025-05-24T11:30:00,0.7574,0.4043,551.4,47.5,18.3,0.02867,0.02067
2025-05-24T11:45:00,0.7239,0.5057,535.0,48.6,18.9,0.02015,0.01215
2025-05-24T12:00:00,0.766,0.5424,557.7,49.5,17.9,0.01846,0.01046
2025-05-24T12:15:00,0.7174,0.4485,531.2,54.4,19.3,0.02266,0.01466
2025-05-24T12:30:00,0.7671,0.3569,562.1,44.9,19.5,0.01164,0.00364
2025-05-24T12:45:00,0.6919,0.4631,533.5,51.8,19.6,0.01077,0.00277
2025-05-24T13:00:00,0.7916,0.3531,592.0,39.9,20.1,0.01743,0.00943
2025-05-24T13:15:00,0.7404,0.4104,552.1,46.6,20.9,0.01526,0.00726
2025-05-24T13:30:00,0.7345,0.3849,568.5,42.8,19.7,0.02175,0.01375
2025-05-24T13:45:00,0.7356,0.4091,536.6,44.3,21.9,0.01739,0.00939
2025-05-24T14:00:00,0.644,0.4919,471.4,53.3,21.0,0.02184,0.01384
2025-05-24T14:15:00,0.6362,0.4022,486.2,50.4,19.5,0.01721,0.00921
2025-05-24T14:30:00,0.6483,0.5443,479.9,43.7,21.3,0.01821,0.01021
2025-05-24T14:45:00,0.7127,0.427,519.4,41.3,19.6,0.02722,0.01922
2025-05-24T15:00:00,0.5859,0.37,439.5,49.6,19.5,0.01599,0.00799
2025-05-24T15:15:00,0.6477,0.4455,470.4,37.6,22.2,0.03786,0.02986
2025-05-24T15:30:00,0.4677,0.3856,338.4,58.2,20.1,0.04559,0.03759
2025-05-24T15:45:00,0.5253,0.4603,402.2,48.3,20.7,0.04518,0.03718
2025-05-24T16:00:00,0.5771,0.601,414.9,44.4,21.1,0.04846,0.04046
2025-05-24T16:15:00,0.5287,0.6092,373.7,44.9,21.0,0.06124,0.05324
2025-05-24T16:30:00,0.3543,0.472,267.9,57.3,19.9,0.06031,0.05231
2025-05-24T16:45:00,0.4176,0.5298,302.1,45.8,19.9,0.0721,0.0641
2025-05-24T17:00:00,0.3111,0.5736,243.7,52.3,20.5,0.08532,0.07732
2025-05-24T17:15:00,0.3221,0.7047,256.5,47.3,19.6,0.08344,0.07544
2025-05-24T17:30:00,0.3048,0.773,225.2,51.7,19.0,0.09148,0.08348
2025-05-24T17:45:00,0.2292,0.8965,175.2,55.2,19.3,0.09583,0.08783
2025-05-24T18:00:00,0.2229,0.888,160.3,49.2,17.2,0.10126,0.09326
2025-05-24T18:15:00,0.2046,1.0508,143.3,44.9,18.5,0.10789,0.09989
2025-05-24T18:30:00,0.1264,1.0879,94.2,57.5,18.6,0.11257,0.10457
2025-05-24T18:45:00,0.0847,1.1483,63.8,65.7,17.9,0.1234,0.1154
2025-05-24T19:00:00,0.0949,1.3311,68.7,54.3,17.9,0.11175,0.10375
2025-05-24T19:15:00,0.1145,1.2784,82.8,54.0,16.9,0.12196,0.11396
2025-05-24T19:30:00,0.0379,1.4322,27.4,53.0,18.9,0.12826,0.12026
2025-05-24T19:45:00,0.0425,1.2422,32.3,59.3,17.1,0.11911,0.11111
2025-05-24T20:00:00,0.0011,1.3044,0.8,52.4,16.3,0.12136,0.11336
2025-05-24T20:15:00,0.0075,1.2418,5.5,45.3,17.2,0.1147,0.1067
2025-05-24T20:30:00,0.0,1.2464,0.0,52.0,16.4,0.11688,0.10888
2025-05-24T20:45:00,0.0,1.2204,0.0,66.6,14.3,0.11423,0.10623
2025-05-24T21:00:00,0.0,1.1244,0.0,57.9,15.2,0.11209,0.10409
2025-05-24T21:15:00,0.0,0.9604,0.0,51.8,14.3,0.10098,0.09298
2025-05-24T21:30:00,0.0,0.8659,0.0,51.8,15.0,0.08847,0.08047
2025-05-24T21:45:00,0.0,0.7908,0.0,52.9,14.9,0.08891,0.08091
2025-05-24T22:00:00,0.0049,0.7206,3.6,42.4,13.9,0.08611,0.07811
2025-05-24T22:15:00,0.0,0.5471,0.0,42.7,14.2,0.08694,0.07894
2025-05-24T22:30:00,0.0124,0.451,9.2,54.3,12.7,0.0632,0.0552
2025-05-24T22:45:00,0.0,0.4682,0.0,49.3,13.9,0.07491,0.06691
2025-05-24T23:00:00,0.0,0.4319,0.0,49.9,12.7,0.06016,0.05216
2025-05-24T23:15:00,0.0062,0.5169,4.5,38.5,13.2,0.07311,0.06511
2025-05-24T23:30:00,0.0216,0.5175,15.3,49.5,12.3,0.07035,0.06235
2025-05-24T23:45:00,0.0235,0.4444,16.9,46.8,12.1,0.06978,0.06178
2025-05-25T00:00:00,0.0,0.4046,0.0,53.1,11.5,0.07024,0.06224
2025-05-25T00:15:00,0.0,0.4896,0.0,55.7,11.9,0.06737,0.05937
2025-05-25T00:30:00,0.0,0.5092,0.0,48.3,11.7,0.06145,0.05345
2025-05-25T00:45:00,0.0,0.4716,0.0,64.2,10.6,0.06717,0.05917
2025-05-25T01:00:00,0.0278,0.5033,20.6,64.3,10.8,0.07204,0.06404
2025-05-25T01:15:00,0.0096,0.3948,7.2,53.1,10.0,0.06449,0.05649
2025-05-25T01:30:00,0.0049,0.405,3.7,66.0,9.6,0.06532,0.05732
2025-05-25T01:45:00,0.0,0.5287,0.0,69.4,10.9,0.05821,0.05021
2025-05-25T02:00:00,0.0,0.4151,0.0,56.2,9.2,0.07181,0.06381
2025-05-25T02:15:00,0.0047,0.5379,3.3,46.7,10.0,0.06227,0.05427
2025-05-25T02:30:00,0.0,0.6006,0.0,64.5,10.3,0.06091,0.05291
2025-05-25T02:45:00,0.0,0.463,0.0,69.7,9.9,0.06261,0.05461
2025-05-25T03:00:00,0.0138,0.516,10.0,55.6,10.2,0.06025,0.05225
2025-05-25T03:15:00,0.0,0.4742,0.0,55.0,10.2,0.06377,0.05577
2025-05-25T03:30:00,0.0124,0.4743,9.3,49.6,8.4,0.07258,0.06458
2025-05-25T03:45:00,0.0103,0.443,7.3,61.3,10.2,0.06991,0.06191
2025-05-25T04:00:00,0.0189,0.5185,13.7,56.2,11.1,0.07371,0.06571
2025-05-25T04:15:00,0.0,0.4822,0.0,63.0,10.6,0.07437,0.06637
2025-05-25T04:30:00,0.0227,0.4866,17.1,57.6,11.5,0.06121,0.05321
2025-05-25T04:45:00,0.0593,0.3806,45.9,50.1,10.0,0.06986,0.06186
2025-05-25T05:00:00,0.1285,0.4917,94.6,47.1,11.9,0.07684,0.06884
2025-05-25T05:15:00,0.095,0.5277,68.1,59.9,11.0,0.08304,0.07504
2025-05-25T05:30:00,0.1043,0.5562,74.0,62.4,11.6,0.06402,0.05602
2025-05-25T05:45:00,0.2086,0.5707,154.6,60.6,10.6,0.06689,0.05889
2025-05-25T06:00:00,0.1794,0.6797,132.5,69.2,11.5,0.08138,0.07338
2025-05-25T06:15:00,0.2668,0.8552,198.4,63.3,12.5,0.08108,0.07308
2025-05-25T06:30:00,0.218,0.8338,169.7,69.4,12.3,0.08211,0.07411
2025-05-25T06:45:00,0.2453,0.8048,184.4,63.6,12.4,0.09501,0.08701
2025-05-25T07:00:00,0.3312,0.8544,246.0,59.5,14.0,0.0932,0.0852
2025-05-25T07:15:00,0.345,0.9906,252.7,62.4,12.9,0.08902,0.08102
2025-05-25T07:30:00,0.3588,1.0285,261.1,58.7,13.1,0.10515,0.09715
2025-05-25T07:45:00,0.4102,0.9942,304.4,53.0,14.6,0.10786,0.09986
2025-05-25T08:00:00,0.4555,0.9838,331.5,52.7,12.8,0.11095,0.10295
2025-05-25T08:15:00,0.4261,0.8734,331.5,65.1,14.3,0.11104,0.10304
2025-05-25T08:30:00,0.5117,0.8708,376.6,56.4,15.1,0.10333,0.09533
2025-05-25T08:45:00,0.5105,0.7856,378.0,58.8,13.5,0.09606,0.08806
2025-05-25T09:00:00,0.5465,0.5844,382.0,59.1,15.0,0.08759,0.07959
2025-05-25T09:15:00,0.5187,0.7063,390.9,57.6,15.8,0.07523,0.06723
2025-05-25T09:30:00,0.5172,0.6146,368.6,62.0,14.5,0.07513,0.06713
2025-05-25T09:45:00,0.489,0.449,362.7,66.8,16.4,0.07638,0.06838
2025-05-25T10:00:00,0.6035,0.503,443.6,63.4,16.1,0.06778,0.05978
2025-05-25T10:15:00,0.6483,0.4835,474.3,53.7,16.4,0.0697,0.0617
2025-05-25T10:30:00,0.7111,0.4002,511.5,48.2,17.1,0.05159,0.04359
2025-05-25T10:45:00,0.6483,0.4141,503.0,55.4,18.1,0.03738,0.02938
2025-05-25T11:00:00,0.574,0.4968,452.2,58.4,18.1,0.04808,0.04008
2025-05-25T11:15:00,0.6604,0.4039,469.2,56.4,17.6,0.04559,0.03759
2025-05-25T11:30:00,0.7225,0.4301,520.6,53.3,18.7,0.02977,0.02177
2025-05-25T11:45:00,0.5881,0.4133,418.4,67.8,18.2,0.02452,0.01652
2025-05-25T12:00:00,0.7044,0.3936,525.6,51.7,17.9,0.03241,0.02441
2025-05-25T12:15:00,0.7095,0.4128,503.1,57.6,18.7,0.03386,0.02586
2025-05-25T12:30:00,0.553,0.4551,434.6,66.4,19.5,0.0221,0.0141
2025-05-25T12:45:00,0.6269,0.4288,497.3,56.3,20.8,0.0258,0.0178
2025-05-25T13:00:00,0.6594,0.3784,527.1,52.5,18.4,0.02303,0.01503
2025-05-25T13:15:00,0.6982,0.4718,497.4,56.6,21.5,0.02095,0.01295
2025-05-25T13:30:00,0.5967,0.4067,438.6,63.2,19.4,0.02091,0.01291
2025-05-25T13:45:00,0.6475,0.3424,471.0,56.1,20.1,0.03046,0.02246
2025-05-25T14:00:00,0.5188,0.4525,389.4,65.7,19.0,0.02916,0.02116
2025-05-25T14:15:00,0.5347,0.4992,407.6,64.6,19.5,0.02948,0.02148
2025-05-25T14:30:00,0.6006,0.4264,437.2,57.0,20.0,0.02076,0.01276
2025-05-25T14:45:00,0.5667,0.493,433.2,54.0,20.9,0.04839,0.04039
2025-05-25T15:00:00,0.5594,0.4843,415.9,52.6,20.9,0.03592,0.02792
2025-05-25T15:15:00,0.5763,0.4289,425.9,47.6,21.3,0.04375,0.03575
2025-05-25T15:30:00,0.5606,0.4914,394.3,52.9,22.3,0.04147,0.03347
2025-05-25T15:45:00,0.4336,0.4268,309.5,62.2,21.8,0.05387,0.04587
2025-05-25T16:00:00,0.4357,0.5029,318.4,62.9,20.1,0.04707,0.03907
2025-05-25T16:15:00,0.4377,0.4392,320.3,53.6,20.0,0.06061,0.05261
2025-05-25T16:30:00,0.3334,0.5473,261.2,69.0,19.2,0.06373,0.05573
2025-05-25T16:45:00,0.3695,0.6014,265.9,59.8,20.7,0.07524,0.06724
2025-05-25T17:00:00,0.2842,0.7114,207.0,63.6,20.3,0.0693,0.0613
2025-05-25T17:15:00,0.322,0.7119,233.5,51.2,18.4,0.07787,0.06987
2025-05-25T17:30:00,0.2895,0.7874,214.9,56.0,19.3,0.08656,0.07856
2025-05-25T17:45:00,0.2373,1.0309,176.1,64.6,18.6,0.10641,0.09841
2025-05-25T18:00:00,0.2492,0.9643,180.0,55.0,19.4,0.09246,0.08446
2025-05-25T18:15:00,0.1876,1.0859,139.5,64.4,18.0,0.10879,0.10079
2025-05-25T18:30:00,0.1571,1.1581,118.7,54.2,18.0,0.10903,0.10103
2025-05-25T18:45:00,0.1077,1.1229,79.2,54.3,18.1,0.11938,0.11138
2025-05-25T19:00:00,0.1009,1.2634,74.5,56.3,18.3,0.12505,0.11705
2025-05-25T19:15:00,0.0603,1.3685,45.4,65.7,17.3,0.12449,0.11649
2025-05-25T19:30:00,0.0336,1.4106,26.0,61.1,17.3,0.1261,0.1181
2025-05-25T19:45:00,0.0091,1.3203,6.5,54.9,15.9,0.12561,0.11761
2025-05-25T20:00:00,0.0037,1.34,2.9,64.7,16.6,0.11861,0.11061
2025-05-25T20:15:00,0.0,1.1584,0.0,50.0,16.0,0.11743,0.10943
2025-05-25T20:30:00,0.0202,1.1362,14.9,46.1,16.8,0.10482,0.09682
2025-05-25T20:45:00,0.0212,1.1083,15.7,58.3,14.1,0.10718,0.09918
2025-05-25T21:00:00,0.021,0.9562,15.6,52.0,16.0,0.09928,0.09128
2025-05-25T21:15:00,0.0083,0.8765,6.2,57.5,15.0,0.09656,0.08856
2025-05-25T21:30:00,0.0,0.763,0.0,55.4,13.9,0.09673,0.08873
2025-05-25T21:45:00,0.0,0.8125,0.0,57.9,14.9,0.08956,0.08156
2025-05-25T22:00:00,0.0,0.6725,0.0,48.4,13.9,0.08545,0.07745
2025-05-25T22:15:00,0.0,0.617,0.0,53.7,15.0,0.08507,0.07707
2025-05-25T22:30:00,0.0,0.6124,0.0,68.7,13.7,0.06174,0.05374
2025-05-25T22:45:00,0.0,0.4844,0.0,48.4,12.6,0.07514,0.06714
2025-05-25T23:00:00,0.0214,0.5523,16.1,50.1,14.3,0.0704,0.0624
2025-05-25T23:15:00,0.0119,0.3963,8.3,47.4,13.2,0.06834,0.06034
2025-05-25T23:30:00,0.0,0.444,0.0,55.2,12.1,0.0602,0.0522
2025-05-25T23:45:00,0.0,0.5156,0.0,55.9,11.8,0.06996,0.06196
2025-05-26T00:00:00,0.0016,0.2075,1.2,54.2,11.0,0.07162,0.06362
2025-05-26T00:15:00,0.0,0.2328,0.0,57.7,11.0,0.07093,0.06293
2025-05-26T00:30:00,0.0,0.3114,0.0,46.3,11.9,0.06455,0.05655
2025-05-26T00:45:00,0.0246,0.3812,17.7,48.5,11.3,0.0687,0.0607
2025-05-26T01:00:00,0.0,0.3721,0.0,58.6,10.4,0.07032,0.06232
2025-05-26T01:15:00,0.0,0.3715,0.0,56.3,10.1,0.07548,0.06748
2025-05-26T01:30:00,0.0233,0.2807,16.1,53.6,11.2,0.07206,0.06406
2025-05-26T01:45:00,0.0476,0.3101,34.8,56.5,11.2,0.06585,0.05785
2025-05-26T02:00:00,0.0025,0.3275,1.8,50.5,9.8,0.06558,0.05758
2025-05-26T02:15:00,0.0286,0.3709,21.2,51.6,11.1,0.06599,0.05799
2025-05-26T02:30:00,0.0,0.3428,0.0,46.6,9.6,0.06634,0.05834
2025-05-26T02:45:00,0.0,0.3083,0.0,67.0,9.0,0.0622,0.0542
2025-05-26T03:00:00,0.0008,0.2851,0.5,62.8,9.3,0.06948,0.06148
2025-05-26T03:15:00,0.0,0.3559,0.0,48.1,10.5,0.06112,0.05312
2025-05-26T03:30:00,0.0076,0.3408,5.3,52.4,9.9,0.06055,0.05255
2025-05-26T03:45:00,0.0068,0.2822,5.0,50.1,11.7,0.06727,0.05927
2025-05-26T04:00:00,0.0223,0.3558,16.8,65.5,9.2,0.06213,0.05413
2025-05-26T04:15:00,0.0207,0.3237,15.5,51.5,10.1,0.06431,0.05631
2025-05-26T04:30:00,0.0072,0.4519,5.2,45.7,11.1,0.05431,0.04631
2025-05-26T04:45:00,0.061,0.3101,45.3,49.2,10.2,0.07151,0.06351
2025-05-26T05:00:00,0.0759,0.3576,57.3,55.6,10.1,0.06807,0.06007
2025-05-26T05:15:00,0.1127,0.4186,82.5,46.7,12.0,0.06901,0.06101
2025-05-26T05:30:00,0.1349,0.3869,100.1,57.8,10.7,0.07462,0.06662
2025-05-26T05:45:00,0.1841,0.4506,131.0,65.7,12.4,0.07609,0.06809
2025-05-26T06:00:00,0.2115,0.4956,159.3,56.7,12.0,0.07451,0.06651
2025-05-26T06:15:00,0.2823,0.5958,198.4,62.9,12.1,0.09428,0.08628
2025-05-26T06:30:00,0.3132,0.6855,223.7,54.4,13.0,0.085,0.077
2025-05-26T06:45:00,0.3195,0.903,227.0,53.0,12.2,0.09815,0.09015
2025-05-26T07:00:00,0.3068,0.9098,220.8,63.2,12.4,0.10789,0.09989
2025-05-26T07:15:00,0.384,0.773,268.6,51.7,13.8,0.0981,0.0901
2025-05-26T07:30:00,0.4222,0.8112,308.9,53.5,14.7,0.10539,0.09739
2025-05-26T07:45:00,0.4388,0.9277,328.8,52.7,13.4,0.10192,0.09392
2025-05-26T08:00:00,0.4207,0.7904,326.5,59.2,14.9,0.11266,0.10466
2025-05-26T08:15:00,0.4189,0.7902,299.6,63.4,15.4,0.10294,0.09494
2025-05-26T08:30:00,0.5638,0.714,402.5,46.3,13.6,0.09501,0.08701
2025-05-26T08:45:00,0.4762,0.7243,345.8,63.1,15.3,0.10376,0.09576
2025-05-26T09:00:00,0.6273,0.6678,462.7,49.9,14.7,0.09521,0.08721
2025-05-26T09:15:00,0.5783,0.5684,417.5,53.6,15.6,0.07784,0.06984
2025-05-26T09:30:00,0.5578,0.4576,405.6,62.1,16.1,0.08234,0.07434
2025-05-26T09:45:00,0.563,0.4254,427.3,58.4,15.3,0.06935,0.06135
2025-05-26T10:00:00,0.7173,0.386,506.9,47.0,18.0,0.07675,0.06875
2025-05-26T10:15:00,0.6483,0.3538,478.0,53.8,17.2,0.06449,0.05649
2025-05-26T10:30:00,0.7226,0.2309,534.9,49.4,18.2,0.04554,0.03754
2025-05-26T10:45:00,0.7682,0.2874,558.6,49.0,16.9,0.04185,0.03385
2025-05-26T11:00:00,0.6991,0.2232,488.4,56.4,18.6,0.03364,0.02564
2025-05-26T11:15:00,0.6452,0.3133,483.0,58.9,18.3,0.03526,0.02726
2025-05-26T11:30:00,0.7463,0.3398,551.8,45.3,18.9,0.03115,0.02315
2025-05-26T11:45:00,0.6728,0.3403,501.9,55.5,19.2,0.03199,0.02399
2025-05-26T12:00:00,0.5984,0.2439,453.4,60.3,19.1,0.02569,0.01769
2025-05-26T12:15:00,0.5712,0.3584,445.3,65.2,18.8,0.01474,0.00674
2025-05-26T12:30:00,0.7293,0.2297,525.7,53.9,17.5,0.01703,0.00903
2025-05-26T12:45:00,0.6553,0.3201,492.0,56.5,20.1,0.02887,0.02087
2025-05-26T13:00:00,0.7325,0.2929,532.0,50.1,20.3,0.02708,0.01908
2025-05-26T13:15:00,0.6619,0.2919,463.3,59.7,20.1,0.01983,0.01183
2025-05-26T13:30:00,0.7261,0.3478,531.6,47.7,20.7,0.02084,0.01284
2025-05-26T13:45:00,0.5478,0.362,402.7,65.2,19.9,0.02207,0.01407
2025-05-26T14:00:00,0.6665,0.2588,501.5,50.7,19.8,0.02509,0.01709
2025-05-26T14:15:00,0.5686,0.2935,417.0,58.8,21.6,0.01773,0.00973
2025-05-26T14:30:00,0.5784,0.3016,442.1,54.3,20.5,0.03525,0.02725
2025-05-26T14:45:00,0.5556,0.3372,430.0,55.4,21.3,0.02948,0.02148
2025-05-26T15:00:00,0.5371,0.2092,406.3,54.1,19.4,0.0375,0.0295
2025-05-26T15:15:00,0.5446,0.2308,400.7,50.8,21.4,0.02586,0.01786
2025-05-26T15:30:00,0.5456,0.462,407.1,47.1,20.9,0.0456,0.0376
2025-05-26T15:45:00,0.4037,0.385,299.4,62.7,20.0,0.0561,0.0481
2025-05-26T16:00:00,0.3908,0.3617,294.7,59.5,20.7,0.04009,0.03209
2025-05-26T16:15:00,0.4933,0.3832,373.7,40.9,20.0,0.06635,0.05835
2025-05-26T16:30:00,0.4373,0.4154,316.4,51.2,21.5,0.06548,0.05748
2025-05-26T16:45:00,0.4476,0.4004,320.8,48.9,21.5,0.06407,0.05607
2025-05-26T17:00:00,0.401,0.503,286.0,45.1,20.7,0.06508,0.05708
2025-05-26T17:15:00,0.3036,0.5893,218.4,62.9,19.0,0.08708,0.07908
2025-05-26T17:30:00,0.3108,0.6404,229.5,51.0,19.0,0.08846,0.08046
2025-05-26T17:45:00,0.2298,0.7215,184.7,55.5,18.6,0.09705,0.08905
2025-05-26T18:00:00,0.1867,0.8096,138.3,67.7,20.2,0.09874,0.09074
2025-05-26T18:15:00,0.2027,1.1163,145.2,60.4,18.1,0.10207,0.09407
2025-05-26T18:30:00,0.1599,1.0747,123.8,50.6,18.6,0.11738,0.10938
2025-05-26T18:45:00,0.175,1.0247,136.7,46.6,20.5,0.11182,0.10382
2025-05-26T19:00:00,0.0971,1.1324,71.3,57.5,17.7,0.12622,0.11822
2025-05-26T19:15:00,0.0794,1.2079,59.6,47.7,17.9,0.11391,0.10591
2025-05-26T19:30:00,0.0543,1.1679,40.8,57.4,19.0,0.11913,0.11113
2025-05-26T19:45:00,0.0136,1.2317,9.7,53.7,16.9,0.11555,0.10755
2025-05-26T20:00:00,0.0,1.2789,0.0,55.9,18.0,0.12937,0.12137
2025-05-26T20:15:00,0.0,0.9686,0.0,57.0,16.4,0.10853,0.10053
2025-05-26T20:30:00,0.0133,1.1,10.0,61.0,15.4,0.10769,0.09969
2025-05-26T20:45:00,0.0068,0.9533,5.1,57.7,15.2,0.11292,0.10492
2025-05-26T21:00:00,0.0,0.7809,0.0,55.9,15.1,0.10492,0.09692
2025-05-26T21:15:00,0.0193,0.7237,14.2,46.3,16.3,0.11052,0.10252
2025-05-26T21:30:00,0.0038,0.5326,2.7,51.2,16.1,0.103,0.095
2025-05-26T21:45:00,0.0,0.5294,0.0,44.5,15.3,0.09085,0.08285
2025-05-26T22:00:00,0.0,0.6456,0.0,57.3,12.5,0.08665,0.07865
2025-05-26T22:15:00,0.0207,0.4201,15.2,49.6,13.6,0.06822,0.06022
2025-05-26T22:30:00,0.0,0.3128,0.0,55.0,14.3,0.07028,0.06228
2025-05-26T22:45:00,0.0067,0.4262,4.8,49.8,13.6,0.07074,0.06274
2025-05-26T23:00:00,0.0061,0.4582,4.7,47.5,14.0,0.06946,0.06146
2025-05-26T23:15:00,0.0,0.4539,0.0,56.0,12.1,0.06096,0.05296
2025-05-26T23:30:00,0.0,0.2643,0.0,45.8,11.1,0.06229,0.05429
2025-05-26T23:45:00,0.0,0.2944,0.0,55.8,12.1,0.0619,0.0539
2025-05-27T00:00:00,0.0007,0.3127,0.5,84.5,11.5,0.07109,0.06309
2025-05-27T00:15:00,0.0,0.3581,0.0,61.7,11.0,0.06744,0.05944
2025-05-27T00:30:00,0.0,0.271,0.0,70.4,10.4,0.06309,0.05509
2025-05-27T00:45:00,0.0044,0.3692,3.3,65.3,10.0,0.06342,0.05542
2025-05-27T01:00:00,0.0093,0.3954,6.9,70.4,10.7,0.06667,0.05867
2025-05-27T01:15:00,0.0011,0.3187,0.8,76.5,10.4,0.061,0.053
2025-05-27T01:30:00,0.0169,0.3577,13.1,70.9,10.7,0.06349,0.05549
2025-05-27T01:45:00,0.014,0.4214,10.2,69.8,9.6,0.05512,0.04712
2025-05-27T02:00:00,0.0,0.3114,0.0,74.4,11.0,0.06884,0.06084
2025-05-27T02:15:00,0.0,0.397,0.0,65.9,10.0,0.07052,0.06252
2025-05-27T02:30:00,0.0,0.3052,0.0,72.6,9.5,0.06708,0.05908
2025-05-27T02:45:00,0.0069,0.3373,5.0,73.4,8.9,0.06775,0.05975
2025-05-27T03:00:00,0.0373,0.3321,27.7,76.9,9.0,0.06712,0.05912
2025-05-27T03:15:00,0.0,0.316,0.0,67.0,9.6,0.07677,0.06877
2025-05-27T03:30:00,0.0416,0.3611,31.2,68.2,9.0,0.06627,0.05827
2025-05-27T03:45:00,0.0,0.3548,0.0,80.6,9.3,0.05761,0.04961
2025-05-27T04:00:00,0.0117,0.3397,8.8,66.6,10.0,0.05936,0.05136
2025-05-27T04:15:00,0.0045,0.3557,3.3,68.2,10.3,0.06977,0.06177
2025-05-27T04:30:00,0.0249,0.3918,18.0,71.1,9.7,0.07229,0.06429
2025-05-27T04:45:00,0.0516,0.3033,40.0,73.3,10.4,0.07136,0.06336
2025-05-27T05:00:00,0.0938,0.3332,68.0,57.8,10.5,0.0729,0.0649
2025-05-27T05:15:00,0.1101,0.4205,77.0,63.2,10.3,0.07078,0.06278
2025-05-27T05:30:00,0.1247,0.4993,94.4,57.7,12.2,0.0634,0.0554
2025-05-27T05:45:00,0.1422,0.4628,103.2,68.1,11.2,0.0708,0.0628
2025-05-27T06:00:00,0.2498,0.6084,178.9,57.5,12.8,0.06811,0.06011
2025-05-27T06:15:00,0.207,0.619,158.4,68.5,11.2,0.08057,0.07257
2025-05-27T06:30:00,0.2381,0.6985,173.8,66.5,11.6,0.07974,0.07174
2025-05-27T06:45:00,0.2262,0.8083,162.3,72.4,12.5,0.09314,0.08514
2025-05-27T07:00:00,0.3038,0.8242,227.8,63.6,13.7,0.09645,0.08845
2025-05-27T07:15:00,0.2294,0.8328,166.5,79.8,12.8,0.09049,0.08249
2025-05-27T07:30:00,0.2879,0.9005,210.1,78.0,13.8,0.10912,0.10112
2025-05-27T07:45:00,0.39,0.8607,279.5,64.6,15.4,0.11107,0.10307
2025-05-27T08:00:00,0.3583,0.7792,270.9,73.9,13.4,0.09878,0.09078
2025-05-27T08:15:00,0.4298,0.6215,311.1,68.3,14.1,0.10586,0.09786
2025-05-27T08:30:00,0.3565,0.7884,248.2,79.4,13.2,0.10566,0.09766
2025-05-27T08:45:00,0.3708,0.5971,286.7,72.1,15.0,0.09484,0.08684
2025-05-27T09:00:00,0.4405,0.5729,318.0,78.0,13.7,0.09525,0.08725
2025-05-27T09:15:00,0.5355,0.5228,373.0,67.2,15.1,0.08448,0.07648
2025-05-27T09:30:00,0.4431,0.3561,320.3,72.2,15.4,0.0823,0.0743
2025-05-27T09:45:00,0.4723,0.4491,340.3,73.1,16.2,0.06997,0.06197
2025-05-27T10:00:00,0.517,0.4319,373.3,70.1,15.5,0.06105,0.05305
2025-05-27T10:15:00,0.5334,0.3158,402.0,68.4,16.4,0.05854,0.05054
2025-05-27T10:30:00,0.4928,0.3372,380.3,73.4,15.8,0.05431,0.04631
2025-05-27T10:45:00,0.5516,0.4491,418.0,69.8,17.7,0.04605,0.03805
2025-05-27T11:00:00,0.544,0.2458,401.0,67.8,17.7,0.03744,0.02944
2025-05-27T11:15:00,0.5811,0.2436,422.7,70.8,17.6,0.03146,0.02346
2025-05-27T11:30:00,0.5617,0.2955,421.1,69.7,19.1,0.03037,0.02237
2025-05-27T11:45:00,0.5724,0.2935,409.4,75.3,17.7,0.02624,0.01824
2025-05-27T12:00:00,0.5368,0.2419,382.2,75.8,19.5,0.02826,0.02026
2025-05-27T12:15:00,0.599,0.3034,447.9,66.8,19.4,0.02611,0.01811
2025-05-27T12:30:00,0.6079,0.268,450.7,64.4,19.0,0.02322,0.01522
2025-05-27T12:45:00,0.5304,0.3748,421.4,66.8,18.2,0.02283,0.01483
2025-05-27T13:00:00,0.5345,0.3715,395.3,72.0,19.3,0.02354,0.01554
2025-05-27T13:15:00,0.5631,0.4036,413.1,68.9,19.0,0.03186,0.02386
2025-05-27T13:30:00,0.6328,0.4165,437.5,64.1,20.1,0.03059,0.02259
2025-05-27T13:45:00,0.5023,0.2929,376.6,72.7,18.6,0.02166,0.01366
2025-05-27T14:00:00,0.5816,0.2728,411.0,62.7,21.5,0.02926,0.02126
2025-05-27T14:15:00,0.4656,0.3926,334.1,73.1,20.5,0.0272,0.0192
2025-05-27T14:30:00,0.4537,0.3659,328.2,74.0,20.3,0.03119,0.02319
2025-05-27T14:45:00,0.4775,0.3623,342.6,70.6,20.2,0.03332,0.02532
2025-05-27T15:00:00,0.4317,0.2499,308.4,76.6,18.4,0.03439,0.02639
2025-05-27T15:15:00,0.4904,0.3802,359.7,66.0,21.9,0.03367,0.02567
2025-05-27T15:30:00,0.4977,0.3734,355.0,63.2,19.0,0.03108,0.02308
2025-05-27T15:45:00,0.3245,0.2959,254.5,77.0,20.5,0.0505,0.0425
2025-05-27T16:00:00,0.3397,0.3997,248.7,73.2,18.9,0.06049,0.05249
2025-05-27T16:15:00,0.359,0.3716,262.2,62.4,17.5,0.05305,0.04505
2025-05-27T16:30:00,0.3814,0.4399,267.4,63.3,19.6,0.06621,0.05821
2025-05-27T16:45:00,0.2876,0.4914,207.3,72.7,19.9,0.06645,0.05845
2025-05-27T17:00:00,0.2591,0.4987,192.2,72.2,18.3,0.0761,0.0681
2025-05-27T17:15:00,0.3103,0.6009,232.0,58.3,19.6,0.07599,0.06799
2025-05-27T17:30:00,0.2497,0.641,187.5,58.7,19.1,0.08579,0.07779
2025-05-27T17:45:00,0.2033,0.7951,144.9,78.9,18.2,0.09312,0.08512
2025-05-27T18:00:00,0.1361,0.8553,102.0,73.7,18.0,0.0866,0.0786
2025-05-27T18:15:00,0.1336,1.0788,98.2,67.2,19.4,0.1079,0.0999
2025-05-27T18:30:00,0.1515,1.0031,118.0,67.4,16.9,0.11159,0.10359
2025-05-27T18:45:00,0.1087,1.0912,82.1,75.2,16.7,0.1029,0.0949
2025-05-27T19:00:00,0.0809,1.0695,60.9,71.5,17.9,0.12476,0.11676
2025-05-27T19:15:00,0.0413,1.1183,28.9,67.1,16.5,0.12321,0.11521
2025-05-27T19:30:00,0.0188,1.1834,13.8,70.7,16.8,0.12553,0.11753
2025-05-27T19:45:00,0.0046,1.2268,3.4,55.3,15.8,0.12586,0.11786
2025-05-27T20:00:00,0.0267,1.0556,19.8,70.5,16.5,0.11934,0.11134
2025-05-27T20:15:00,0.0196,1.0474,13.4,67.9,14.4,0.11222,0.10422
2025-05-27T20:30:00,0.0212,1.1115,15.7,66.5,15.4,0.11152,0.10352
2025-05-27T20:45:00,0.0,1.0452,0.0,58.4,16.2,0.10653,0.09853
2025-05-27T21:00:00,0.0034,0.8503,2.5,72.8,15.6,0.11634,0.10834
2025-05-27T21:15:00,0.005,0.8184,3.7,70.4,15.4,0.10851,0.10051
2025-05-27T21:30:00,0.055,0.6188,41.2,58.8,15.1,0.08949,0.08149
2025-05-27T21:45:00,0.0043,0.722,3.2,83.2,14.5,0.08477,0.07677
2025-05-27T22:00:00,0.0102,0.5519,7.1,73.1,13.7,0.08442,0.07642
2025-05-27T22:15:00,0.0305,0.5577,22.8,68.8,14.1,0.08183,0.07383
2025-05-27T22:30:00,0.0,0.4535,0.0,79.9,11.2,0.07119,0.06319
2025-05-27T22:45:00,0.0334,0.3964,25.3,72.9,11.8,0.06667,0.05867
2025-05-27T23:00:00,0.0,0.281,0.0,63.5,12.7,0.08156,0.07356
2025-05-27T23:15:00,0.0,0.3412,0.0,76.2,12.2,0.07483,0.06683
2025-05-27T23:30:00,0.0,0.5262,0.0,60.2,12.6,0.05847,0.05047
2025-05-27T23:45:00,0.0,0.3843,0.0,71.7,11.8,0.05636,0.04836
2025-05-28T00:00:00,0.013,0.3801,10.0,60.1,11.5,0.06005,0.05205
2025-05-28T00:15:00,0.0355,0.3373,26.7,59.3,11.1,0.06612,0.05812
2025-05-28T00:30:00,0.0,0.3412,0.0,56.8,12.3,0.06802,0.06002
2025-05-28T00:45:00,0.0,0.3995,0.0,53.8,11.0,0.06286,0.05486
2025-05-28T01:00:00,0.0059,0.2842,4.3,50.6,13.0,0.05545,0.04745
2025-05-28T01:15:00,0.0112,0.2913,8.5,63.1,11.3,0.06611,0.05811
2025-05-28T01:30:00,0.0,0.3648,0.0,57.2,10.2,0.06834,0.06034
2025-05-28T01:45:00,0.0,0.3578,0.0,64.6,12.0,0.06483,0.05683
2025-05-28T02:00:00,0.0,0.3201,0.0,52.4,10.3,0.06195,0.05395
2025-05-28T02:15:00,0.0,0.3608,0.0,51.9,10.7,0.06818,0.06018
2025-05-28T02:30:00,0.0089,0.3672,6.3,57.5,10.7,0.06451,0.05651
2025-05-28T02:45:00,0.0,0.3302,0.0,67.0,9.5,0.05832,0.05032
2025-05-28T03:00:00,0.0,0.3394,0.0,55.1,11.6,0.0654,0.0574
2025-05-28T03:15:00,0.0,0.3516,0.0,60.2,10.6,0.05734,0.04934
2025-05-28T03:30:00,0.0,0.3285,0.0,52.0,10.3,0.07054,0.06254
2025-05-28T03:45:00,0.0131,0.3354,9.0,52.9,10.2,0.06776,0.05976
2025-05-28T04:00:00,0.0,0.3611,0.0,55.3,11.1,0.0594,0.0514
2025-05-28T04:15:00,0.0552,0.2559,40.2,52.6,10.2,0.06674,0.05874
2025-05-28T04:30:00,0.0469,0.3374,34.4,64.3,11.4,0.07328,0.06528
2025-05-28T04:45:00,0.0455,0.3751,33.1,60.1,12.7,0.05424,0.04624
2025-05-28T05:00:00,0.0714,0.4102,52.3,60.4,12.2,0.06706,0.05906
2025-05-28T05:15:00,0.1045,0.459,80.9,58.9,11.9,0.0791,0.0711
2025-05-28T05:30:00,0.1765,0.4319,120.9,59.7,11.5,0.06265,0.05465
2025-05-28T05:45:00,0.1764,0.5716,129.5,65.4,11.2,0.07362,0.06562
2025-05-28T06:00:00,0.2311,0.6333,171.6,59.3,12.0,0.06987,0.06187
2025-05-28T06:15:00,0.2525,0.6435,189.7,55.1,12.9,0.08203,0.07403
2025-05-28T06:30:00,0.2275,0.6581,171.9,62.1,11.5,0.07309,0.06509
2025-05-28T06:45:00,0.3243,0.7539,238.0,57.6,13.0,0.08254,0.07454
2025-05-28T07:00:00,0.3238,0.8123,235.4,68.4,13.3,0.09358,0.08558
2025-05-28T07:15:00,0.3362,0.9261,256.6,60.3,12.6,0.10161,0.09361
2025-05-28T07:30:00,0.3556,0.8475,262.0,60.4,14.3,0.10599,0.09799
2025-05-28T07:45:00,0.4736,0.8868,361.2,49.3,14.2,0.10774,0.09974
2025-05-28T08:00:00,0.4944,0.7799,342.9,54.9,14.5,0.11166,0.10366
2025-05-28T08:15:00,0.4524,0.8631,320.1,59.5,12.3,0.1068,0.0988
2025-05-28T08:30:00,0.4428,0.6721,331.3,64.9,15.2,0.10296,0.09496
2025-05-28T08:45:00,0.6029,0.6171,441.7,44.9,15.0,0.08719,0.07919
2025-05-28T09:00:00,0.5522,0.616,401.9,59.9,14.6,0.08501,0.07701
2025-05-28T09:15:00,0.5233,0.5228,398.0,62.0,14.1,0.09671,0.08871
2025-05-28T09:30:00,0.5999,0.3253,423.2,58.6,16.0,0.08302,0.07502
2025-05-28T09:45:00,0.599,0.3994,433.9,62.1,17.0,0.06617,0.05817
2025-05-28T10:00:00,0.5456,0.4543,415.5,66.2,16.5,0.05745,0.04945
2025-05-28T10:15:00,0.6148,0.2195,458.9,55.5,15.8,0.05111,0.04311
2025-05-28T10:30:00,0.6635,0.3499,490.4,55.6,17.5,0.03566,0.02766
2025-05-28T10:45:00,0.6454,0.2158,486.1,58.7,18.5,0.04284,0.03484
2025-05-28T11:00:00,0.6378,0.2588,484.7,57.7,16.9,0.02302,0.01502
2025-05-28T11:15:00,0.5781,0.194,437.4,65.6,16.0,0.01924,0.01124
2025-05-28T11:30:00,0.6268,0.3549,482.9,59.1,19.1,0.02761,0.01961
2025-05-28T11:45:00,0.6976,0.3596,495.1,59.1,18.4,-0.00168,-0.00968
2025-05-28T12:00:00,0.599,0.3462,439.0,64.1,18.7,0.00909,0.00109
2025-05-28T12:15:00,0.6099,0.4796,475.5,60.3,19.9,-0.00605,-0.01405
2025-05-28T12:30:00,0.628,0.275,474.6,61.4,19.6,-0.00186,-0.00986
2025-05-28T12:45:00,0.6423,0.2967,472.8,62.0,18.8,0.00017,-0.00783
2025-05-28T13:00:00,0.6515,0.3534,474.6,59.0,19.6,-0.00181,-0.00981
2025-05-28T13:15:00,0.6567,0.2168,468.5,59.6,19.0,0.00171,-0.00629
2025-05-28T13:30:00,0.668,0.3011,487.6,57.6,20.7,-0.00259,-0.01059
2025-05-28T13:45:00,0.7277,0.2152,513.7,48.0,21.0,0.00336,-0.00464
2025-05-28T14:00:00,0.6882,0.3492,493.6,51.3,21.9,-0.00027,-0.00827
2025-05-28T14:15:00,0.5552,0.3548,403.8,61.7,20.6,0.00784,-0.00016
2025-05-28T14:30:00,0.6442,0.3204,477.9,48.6,19.3,0.00589,-0.00211
2025-05-28T14:45:00,0.5751,0.25,395.7,55.8,20.1,0.02235,0.01435
2025-05-28T15:00:00,0.581,0.1862,419.9,56.5,20.9,0.0156,0.0076
2025-05-28T15:15:00,0.4632,0.2647,340.4,69.8,20.1,0.03239,0.02439
2025-05-28T15:30:00,0.4457,0.3711,325.3,63.0,20.3,0.03114,0.02314
2025-05-28T15:45:00,0.4686,0.2644,339.4,56.2,21.3,0.0373,0.0293
2025-05-28T16:00:00,0.4797,0.3542,344.4,55.2,20.3,0.05178,0.04378
2025-05-28T16:15:00,0.3931,0.3568,287.3,64.6,18.8,0.05139,0.04339
2025-05-28T16:30:00,0.4054,0.5004,315.1,61.1,20.6,0.04574,0.03774
2025-05-28T16:45:00,0.3422,0.3998,248.0,65.7,21.0,0.06636,0.05836
2025-05-28T17:00:00,0.317,0.593,243.1,55.8,19.6,0.05299,0.04499
2025-05-28T17:15:00,0.3199,0.525,230.4,51.0,20.9,0.07873,0.07073
2025-05-28T17:30:00,0.2795,0.6426,199.4,55.2,20.7,0.08194,0.07394
2025-05-28T17:45:00,0.2237,0.8047,162.5,62.4,18.6,0.08325,0.07525
2025-05-28T18:00:00,0.2182,0.8303,159.8,57.9,20.0,0.09907,0.09107
2025-05-28T18:15:00,0.156,0.8524,116.7,61.4,18.6,0.10347,0.09547
2025-05-28T18:30:00,0.1539,0.9871,116.3,51.1,20.2,0.12322,0.11522
2025-05-28T18:45:00,0.1203,1.0941,93.2,51.3,19.3,0.11386,0.10586
2025-05-28T19:00:00,0.0892,1.1442,64.3,60.4,17.4,0.13191,0.12391
2025-05-28T19:15:00,0.0875,1.2322,62.6,54.2,17.8,0.13115,0.12315
2025-05-28T19:30:00,0.0501,1.2316,37.5,61.1,16.2,0.12038,0.11238
2025-05-28T19:45:00,0.0223,1.1918,16.0,48.9,18.3,0.11867,0.11067
2025-05-28T20:00:00,0.0164,1.197,11.8,59.1,15.6,0.12939,0.12139
2025-05-28T20:15:00,0.0,1.0406,0.0,57.2,16.2,0.11749,0.10949
2025-05-28T20:30:00,0.0,1.0039,0.0,62.0,15.7,0.11493,0.10693
2025-05-28T20:45:00,0.0,0.8343,0.0,65.1,14.7,0.1074,0.0994
2025-05-28T21:00:00,0.0,0.7969,0.0,60.9,16.1,0.09621,0.08821
2025-05-28T21:15:00,0.0286,0.7309,19.9,54.6,15.6,0.09554,0.08754
2025-05-28T21:30:00,0.0,0.5814,0.0,51.8,15.0,0.08655,0.07855
2025-05-28T21:45:00,0.0,0.6062,0.0,62.4,15.1,0.07802,0.07002
2025-05-28T22:00:00,0.0,0.6748,0.0,53.3,14.3,0.08076,0.07276
2025-05-28T22:15:00,0.0006,0.5807,0.5,54.4,15.3,0.08912,0.08112
2025-05-28T22:30:00,0.0329,0.4379,24.5,58.2,15.2,0.08478,0.07678
2025-05-28T22:45:00,0.0043,0.4516,3.2,70.8,13.9,0.07207,0.06407
2025-05-28T23:00:00,0.0258,0.3283,19.0,66.9,12.7,0.07111,0.06311
2025-05-28T23:15:00,0.0205,0.3968,14.9,66.9,12.7,0.07172,0.06372
2025-05-28T23:30:00,0.0128,0.3222,9.5,53.8,13.1,0.07555,0.06755
2025-05-28T23:45:00,0.0,0.3625,0.0,50.8,13.5,0.06848,0.06048
2025-05-29T00:00:00,0.0157,0.2794,11.8,29.7,13.0,0.06198,0.05398
2025-05-29T00:15:00,0.0,0.3828,0.0,23.3,11.5,0.06249,0.05449
2025-05-29T00:30:00,0.0,0.3791,0.0,34.1,14.4,0.07157,0.06357
2025-05-29T00:45:00,0.0036,0.405,2.7,26.1,12.0,0.08034,0.07234
2025-05-29T01:00:00,0.0,0.301,0.0,22.1,12.2,0.06109,0.05309
2025-05-29T01:15:00,0.0,0.2888,0.0,44.9,9.8,0.05259,0.04459
2025-05-29T01:30:00,0.0,0.3877,0.0,31.0,11.7,0.06965,0.06165
2025-05-29T01:45:00,0.0,0.3467,0.0,26.2,10.9,0.06437,0.05637
2025-05-29T02:00:00,0.0,0.3745,0.0,32.3,11.8,0.06565,0.05765
2025-05-29T02:15:00,0.0336,0.4213,23.7,28.8,11.4,0.0722,0.0642
2025-05-29T02:30:00,0.0331,0.2709,24.3,27.9,12.2,0.06523,0.05723
2025-05-29T02:45:00,0.0,0.3509,0.0,27.6,11.5,0.05692,0.04892
2025-05-29T03:00:00,0.0,0.3106,0.0,29.2,13.0,0.05313,0.04513
2025-05-29T03:15:00,0.0021,0.3134,1.6,22.7,12.6,0.06459,0.05659
2025-05-29T03:30:00,0.0,0.3574,0.0,35.1,11.0,0.05802,0.05002
2025-05-29T03:45:00,0.0125,0.3728,9.8,33.1,11.7,0.06676,0.05876
2025-05-29T04:00:00,0.0284,0.4272,20.0,28.6,11.8,0.05759,0.04959
2025-05-29T04:15:00,0.047,0.4089,34.0,30.4,12.1,0.0634,0.0554
2025-05-29T04:30:00,0.0515,0.4633,37.2,31.1,13.4,0.0572,0.0492
2025-05-29T04:45:00,0.1247,0.3881,90.3,30.7,12.9,0.06457,0.05657
2025-05-29T05:00:00,0.1493,0.2751,111.9,31.4,12.0,0.0652,0.0572
2025-05-29T05:15:00,0.1393,0.4311,101.1,42.7,12.4,0.07304,0.06504
2025-05-29T05:30:00,0.2149,0.3884,152.7,36.7,13.6,0.07973,0.07173
2025-05-29T05:45:00,0.2108,0.5182,153.6,39.8,12.4,0.07348,0.06548
2025-05-29T06:00:00,0.283,0.5908,212.1,34.3,12.9,0.07301,0.06501
2025-05-29T06:15:00,0.3216,0.641,228.0,33.6,12.9,0.09407,0.08607
2025-05-29T06:30:00,0.3656,0.8202,261.5,38.2,14.6,0.08923,0.08123
2025-05-29T06:45:00,0.4419,0.729,327.5,18.0,13.5,0.09559,0.08759
2025-05-29T07:00:00,0.5041,0.7822,353.8,32.6,13.1,0.10024,0.09224
2025-05-29T07:15:00,0.5413,0.8888,386.1,30.4,13.7,0.10932,0.10132
2025-05-29T07:30:00,0.4424,0.9016,323.3,44.3,13.6,0.10957,0.10157
2025-05-29T07:45:00,0.6135,0.9123,470.8,20.3,14.2,0.10898,0.10098
2025-05-29T08:00:00,0.624,0.8248,444.6,31.3,15.0,0.1091,0.1011
2025-05-29T08:15:00,0.6274,0.7849,477.7,28.2,16.2,0.09703,0.08903
2025-05-29T08:30:00,0.6917,0.7533,504.8,26.5,15.3,0.0943,0.0863
2025-05-29T08:45:00,0.6594,0.6514,508.3,37.1,16.6,0.09141,0.08341
2025-05-29T09:00:00,0.7726,0.5875,591.5,21.4,17.5,0.08539,0.07739
2025-05-29T09:15:00,0.7288,0.4716,529.3,36.7,16.2,0.07682,0.06882
2025-05-29T09:30:00,0.6395,0.3191,509.5,43.5,16.3,0.06995,0.06195
2025-05-29T09:45:00,0.8314,0.3889,600.4,33.5,17.4,0.05954,0.05154
2025-05-29T10:00:00,0.8618,0.4102,597.7,34.2,17.8,0.04827,0.04027
2025-05-29T10:15:00,0.8868,0.2911,643.9,29.1,16.1,0.03295,0.02495
2025-05-29T10:30:00,0.8432,0.2931,626.4,30.2,17.8,0.04001,0.03201
2025-05-29T10:45:00,0.8334,0.3993,631.9,33.0,18.6,0.03142,0.02342
2025-05-29T11:00:00,0.8432,0.3618,634.2,30.3,18.0,0.01614,0.00814
2025-05-29T11:15:00,0.8331,0.3369,595.2,39.5,18.8,0.01848,0.01048
2025-05-29T11:30:00,0.8847,0.2954,647.1,33.9,19.6,0.01259,0.00459
2025-05-29T11:45:00,0.992,0.2702,733.9,19.1,20.7,0.00606,-0.00194
2025-05-29T12:00:00,0.97,0.3094,684.8,31.8,20.8,-0.00927,-0.01727
2025-05-29T12:15:00,0.9458,0.1987,695.8,27.8,20.1,-0.0086,-0.0166
2025-05-29T12:30:00,0.8568,0.2674,636.2,34.6,20.9,-0.00726,-0.01526
2025-05-29T12:45:00,0.8785,0.4078,671.5,33.3,20.1,0.00461,-0.00339
2025-05-29T13:00:00,0.8918,0.342,639.5,30.8,21.9,-0.01067,-0.01867
2025-05-29T13:15:00,0.8499,0.2393,649.8,29.6,20.4,-0.00715,-0.01515
2025-05-29T13:30:00,0.9079,0.3258,665.1,26.2,21.3,-0.01037,-0.01837
2025-05-29T13:45:00,0.7744,0.3453,573.0,39.2,21.1,-0.00445,-0.01245
2025-05-29T14:00:00,0.949,0.2618,677.2,18.8,23.6,0.00355,-0.00445
2025-05-29T14:15:00,0.7191,0.3237,504.5,41.2,22.5,-0.00722,-0.01522
2025-05-29T14:30:00,0.8164,0.2177,568.7,29.5,22.2,-0.0075,-0.0155
2025-05-29T14:45:00,0.7445,0.2724,547.2,35.5,21.9,0.01822,0.01022
2025-05-29T15:00:00,0.6484,0.2698,490.7,40.2,21.8,0.01962,0.01162
2025-05-29T15:15:00,0.5676,0.4013,443.3,46.2,19.9,0.02124,0.01324
2025-05-29T15:30:00,0.6599,0.3126,455.0,39.8,20.4,0.03636,0.02836
2025-05-29T15:45:00,0.6148,0.3043,440.3,41.3,21.1,0.04227,0.03427
2025-05-29T16:00:00,0.5555,0.3166,411.7,32.6,21.6,0.02998,0.02198
2025-05-29T16:15:00,0.6398,0.3761,454.5,17.8,23.3,0.04782,0.03982
2025-05-29T16:30:00,0.4786,0.5248,359.8,32.2,20.8,0.06196,0.05396
2025-05-29T16:45:00,0.476,0.5035,343.0,35.7,21.1,0.05806,0.05006
2025-05-29T17:00:00,0.4272,0.5122,320.8,29.6,22.2,0.06718,0.05918
2025-05-29T17:15:00,0.436,0.5915,332.6,20.2,20.2,0.08198,0.07398
2025-05-29T17:30:00,0.3773,0.7432,279.4,29.4,20.6,0.08201,0.07401
2025-05-29T17:45:00,0.3457,0.6475,254.3,31.9,18.9,0.08382,0.07582
2025-05-29T18:00:00,0.3289,0.6611,234.2,30.9,21.5,0.09407,0.08607
2025-05-29T18:15:00,0.2103,0.9157,155.8,36.2,19.2,0.09703,0.08903
2025-05-29T18:30:00,0.2384,0.9727,165.8,35.9,19.2,0.11442,0.10642
2025-05-29T18:45:00,0.1901,1.0782,139.6,29.0,20.5,0.10595,0.09795
2025-05-29T19:00:00,0.1148,1.1775,84.4,28.0,18.0,0.12628,0.11828
2025-05-29T19:15:00,0.0616,1.0908,47.1,26.5,18.5,0.11301,0.10501
2025-05-29T19:30:00,0.0592,1.2619,43.5,37.5,18.0,0.12422,0.11622
2025-05-29T19:45:00,0.0,1.1857,0.0,36.7,18.5,0.11469,0.10669
2025-05-29T20:00:00,0.0073,1.0692,5.5,27.3,19.1,0.11964,0.11164
2025-05-29T20:15:00,0.0115,1.1117,8.5,23.8,17.9,0.12442,0.11642
2025-05-29T20:30:00,0.0,1.0035,0.0,29.1,17.4,0.12071,0.11271
2025-05-29T20:45:00,0.0,0.9873,0.0,29.9,16.9,0.11674,0.10874
2025-05-29T21:00:00,0.0299,0.7467,20.9,23.9,16.8,0.10288,0.09488
2025-05-29T21:15:00,0.0,0.689,0.0,37.6,15.5,0.09841,0.09041
2025-05-29T21:30:00,0.0223,0.8196,16.2,38.0,15.4,0.09367,0.08567
2025-05-29T21:45:00,0.0081,0.5622,5.9,31.5,14.6,0.09083,0.08283
2025-05-29T22:00:00,0.0,0.5546,0.0,27.5,16.3,0.08013,0.07213
2025-05-29T22:15:00,0.0,0.5583,0.0,19.0,14.5,0.08513,0.07713
2025-05-29T22:30:00,0.0,0.5416,0.0,29.9,14.4,0.07713,0.06913
2025-05-29T22:45:00,0.0,0.4692,0.0,33.4,15.1,0.07932,0.07132
2025-05-29T23:00:00,0.0,0.3349,0.0,32.2,13.9,0.07319,0.06519
2025-05-29T23:15:00,0.0148,0.3851,10.7,30.8,14.9,0.07276,0.06476
2025-05-29T23:30:00,0.0043,0.3818,3.3,29.3,13.7,0.0631,0.0551
2025-05-29T23:45:00,0.0,0.4191,0.0,32.4,12.8,0.06411,0.05611
